チーム名,背番号,選手名,投打
巨人,11,田中　将大,右右
巨人,15,(翁田)大勢,右右
巨人,17,西舘　勇陽,右右
巨人,19,山﨑　伊織,右左
巨人,20,戸郷　翔征,右右
巨人,26,今村　信貴,左左
巨人,28,高橋　礼,右右
巨人,29,F.グリフィン,左左
巨人,30,近藤　大亮,右右
巨人,31,赤星　優志,右右
巨人,33,K.ケラー,右右
巨人,36,馬場　皐輔,右右
巨人,41,中川　皓太,左左
巨人,45,田中　瑛斗,右左
巨人,46,又木　鉄平,左左
巨人,47,森田　駿哉,左左
巨人,48,田中　千晴,右右
巨人,49,A.バルドナード,左左
巨人,53,高梨　雄平,左左
巨人,57,宮原　駿介,左左
巨人,58,船迫　大雅,右左
巨人,62,横川　凱,左左
巨人,63,泉　圭輔,右右
巨人,64,山田　龍聖,左左
巨人,64,大江　竜聖,左左
巨人,65,石川　達也,左右
巨人,66,平内　龍太,右右
巨人,68,菊地　大稀,右左
巨人,90,石田　充冴,右右
巨人,91,堀田　賢慎,右右
巨人,92,R.マルティネス,右左
巨人,95,戸田　懐生,右右
巨人,97,井上　温大,左左
巨人,99,京本　眞,右右
巨人,10,甲斐　拓也,右右
巨人,22,小林　誠司,右右
巨人,24,大城　卓三,右左
巨人,27,岸田　行倫,右右
巨人,37,郡　拓也,右右
巨人,67,山瀬　慎之助,右右
巨人,94,喜多　隆介,右右
巨人,00,湯浅　大,右右
巨人,0,増田　大輝,右右
巨人,2,吉川　尚輝,右左
巨人,5,門脇　誠,右左
巨人,6,坂本　勇人,右右
巨人,23,石塚　裕惺,右右
巨人,25,岡本　和真,右右
巨人,32,浦田　俊輔,右左
巨人,35,泉口　友汰,右左
巨人,40,中山　礼都,右左
巨人,52,(砂川)リチャード,右右
巨人,55,秋広　優人,右左
巨人,60,荒巻　悠,右左
巨人,61,増田　陸,右右
巨人,7,長野　久義,右右
巨人,8,丸　佳浩,右左
巨人,12,萩尾　匡也,右右
巨人,13,T.キャベッジ,右左
巨人,38,岡田　悠希,右左
巨人,39,M.フルプ,右右
巨人,42,E.ヘルナンデス,右右
巨人,43,重信　慎之介,右左
巨人,44,佐々木　俊輔,右左
巨人,50,オコエ　瑠偉,右右
巨人,51,浅野　翔吾,右右
巨人,54,乙坂　智,右左
巨人,59,若林　楽人,右右
巨人,69,笹原　操希,右右
巨人,96,三塚　琉生,左左
巨人,98,鈴木　大和,右右
ヤクルト,11,P.アビラ,右右
ヤクルト,12,石山　泰稚,右右
ヤクルト,15,中村　優斗,右左
ヤクルト,17,清水　昇,右左
ヤクルト,18,奥川　恭伸,右右
ヤクルト,19,石川　雅規,左左
ヤクルト,20,木澤　尚文,右右
ヤクルト,21,吉村　貢司郎,右右
ヤクルト,24,星　知弥,右右
ヤクルト,26,山野　太一,左左
ヤクルト,28,松本　健吾,右右
ヤクルト,29,小川　泰弘,右右
ヤクルト,30,荘司　宏太,左左
ヤクルト,34,田口　麗斗,左左
ヤクルト,35,石原　勇輝,左左
ヤクルト,39,P.ランバート,右右
ヤクルト,40,高梨　裕稔,右右
ヤクルト,41,矢崎(加藤)　拓也,右右
ヤクルト,43,山本　大貴,左左
ヤクルト,44,大西　広樹,右右
ヤクルト,45,小澤　怜史,右左
ヤクルト,47,高橋　奎二,左左
ヤクルト,48,金久保　優斗,右左
ヤクルト,49,山下　輝,左左
ヤクルト,52,原　樹理,右右
ヤクルト,53,長谷川　宙輝,左左
ヤクルト,56,坂本　拓己,左左
ヤクルト,58,M.バウマン,右右
ヤクルト,61,宮川　哲,右右
ヤクルト,62,竹山　日向,右右
ヤクルト,66,阪口　皓亮,右左
ヤクルト,68,丸山　翔大,右左
ヤクルト,69,下川　隼佑,右右
ヤクルト,71,沼田　翔平,右右
ヤクルト,99,青柳　晃洋,右右
ヤクルト,2,古賀　優大,右右
ヤクルト,27,中村　悠平,右右
ヤクルト,32,松本　直樹,右右
ヤクルト,33,内山　壮真,右右
ヤクルト,57,矢野　泰二郎,右右
ヤクルト,65,鈴木　叶,右右
ヤクルト,90,中川　拓真,右右
ヤクルト,93,橋本　星哉,右左
ヤクルト,00,赤羽　由紘,右右
ヤクルト,1,山田　哲人,右右
ヤクルト,5,川端　慎吾,右左
ヤクルト,7,長岡　秀樹,右左
ヤクルト,8,茂木　栄五郎,右左
ヤクルト,10,宮本　丈,右左
ヤクルト,13,J.オスナ,右右
ヤクルト,36,西村　瑠伊斗,右左
ヤクルト,37,山野辺　翔,右右
ヤクルト,38,北村　拓己,右右
ヤクルト,50,北村　恵吾,右右
ヤクルト,54,田中　陽翔,右左
ヤクルト,55,村上　宗隆,右左
ヤクルト,60,武岡　龍世,右左
ヤクルト,67,伊藤　琉偉,右右
ヤクルト,0,並木　秀尊,右右
ヤクルト,3,西川　遙輝,右左
ヤクルト,4,丸山　和郁,左左
ヤクルト,9,塩見　泰隆,右右
ヤクルト,25,D.サンタナ,右右
ヤクルト,31,モイセエフ　ニキータ,左左
ヤクルト,42,澤井　廉,左左
ヤクルト,46,太田　賢吾,右左
ヤクルト,51,濱田　太貴,右右
ヤクルト,63,増田　珠,右右
ヤクルト,64,岩田　幸宏,左左
横浜DeNA,11,東　克樹,左左
横浜DeNA,12,竹田　祐,右右
横浜DeNA,13,伊勢　大夢,右右
横浜DeNA,14,石田　健大,左左
横浜DeNA,15,徳山　壮磨,右右
横浜DeNA,16,大貫　晋一,右右
横浜DeNA,17,三嶋　一輝,右両
横浜DeNA,18,小園　健太,右右
横浜DeNA,19,山﨑　康晃,右右
横浜DeNA,20,坂本　裕哉,左左
横浜DeNA,22,入江　大生,右右
横浜DeNA,24,吉野　光樹,右右
横浜DeNA,27,藤浪　晋太郎,右右
横浜DeNA,30,篠木　健太郎,右左
横浜DeNA,34,松本　凌人,右右
横浜DeNA,35,橋本　達弥,右右
横浜DeNA,36,森下　瑠大,左左
横浜DeNA,38,森　唯斗,右右
横浜DeNA,39,若松　尚輝,右右
横浜DeNA,40,松本　隆之介,左左
横浜DeNA,41,佐々木　千隼,右右
横浜DeNA,42,A.ジャクソン,右右
横浜DeNA,45,森原　康平,右左
横浜DeNA,46,坂口　翔颯,右右
横浜DeNA,48,京山　将弥,右右
横浜DeNA,52,浜地　真澄,右右
横浜DeNA,53,(中川)颯,右左
横浜DeNA,54,石田　裕太郎,右右
横浜DeNA,59,平良　拳太郎,右右
横浜DeNA,62,R.ウィック,右左
横浜DeNA,64,中川　虎大,右右
横浜DeNA,65,宮城　滝太,右右
横浜DeNA,68,岩田　将貴,左左
横浜DeNA,69,A.ケイ,左左
横浜DeNA,91,庄司　陽斗,左左
横浜DeNA,92,堀岡　隼人,右右
横浜DeNA,93,J.ディアス,左左
横浜DeNA,96,T.バウアー,右右
横浜DeNA,98,H.マルセリーノ,右右
横浜DeNA,5,松尾　汐恩,右右
横浜DeNA,10,戸柱　恭孝,右左
横浜DeNA,29,伊藤　光,右右
横浜DeNA,32,益子　京右,右右
横浜DeNA,50,山本　祐大,右右
横浜DeNA,57,東妻　純平,右右
横浜DeNA,95,九鬼　隆平,右右
横浜DeNA,00,林　琢真,右左
横浜DeNA,2,牧　秀悟,右右
横浜DeNA,3,T.オースティン,右右
横浜DeNA,6,森　敬斗,右左
横浜DeNA,9,京田　陽太,右左
横浜DeNA,26,三森　大貴,右左
横浜DeNA,31,柴田　竜拓,右左
横浜DeNA,37,加藤　響,右右
横浜DeNA,44,石上　泰輝,右左
横浜DeNA,51,宮﨑　敏郎,右右
横浜DeNA,55,井上　絢登,右左
横浜DeNA,56,田内　真翔,右右
横浜DeNA,60,知野　直人,右右
横浜DeNA,66,D.ビシエド,右右
横浜DeNA,99,M.フォード,右左
横浜DeNA,1,桑原　将志,右右
横浜DeNA,4,度会　隆輝,右左
横浜DeNA,7,佐野　恵太,右左
横浜DeNA,8,神里　和毅,右左
横浜DeNA,25,筒香　嘉智,右左
横浜DeNA,28,勝又　温史,右左
横浜DeNA,33,武田　陸玖,左左
横浜DeNA,58,梶原　昂希,右左
横浜DeNA,61,蝦名　達夫,右右
横浜DeNA,63,関根　大気,左左
中日,11,岡田　俊哉,左左
中日,13,橋本　侑樹,左左
中日,14,草加　勝,右右
中日,16,岩嵜　翔,右右
中日,17,柳　裕也,右右
中日,18,梅津　晃大,右右
中日,19,髙橋　宏斗,右右
中日,20,涌井　秀章,右右
中日,21,金丸　夢斗,左左
中日,22,大野　雄大,左左
中日,26,仲地　礼亜,右右
中日,28,森　博人,右右
中日,29,松木平　優太,右右
中日,30,根尾　昂,右左
中日,32,伊藤　茉央,右左
中日,33,祖父江　大輔,右左
中日,34,福　敬登,左左
中日,36,福田　幸之介,左左
中日,38,松葉　貴大,左左
中日,41,勝野　昌慶,右右
中日,46,梅野　雄吾,右右
中日,47,吉田　聖弥,左左
中日,48,土生　翔太,右右
中日,50,清水　達也,右右
中日,52,Y.マルテ,右右
中日,54,藤嶋　健人,右右
中日,59,齋藤　綱記,左左
中日,61,高橋　幸佑,左左
中日,64,有馬　恵叶,右右
中日,69,三浦　瑞樹,左右
中日,70,近藤　廉,左左
中日,90,松山　晋也,右右
中日,91,H.メヒア,右右
中日,93,K.マラー,左右
中日,94,N.ウォルターズ,右右
中日,9,石伊　雄太,右右
中日,35,木下　拓哉,右右
中日,39,宇佐見　真吾,右左
中日,43,味谷　大誠,右左
中日,49,加藤　匠馬,右右
中日,57,山浅　龍之介,右左
中日,58,石橋　康太,右右
中日,0,辻本　倫太郎,右右
中日,2,田中　幹也,右右
中日,3,高橋　周平,右左
中日,4,O.カリステ,右右
中日,5,村松　開人,右左
中日,6,中田　翔,右右
中日,7,福永　裕基,右右
中日,23,M.チェイビス,右右
中日,25,石川　昂弥,右右
中日,27,津田　啓史,右右
中日,31,森　駿太,右左
中日,45,土田　龍空,右左
中日,60,山本　泰寛,右右
中日,63,板山　祐太郎,右左
中日,65,佐藤　龍世,右右
中日,95,C.ロドリゲス,右右
中日,97,樋口　正修,右左
中日,00,尾田　剛樹,左左
中日,1,岡林　勇希,右左
中日,8,大島　洋平,左左
中日,24,J.ボスラー,右左
中日,37,濱　将乃介,右左
中日,42,ブライト　健太,右右
中日,44,川越　誠司,左左
中日,51,上林　誠知,右左
中日,53,(後藤)駿太,右左
中日,55,細川　成也,右右
中日,66,鵜飼　航丞,右右
阪神,00,J.ゲラ,右左
阪神,13,岩崎　優,左左
阪神,14,岩貞　祐太,左左
阪神,15,西　純矢,右右
阪神,16,西　勇輝,右右
阪神,18,伊原　陵人,左左
阪神,19,下村　海翔,右右
阪神,20,J.デュプランティエ,右左
阪神,24,工藤　泰成,右左
阪神,26,椎葉　剛,右右
阪神,27,伊藤　将司,左左
阪神,28,今朝丸　裕喜,右右
阪神,29,髙橋　遥人,左左
阪神,30,門別　啓人,左左
阪神,31,早川　太貴,右右
阪神,34,漆原　大晟,右左
阪神,35,才木　浩人,右右
阪神,36,畠　世周,右左
阪神,37,及川　雅貴,左左
阪神,41,村上　頌樹,右左
阪神,42,N.ネルソン,右右
阪神,46,島本　浩也,左左
阪神,47,桐敷　拓馬,左左
阪神,48,茨木　秀俊,右右
阪神,49,大竹　耕太郎,左左
阪神,50,富田　蓮,左左
阪神,54,木下　里都,右右
阪神,63,石黒　佑弥,右右
阪神,64,岡留　英貴,右右
阪神,65,湯浅　京己,右右
阪神,66,津田　淳哉,右右
阪神,69,石井　大智,右右
阪神,82,G.ハートウィグ,右右
阪神,85,R.ドリス,右右
阪神,92,川原　陸,左左
阪神,98,佐藤　蓮,右右
阪神,99,J.ビーズリー,右右
阪神,2,梅野　隆太郎,右右
阪神,12,坂本　誠志郎,右右
阪神,39,榮枝　裕貴,右右
阪神,43,町田　隼乙,右右
阪神,57,長坂　拳弥,右右
阪神,59,藤田　健斗,右右
阪神,68,中川　勇斗,右右
阪神,0,木浪　聖也,右左
阪神,3,大山　悠輔,右右
阪神,4,熊谷　敬宥,右右
阪神,8,佐藤　輝明,右左
阪神,25,渡邉　諒,右右
阪神,33,糸原　健斗,右左
阪神,38,小幡　竜平,右左
阪神,44,戸井　零士,右右
阪神,45,佐野　大陽,右右
阪神,51,中野　拓夢,右左
阪神,52,山田　脩也,右右
阪神,56,百﨑　蒼生,右右
阪神,62,植田　海,右右
阪神,67,髙寺　望夢,右左
阪神,94,原口　文仁,右右
阪神,95,R.ヘルナンデス,右右
阪神,1,森下　翔太,右右
阪神,5,近本　光司,左左
阪神,32,井上　広大,右右
阪神,40,井坪　陽生,右右
阪神,53,島田　海吏,右左
阪神,55,楠本　泰史,右左
阪神,58,前川　右京,左左
阪神,60,小野寺　暖,右右
阪神,61,豊田　寛,右右
阪神,97,野口　恭佑,右右
広島,12,大道　温貴,右右
広島,13,森浦　大輔,左左
広島,14,大瀬良　大地,右右
広島,16,森　翔平,左左
広島,17,常廣　羽也斗,右右
広島,18,森下　暢仁,右右
広島,19,床田　寛樹,左左
広島,20,栗林　良吏,右右
広島,21,中﨑　翔太,右右
広島,22,高　太一,左左
広島,24,黒原　拓未,左左
広島,26,益田　武尚,右右
広島,28,佐藤　柳之介,左左
広島,29,ケムナ　誠,右右
広島,30,滝田　一希,左左
広島,34,高橋　昂也,左左
広島,35,赤塚　健利,右右
広島,36,塹江　敦哉,左左
広島,39,長谷部　銀次,左左
広島,41,鈴木　健矢,右左
広島,42,J.ドミンゲス,右右
広島,43,島内　颯太郎,右右
広島,45,松本　竜也,右右
広島,46,河野　佳,右右
広島,47,斉藤　優汰,右左
広島,48,アドゥワ　誠,右右
広島,53,岡本　駿,右左
広島,65,玉村　昇悟,左左
広島,66,遠藤　淳志,右右
広島,67,菊地　ハルン,右右
広島,68,T.ハーン,左左
広島,70,日髙　暖己,右左
広島,98,辻　大雅,左左
広島,27,會澤　翼,右右
広島,31,坂倉　将吾,右左
広島,32,石原　貴規,右右
広島,40,磯村　嘉孝,右右
広島,57,持丸　泰輝,右左
広島,62,清水　叶人,右左
広島,64,髙木　翔斗,右右
広島,00,羽月　隆太郎,右左
広島,0,上本　崇司,右右
広島,2,田中　広輔,右左
広島,4,矢野　雅哉,右左
広島,5,小園　海斗,右左
広島,7,堂林　翔太,右右
広島,10,佐々木　泰,右右
広島,33,菊池　涼介,右右
広島,44,林　晃汰,右左
広島,49,渡邉　悠斗,右右
広島,54,韮澤　雄也,右左
広島,58,仲田　侑仁,右右
広島,63,内田　湘大,右右
広島,69,山足　達也,右右
広島,93,前川　誠太,右右
広島,94,佐藤　啓介,右左
広島,95,E.モンテロ,右右
広島,99,二俣　翔一,右右
広島,9,秋山　翔吾,右左
広島,37,野間　峻祥,右左
広島,38,宇草　孔基,右左
広島,50,中村　健人,右右
広島,52,末包　昇大,右右
広島,55,松山　竜平,右左
広島,56,久保　修,右右
広島,59,大盛　穂,右左
広島,60,田村　俊介,左左
広島,61,S.ファビアン,右右
広島,96,中村　奨成,右右
広島,97,中村　貴浩,右左
日本ハム,12,矢澤　宏太,左左
日本ハム,13,生田目　翼,右右
日本ハム,14,加藤　貴之,左左
日本ハム,15,北山　亘基,右右
日本ハム,16,達　孝太,右右
日本ハム,17,伊藤　大海,右左
日本ハム,18,山﨑　福也,左左
日本ハム,19,玉井　大翔,右右
日本ハム,20,上原　健太,左左
日本ハム,22,杉浦　稔大,右右
日本ハム,24,金村　尚真,右右
日本ハム,25,宮西　尚生,左左
日本ハム,26,田中　正義,右右
日本ハム,28,河野　竜生,左左
日本ハム,29,細野　晴希,左左
日本ハム,31,柴田　獅子,右左
日本ハム,32,藤田　琉生,左左
日本ハム,34,堀　瑞輝,左左
日本ハム,35,浅利　太門,右右
日本ハム,37,古林　睿煬,右右
日本ハム,40,福田　俊,左左
日本ハム,41,福谷　浩司,右右
日本ハム,42,A.ザバラ,右右
日本ハム,45,D.バーヘイゲン,右右
日本ハム,46,畔柳　亨丞,右右
日本ハム,48,齋藤　友貴哉,右左
日本ハム,51,石川　直也,右右
日本ハム,52,池田　隆英,右右
日本ハム,55,松浦　慶斗,左左
日本ハム,59,根本　悠楓,左左
日本ハム,62,清水　大暉,右右
日本ハム,63,山城　航太郎,右右
日本ハム,67,山本　拓実,右右
日本ハム,93,松岡　洸希,右右
日本ハム,94,福島　蓮,右右
日本ハム,95,柳川　大晟,右右
日本ハム,96,孫　易磊,右左
日本ハム,97,宮内　春輝,右右
日本ハム,2,A.マルティネス,右右
日本ハム,10,清水　優心,右右
日本ハム,23,伏見　寅威,右右
日本ハム,27,古川　裕大,右左
日本ハム,30,郡司　裕也,右右
日本ハム,33,進藤　勇也,右右
日本ハム,60,吉田　賢吾,右右
日本ハム,64,田宮　裕涼,右左
日本ハム,98,梅林　優貴,右右
日本ハム,4,上川畑　大悟,右左
日本ハム,5,野村　佑希,右右
日本ハム,9,中島　卓也,右左
日本ハム,21,清宮　幸太郎,右左
日本ハム,38,石井　一成,右左
日本ハム,39,有薗　直輝,右右
日本ハム,43,水野　達稀,右左
日本ハム,44,阪口　樂,右左
日本ハム,49,若林　晃弘,右両
日本ハム,54,山縣　秀,右右
日本ハム,56,細川　凌平,右左
日本ハム,58,奈良間　大己,右右
日本ハム,65,明瀬　諒介,右右
日本ハム,7,松本　剛,右右
日本ハム,8,淺間　大基,右左
日本ハム,36,宮崎　一樹,右右
日本ハム,50,五十幡　亮汰,右左
日本ハム,53,水谷　瞬,右右
日本ハム,61,今川　優馬,右右
日本ハム,66,万波　中正,右右
日本ハム,68,星野　ひので,右右
日本ハム,99,F.レイエス,右右
楽天,11,岸　孝之,右右
楽天,14,則本　昂大,右左
楽天,15,S.ハワード,右右
楽天,17,古謝　樹,左左
楽天,19,荘司　康誠,右右
楽天,20,N.ターリー,左左
楽天,21,早川　隆久,左左
楽天,22,小孫　竜二,右右
楽天,26,中込　陽翔,右右
楽天,28,酒居　知史,右右
楽天,29,德山　一翔,左左
楽天,31,渡辺　翔太,右右
楽天,38,弓削　隼人,左左
楽天,40,江原　雅裕,右右
楽天,41,加治屋　蓮,右右
楽天,43,宋　家豪,右左
楽天,45,松井　友飛,右右
楽天,46,藤平　尚真,右右
楽天,47,藤井　聖,左左
楽天,49,西垣　雅矢,右左
楽天,52,津留﨑　大成,右右
楽天,53,坂井　陽翔,右右
楽天,54,日當　直喜,右右
楽天,56,鈴木　翔天,左左
楽天,57,瀧中　瞭太,右右
楽天,58,辛島　航,左左
楽天,59,泰　勝利,左右
楽天,61,松田　啄磨,右右
楽天,62,西口　直人,右右
楽天,64,林　優樹,左左
楽天,66,今野　龍太,右右
楽天,67,大内　誠弥,右右
楽天,69,内　星龍,右左
楽天,71,柴田　大地,右右
楽天,72,宮森　智志,右右
楽天,89,M.ヤフーレ,右右
楽天,2,太田　光,右右
楽天,44,田中　貴也,右左
楽天,55,安田　悠馬,右左
楽天,65,堀内　謙伍,右左
楽天,70,石原　彪,右右
楽天,0,小深田　大翔,右左
楽天,1,宗山　塁,右左
楽天,3,浅村　栄斗,右右
楽天,4,阿部　寿樹,右右
楽天,6,村林　一輝,右右
楽天,7,鈴木　大地,右左
楽天,9,L.ボイト,右右
楽天,23,M.フランコ,右右
楽天,24,黒川　史陽,右左
楽天,34,山﨑　剛(幹史),右左
楽天,39,伊藤　裕季也,右右
楽天,42,山田　遙楓,右右
楽天,48,渡邊　佳明,右左
楽天,60,ワォーターズ璃海ジュミル,右右
楽天,63,入江　大樹,右右
楽天,68,青野　拓海,右右
楽天,73,小森　航大郎,右右
楽天,75,陽　柏翔,右左
楽天,82,辰見　鴻之介,右右
楽天,8,辰己　涼介,右左
楽天,12,O.ゴンザレス,右右
楽天,25,田中　和基,右両
楽天,27,岡島　豪郎,右左
楽天,32,中島　大輔,右左
楽天,35,島内　宏明,左左
楽天,36,吉納　翼,右左
楽天,50,武藤　 敦貴,左左
楽天,51,小郷　裕哉,右左
楽天,78,吉野　創士,右右
楽天,79,前田　銀治,右右
西武,11,上田　大河,右右
西武,12,渡邉　勇太朗,右右
西武,13,髙橋　光成,右右
西武,15,與座　海人,右右
西武,16,隅田　知一郎,左左
西武,17,松本　航,右右
西武,19,佐藤　隼輔,左左
西武,20,田村　伊知郎,右右
西武,21,武内　夏暉,左左
西武,23,糸川　亮太,右右
西武,25,平井　克典,右右
西武,29,青山　美夏人,右右
西武,34,甲斐野　央,右左
西武,36,山田　陽翔,右右
西武,41,成田　晴風,右右
西武,42,B.タカハシ,右右
西武,43,羽田　慎之介,左左
西武,45,T.ウィンゲンター,右右
西武,46,狩生　聖真,右右
西武,47,杉山　遥希,左左
西武,48,今井　達也,右右
西武,49,佐々木　健,左左
西武,52,篠原　響,右右
西武,54,黒木　優太,右左
西武,56,E.ラミレス,右右
西武,57,黒田　将矢,右右
西武,58,中村　祐太,右右
西武,61,平良　海馬,右左
西武,69,水上　由伸,右右
西武,70,豆田　泰志,右右
西武,71,菅井　信也,左左
西武,90,浜屋　将太,左左
西武,22,古賀　悠斗,右右
西武,27,炭谷　銀仁朗,右右
西武,37,柘植　世那,右右
西武,53,牧野　翔矢,右左
西武,64,龍山　暖,右右
西武,65,古市　尊,右右
西武,00,仲田　慶介,右両
西武,0,児玉　亮涼,右右
西武,2,齋藤　大翔,右右
西武,4,山野辺　翔,右右
西武,5,外崎　修汰,右右
西武,6,源田　壮亮,右左
西武,10,J.D.デービス,右右
西武,10,佐藤　龍世,右右
西武,30,元山　飛優,右左
西武,32,山村　崇嘉,右左
西武,38,佐藤　太陽,右左
西武,39,平沢　大河,右左
西武,40,L.セデーニョ,右右
西武,50,髙松　渡,右左
西武,59,古賀　輝希,右左
西武,60,中村　剛也,右右
西武,62,滝澤　夏央,右左
西武,66,渡部　健人,右右
西武,67,野村　大樹,右右
西武,99,村田　怜音,右右
西武,1,栗山　巧,右左
西武,8,渡部　聖弥,右右
西武,9,蛭間　拓哉,左左
西武,26,T.ネビン,右右
西武,31,平沼　翔太,右左
西武,33,古川　雄大,右右
西武,35,松原　聖弥,右左
西武,44,林　冠臣,右右
西武,51,西川　愛也,右左
西武,55,仲三河　優太,右左
西武,63,長谷川　信哉,右右
西武,68,岸　潤一郎,右右
西武,73,(日隈)モンテル,右右
西武,75,奥村　光一,右右
ロッテ,11,澤村　拓一,右右
ロッテ,12,石川　歩,右右
ロッテ,14,小島　和哉,左左
ロッテ,15,美馬　学,右左
ロッテ,16,種市　篤暉,右右
ロッテ,18,二木　康太,右右
ロッテ,19,唐川　侑己,右右
ロッテ,21,石川　柊太,右右
ロッテ,24,東妻　勇輔,右右
ロッテ,28,菊地　吏玖,右左
ロッテ,29,西野　勇士,右右
ロッテ,30,廣畑　敦也,右右
ロッテ,31,大谷　輝龍,右右
ロッテ,33,八木　彬,右右
ロッテ,34,高野　脩汰,左左
ロッテ,35,田中　晴也,右左
ロッテ,36,坂本　光士郎,左左
ロッテ,37,小野　郁,右右
ロッテ,40,西村　天裕,右右
ロッテ,41,一條　力真,右右
ロッテ,42,B.サモンズ,左左
ロッテ,46,岩下　大輝,右右
ロッテ,47,鈴木　昭汰,左左
ロッテ,48,中村　稔弥,左左
ロッテ,52,益田　直也,右右
ロッテ,53,木村　優人,右左
ロッテ,54,A.ボス,右右
ロッテ,56,中森　俊介,右右
ロッテ,58,河村　説人,右右
ロッテ,59,早坂　響,右右
ロッテ,60,横山　陸人,右右
ロッテ,62,坂井　遼,右右
ロッテ,64,廣池　康志郎,右右
ロッテ,66,澤田　圭佑,右左
ロッテ,91,吉川　悠斗,左左
ロッテ,92,国吉　佑樹,右右
ロッテ,97,T.ゲレーロ,右右
ロッテ,2,松川　虎生,右右
ロッテ,27,田村　龍弘,右右
ロッテ,32,佐藤　都志也,右左
ロッテ,45,植田　将太,右右
ロッテ,55,柿沼　友哉,右右
ロッテ,65,寺地　隆成,右左
ロッテ,00,池田　来翔,右右
ロッテ,4,友杉　篤輝,右右
ロッテ,5,安田　尚憲,右左
ロッテ,7,藤岡　裕大,右左
ロッテ,8,中村　奨吾,右右
ロッテ,10,上田　希由翔,右左
ロッテ,39,大下　誠一郎,右右
ロッテ,43,石垣　雅海,右右
ロッテ,44,宮崎　竜成,右左
ロッテ,49,立松　由宇,右左
ロッテ,57,小川　龍成,右左
ロッテ,67,茶谷　健太,右右
ロッテ,68,金田　優太,右左
ロッテ,99,N.ソト,右右
ロッテ,0,荻野　貴司,右右
ロッテ,1,藤原　恭大,左左
ロッテ,3,角中　勝也,右左
ロッテ,6,西川　史礁,右右
ロッテ,22,G.ポランコ,左左
ロッテ,23,石川　慎吾,右右
ロッテ,25,岡　大海,右右
ロッテ,38,髙部　瑛斗,右左
ロッテ,50,(武田)愛斗,右右
ロッテ,51,山口　航輝,右右
ロッテ,61,山本　大斗,右右
ロッテ,63,和田　康志朗,左左
ロッテ,69,S.アセベド,右右
オリックス,00,A.エスピノーザ,右右
オリックス,11,山下　舜平大,右右
オリックス,12,東　晃平,右右
オリックス,13,寺西　成騎,右右
オリックス,14,宇田川　優希,右右
オリックス,15,椋木　蓮,右右
オリックス,16,平野　佳寿,右右
オリックス,17,曽谷　龍平,左左
オリックス,18,宮城　大弥,左左
オリックス,19,山岡　泰輔,右左
オリックス,20,阿部　翔太,右左
オリックス,21,山﨑　颯一郎,右右
オリックス,22,九里　亜蓮,右右
オリックス,23,吉田　輝星,右右
オリックス,26,齋藤　響介,右右
オリックス,28,富山　凌雅,左左
オリックス,29,田嶋　大樹,左左
オリックス,35,古田島　成龍,右右
オリックス,40,岩嵜　翔,右右
オリックス,42,A.マチャド,右右
オリックス,45,東山　玲士,右右
オリックス,46,本田　仁海,右左
オリックス,47,山口　廉王,右右
オリックス,48,東松　快征,左左
オリックス,49,片山　楽生,右右
オリックス,52,横山　楓,右両
オリックス,56,小木田　敦也,右右
オリックス,57,山田　修義,左左
オリックス,58,井口　和朋,右右
オリックス,59,L.ペルドモ,右右
オリックス,60,本田　圭佑,右右
オリックス,66,(鈴木)博志,右右
オリックス,68,入山　海斗,右右
オリックス,93,佐藤　一磨,左左
オリックス,94,川瀬　堅斗,右右
オリックス,95,才木　海翔,右右
オリックス,96,高島　泰都,右右
オリックス,98,権田　琉成,右右
オリックス,2,若月　健矢,右右
オリックス,4,森　友哉,右左
オリックス,32,福永　奨,右右
オリックス,37,石川　亮,右右
オリックス,44,頓宮　裕真,右右
オリックス,50,山中　稜真,右左
オリックス,62,堀　柊那,右右
オリックス,5,西野　真弘,右左
オリックス,6,宗　佑磨,右左
オリックス,9,野口　智哉,右左
オリックス,10,大城　滉二,右右
オリックス,24,紅林　弘太郎,右右
オリックス,25,内藤　鵬,右右
オリックス,30,廣岡　大志,右右
オリックス,31,太田　椋,右右
オリックス,34,横山　聖哉,右左
オリックス,54,J.ディアス,右右
オリックス,64,大里　昂生,右左
オリックス,67,中川　圭太,右右
オリックス,0,渡部　遼人,左左
オリックス,7,西川　龍馬,右左
オリックス,8,麦谷　祐介,右左
オリックス,27,元　謙太,右右
オリックス,33,杉澤　龍,右左
オリックス,36,E.オリバレス,右右
オリックス,38,来田　涼斗,右左
オリックス,39,池田　陵真,右右
オリックス,41,佐野　皓大,右右
オリックス,61,茶野　篤政,右左
オリックス,65,福田　周平,右左
オリックス,99,杉本　裕太郎,右右
ソフトバンク,2,C.スチュワート,右右
ソフトバンク,10,上沢　直之,右右
ソフトバンク,11,津森　宥紀,右右
ソフトバンク,13,濵口　遥大,左左
ソフトバンク,14,又吉　克樹,右右
ソフトバンク,16,東浜　巨,右右
ソフトバンク,17,有原　航平,右右
ソフトバンク,18,武田　翔太,右右
ソフトバンク,20,村上　泰斗,右右
ソフトバンク,26,大津　亮介,右左
ソフトバンク,27,岩井　俊介,右右
ソフトバンク,28,安德　駿,右右
ソフトバンク,29,大江　竜聖,左左
ソフトバンク,34,村田　賢一,右右
ソフトバンク,35,L.モイネロ,左左
ソフトバンク,39,尾形　崇斗,右左
ソフトバンク,40,杉山　一樹,右右
ソフトバンク,41,前田　悠伍,左左
ソフトバンク,42,伊藤　優輔,右右
ソフトバンク,47,大関　友久,左左
ソフトバンク,48,藤井　皓哉,右左
ソフトバンク,49,松本　晴,左左
ソフトバンク,50,板東　湧梧,右右
ソフトバンク,51,前田　純,左左
ソフトバンク,53,大山　凌,右右
ソフトバンク,54,R.オスナ,右右
ソフトバンク,56,田浦　文丸,左左
ソフトバンク,58,木村　大成,左左
ソフトバンク,59,長谷川　威展,左左
ソフトバンク,60,大野　稼頭央,左左
ソフトバンク,63,D.ヘルナンデス,左左
ソフトバンク,64,上茶谷　大河,右右
ソフトバンク,66,松本　裕樹,右左
ソフトバンク,68,木村　光,右左
ソフトバンク,69,岩崎　峻典,右右
ソフトバンク,85,宮﨑　颯,左左
ソフトバンク,95,川口　冬弥,右右
ソフトバンク,00,渡邉　陸,右左
ソフトバンク,12,嶺井　博希,右右
ソフトバンク,22,牧原　巧汰,右左
ソフトバンク,45,谷川原　健太,右左
ソフトバンク,55,石塚　綜一郎,右右
ソフトバンク,62,海野　隆司,右右
ソフトバンク,65,藤田　悠太郎,右右
ソフトバンク,0,川瀬　晃,右左
ソフトバンク,4,J.ダウンズ,右右
ソフトバンク,5,山川　穂高,右右
ソフトバンク,6,今宮　健太,右右
ソフトバンク,8,牧原　大成,右左
ソフトバンク,23,周東　佑京,右左
ソフトバンク,24,栗原　陵矢,右左
ソフトバンク,25,庄子　雄大,右左
ソフトバンク,33,廣瀬　隆太,右右
ソフトバンク,36,イヒネ　イツア,右左
ソフトバンク,43,井上　朋也,右右
ソフトバンク,46,宇野　真仁朗,右右
ソフトバンク,52,秋広　優人,右左
ソフトバンク,52,(砂川)リチャード,右右
ソフトバンク,67,石見　颯真,右左
ソフトバンク,99,野村　勇,右右
ソフトバンク,3,近藤　健介,右左
ソフトバンク,7,中村　晃,左左
ソフトバンク,9,柳田　悠岐,右左
ソフトバンク,30,佐藤　直樹,右右
ソフトバンク,31,正木　智也,右右
ソフトバンク,32,柳町　達,右左
ソフトバンク,44,笹川　吉康,左左
ソフトバンク,57,緒方　理貢,右左
ソフトバンク,61,川村　友斗,右左
ソフトバンク,77,山本　恵大,右左
