season_id,day_id,team_id,opponent_team_id,stadium_id,home_away,starter_hand,starter_name,team_avg_runs_7d,opp_avg_runs_7d,opp_starter_era,target_runs,
2025,2025/3/28,ヤクルト,巨人,東京ドーム,Away,R,戸郷,0,0,0,5,
2025,2025/3/28,巨人,ヤクルト,東京ドーム,Home,R,奥川,0,0,0,6,
2025,2025/3/28,中日,ＤｅＮＡ,横浜,Away,L,東,0,0,0,0,
2025,2025/3/28,ＤｅＮＡ,中日,横浜,Home,R,高橋宏,0,0,0,5,
2025,2025/3/28,阪神,広島,マツダスタジアム,Away,R,森下,0,0,0,4,
2025,2025/3/28,広島,阪神,マツダスタジアム,Home,R,村上,0,0,0,0,
2025,2025/3/28,日本ハム,西武,ベルーナドーム,Away,R,今井,0,0,0,2,
2025,2025/3/28,西武,日本ハム,ベルーナドーム,Home,R,金村,0,0,0,0,
2025,2025/3/28,楽天,オリックス,京セラドーム大阪,Away,L,宮城,0,0,0,2,
2025,2025/3/28,オリックス,楽天,京セラドーム大阪,Home,L,早川,0,0,0,3,
2025,2025/3/28,ロッテ,ソフトバンク,みずほペイペイドーム,Away,R,有原,0,0,0,8,
2025,2025/3/28,ソフトバンク,ロッテ,みずほペイペイドーム,Home,L,小島,0,0,0,2,
2025,2025/3/29,ヤクルト,巨人,東京ドーム,Away,R,赤星,5,6,0,0,
2025,2025/3/29,巨人,ヤクルト,東京ドーム,Home,R,吉村,6,5,0,12,
2025,2025/3/29,中日,ＤｅＮＡ,横浜,Away,R,バウアー,0,5,0,1,
2025,2025/3/29,ＤｅＮＡ,中日,横浜,Home,L,松葉,5,0,0,0,
2025,2025/3/29,阪神,広島,マツダスタジアム,Away,L,床田,4,0,0,3,
2025,2025/3/29,広島,阪神,マツダスタジアム,Home,L,富田,0,4,0,2,
2025,2025/3/29,日本ハム,西武,ベルーナドーム,Away,R,渡辺,2,0,0,3,
2025,2025/3/29,西武,日本ハム,ベルーナドーム,Home,L,加藤貴,0,2,0,2,
2025,2025/3/29,楽天,オリックス,京セラドーム大阪,Away,R,九里,2,3,0,5,
2025,2025/3/29,オリックス,楽天,京セラドーム大阪,Home,L,古謝,3,2,0,4,
2025,2025/3/29,ロッテ,ソフトバンク,みずほペイペイドーム,Away,L,大関,8,2,0,5,
2025,2025/3/29,ソフトバンク,ロッテ,みずほペイペイドーム,Home,R,ボス,2,8,0,4,
2025,2025/3/30,ヤクルト,巨人,東京ドーム,Away,L,石川,2.5,9,0,0,
2025,2025/3/30,巨人,ヤクルト,東京ドーム,Home,L,高橋,9,2.5,0,3,
2025,2025/3/30,中日,ＤｅＮＡ,横浜,Away,R,平良,0.5,2.5,0,1,
2025,2025/3/30,ＤｅＮＡ,中日,横浜,Home,R,メヒア,2.5,0.5,0,2,
2025,2025/3/30,阪神,広島,マツダスタジアム,Away,L,森,3.5,1,0,0,
2025,2025/3/30,広島,阪神,マツダスタジアム,Home,L,門別,1,3.5,0,2,
2025,2025/3/30,日本ハム,西武,ベルーナドーム,Away,R,高橋,2.5,1,0,7,
2025,2025/3/30,西武,日本ハム,ベルーナドーム,Home,R,バーヘイゲン,1,2.5,0,5,
2025,2025/3/30,楽天,オリックス,京セラドーム大阪,Away,R,高島,3.5,3.5,0,1,
2025,2025/3/30,オリックス,楽天,京セラドーム大阪,Home,L,辛島,3.5,3.5,0,6,
2025,2025/3/30,ロッテ,ソフトバンク,みずほペイペイドーム,Away,R,上沢,6.5,3,0,7,
2025,2025/3/30,ソフトバンク,ロッテ,みずほペイペイドーム,Home,R,種市,3,6.5,0,4,
2025,2025/4/1,巨人,中日,バンテリンドーム,Away,L,マラー,7,0.67,0,2,
2025,2025/4/1,中日,巨人,バンテリンドーム,Home,L,井上,0.67,7,0,3,
2025,2025/4/1,ＤｅＮＡ,阪神,京セラドーム大阪,Away,R,才木,2.33,2.33,0,7,
2025,2025/4/1,阪神,ＤｅＮＡ,京セラドーム大阪,Home,R,ジャクソン,2.33,2.33,0,1,
2025,2025/4/1,ソフトバンク,日本ハム,エスコンフィールド,Away,R,伊藤,3.33,4,0,5,
2025,2025/4/1,日本ハム,ソフトバンク,エスコンフィールド,Home,L,モイネロ,4,3.33,0,1,
2025,2025/4/2,広島,ヤクルト,神宮,Away,L,山野,1.33,1.67,0,4,
2025,2025/4/2,ヤクルト,広島,神宮,Home,R,大瀬良,1.67,1.33,0,5,
2025,2025/4/2,巨人,中日,バンテリンドーム,Away,R,柳,5.75,1.25,0,2,
2025,2025/4/2,中日,巨人,バンテリンドーム,Home,R,山崎,1.25,5.75,3.38,0,
2025,2025/4/2,ＤｅＮＡ,阪神,京セラドーム大阪,Away,R,ビーズリー,3.5,2,0,6,
2025,2025/4/2,阪神,ＤｅＮＡ,京セラドーム大阪,Home,R,大貫,2,3.5,0,6,
2025,2025/4/2,ソフトバンク,日本ハム,エスコンフィールド,Away,R,北山,3.75,3.25,0,1,
2025,2025/4/2,日本ハム,ソフトバンク,エスコンフィールド,Home,L,前田純,3.25,3.75,0,3,
2025,2025/4/2,オリックス,ロッテ,ＺＯＺＯマリン,Away,R,西野,4.33,6.67,0,3,
2025,2025/4/2,ロッテ,オリックス,ＺＯＺＯマリン,Home,L,曽谷,6.67,4.33,0,2,
2025,2025/4/3,広島,ヤクルト,神宮,Away,R,小川,2,2.5,0,0,
2025,2025/4/3,ヤクルト,広島,神宮,Home,L,玉村,2.5,2,0,3,
2025,2025/4/3,巨人,中日,バンテリンドーム,Away,L,大野,5,1,0,5,
2025,2025/4/3,中日,巨人,バンテリンドーム,Home,R,田中将,1,5,0,3,
2025,2025/4/3,ＤｅＮＡ,阪神,京セラドーム大阪,Away,R,デュプランティエ,4,2.8,0,5,
2025,2025/4/3,阪神,ＤｅＮＡ,京セラドーム大阪,Home,L,ケイ,2.8,4,0,2,
2025,2025/4/3,西武,楽天,楽天モバイルパーク,Away,R,岸,2.33,2.67,0,1,
2025,2025/4/3,楽天,西武,楽天モバイルパーク,Home,R,上田,2.67,2.33,0,4,
2025,2025/4/3,オリックス,ロッテ,ＺＯＺＯマリン,Away,R,石川柊,4,5.5,0,3,
2025,2025/4/3,ロッテ,オリックス,ＺＯＺＯマリン,Home,R,エスピノーザ,5.5,4,0,2,
2025,2025/4/4,阪神,巨人,東京ドーム,Away,R,戸郷,2.67,5,3.6,7,
2025,2025/4/4,巨人,阪神,東京ドーム,Home,R,村上,5,2.67,0,2,
2025,2025/4/4,中日,ヤクルト,神宮,Away,R,高梨裕,1.33,2.6,0,1,
2025,2025/4/4,ヤクルト,中日,神宮,Home,R,高橋宏,2.6,1.33,9,1,
2025,2025/4/4,ＤｅＮＡ,広島,マツダスタジアム,Away,R,森下,4.17,1.6,2.57,2,
2025,2025/4/4,広島,ＤｅＮＡ,マツダスタジアム,Home,R,石田裕,1.6,4.17,3.86,8,
2025,2025/4/4,オリックス,日本ハム,エスコンフィールド,Away,L,山崎,3.8,3.2,0.77,4,
2025,2025/4/4,日本ハム,オリックス,エスコンフィールド,Home,L,宮城,3.2,3.8,0.9,3,
2025,2025/4/4,楽天,ロッテ,ＺＯＺＯマリン,Away,R,田中晴,3,4.8,0,3,
2025,2025/4/4,ロッテ,楽天,ＺＯＺＯマリン,Home,L,早川,4.8,3,3,1,
2025,2025/4/4,西武,ソフトバンク,みずほペイペイドーム,Away,R,有原,2,3.2,9,6,
2025,2025/4/4,ソフトバンク,西武,みずほペイペイドーム,Home,R,今井,3.2,2,2,0,
2025,2025/4/5,阪神,巨人,東京ドーム,Away,R,赤星,3.17,4.33,0,4,
2025,2025/4/5,巨人,阪神,東京ドーム,Home,L,富田,4.33,3.17,2.25,3,
2025,2025/4/5,中日,ヤクルト,神宮,Away,R,ランバート,1.5,1.8,0,0,
2025,2025/4/5,ヤクルト,中日,神宮,Home,L,松葉,1.8,1.5,0,2,
2025,2025/4/5,ＤｅＮＡ,広島,マツダスタジアム,Away,L,床田,3.67,3.2,3.86,7,
2025,2025/4/5,広島,ＤｅＮＡ,マツダスタジアム,Home,L,東,3.2,3.67,0,8,
2025,2025/4/5,オリックス,日本ハム,エスコンフィールド,Away,R,金村,4,3.4,0,11,
2025,2025/4/5,日本ハム,オリックス,エスコンフィールド,Home,R,九里,3.4,4,3,1,
2025,2025/4/5,楽天,ロッテ,ＺＯＺＯマリン,Away,L,小島,3.25,3.4,2.25,0,
2025,2025/4/5,ロッテ,楽天,ＺＯＺＯマリン,Home,R,ヤフーレ,3.4,3.25,0,1,
2025,2025/4/5,西武,ソフトバンク,みずほペイペイドーム,Away,L,大関,3.5,2.8,5.4,6,
2025,2025/4/5,ソフトバンク,西武,みずほペイペイドーム,Home,L,隅田,2.8,3.5,0,3,
2025,2025/4/6,阪神,巨人,東京ドーム,Away,L,石川,3.33,2.83,0,1,
2025,2025/4/6,巨人,阪神,東京ドーム,Home,L,門別,2.83,3.33,4.15,0,
2025,2025/4/6,中日,ヤクルト,神宮,Away,R,奥川,1.33,2.2,0,6,
2025,2025/4/6,ヤクルト,中日,神宮,Home,R,メヒア,2.2,1.33,2.57,5,
2025,2025/4/6,ＤｅＮＡ,広島,マツダスタジアム,Away,L,森,4.83,4.4,0,6,
2025,2025/4/6,広島,ＤｅＮＡ,マツダスタジアム,Home,R,平良,4.4,4.83,1.29,7,
2025,2025/4/6,オリックス,日本ハム,エスコンフィールド,Away,R,バーヘイゲン,5.4,3,3.6,6,
2025,2025/4/6,日本ハム,オリックス,エスコンフィールド,Home,R,高島,3,5.4,1.8,4,
2025,2025/4/6,楽天,ロッテ,ＺＯＺＯマリン,Away,R,ボス,2,2.6,7.2,5,
2025,2025/4/6,ロッテ,楽天,ＺＯＺＯマリン,Home,L,古謝,2.6,2,0,0,
2025,2025/4/6,西武,ソフトバンク,みずほペイペイドーム,Away,R,上沢,4.5,2.6,4.05,1,
2025,2025/4/6,ソフトバンク,西武,みずほペイペイドーム,Home,R,渡辺,2.6,4.5,2.57,11,
2025,2025/4/8,巨人,ＤｅＮＡ,横浜,Away,R,ジャクソン,2.33,5.5,1.29,3,
2025,2025/4/8,ＤｅＮＡ,巨人,横浜,Home,L,井上,5.5,2.33,2.57,3,
2025,2025/4/8,広島,中日,岐阜,Away,L,マラー,5.4,2.17,1.8,1,
2025,2025/4/8,中日,広島,岐阜,Home,R,ドミンゲス,2.17,5.4,0,1,
2025,2025/4/8,ヤクルト,阪神,甲子園,Away,R,才木,3.2,3.5,6.35,1,
2025,2025/4/8,阪神,ヤクルト,甲子園,Home,L,高橋,3.5,3.2,8,0,
2025,2025/4/8,日本ハム,楽天,楽天モバイルパーク,Away,L,藤井聖,2.4,3,0,5,
2025,2025/4/8,楽天,日本ハム,楽天モバイルパーク,Home,R,伊藤,3,2.4,9,2,
2025,2025/4/8,ロッテ,西武,ベルーナドーム,Away,R,高橋,1.2,3.5,8,7,
2025,2025/4/8,西武,ロッテ,ベルーナドーム,Home,R,種市,3.5,1.2,1.5,3,
2025,2025/4/8,ソフトバンク,オリックス,京セラドーム大阪,Away,R,椋木,4,5.4,0,5,
2025,2025/4/8,オリックス,ソフトバンク,京セラドーム大阪,Home,L,モイネロ,5.4,4,1.29,2,
2025,2025/4/9,巨人,ＤｅＮＡ,横浜,Away,R,大貫,2.5,4.83,6.75,6,
2025,2025/4/9,ＤｅＮＡ,巨人,横浜,Home,R,山崎,4.83,2.5,2.61,3,
2025,2025/4/9,広島,中日,バンテリンドーム,Away,R,柳,4.67,1.83,3,1,
2025,2025/4/9,中日,広島,バンテリンドーム,Home,R,大瀬良,1.83,4.67,1.8,3,
2025,2025/4/9,ヤクルト,阪神,甲子園,Away,R,ビーズリー,2.83,3.33,5.06,5,
2025,2025/4/9,阪神,ヤクルト,甲子園,Home,L,石川雅,3.33,2.83,0,3,
2025,2025/4/9,日本ハム,楽天,楽天モバイルパーク,Away,L,辛島,3.2,2.8,16.2,8,
2025,2025/4/9,楽天,日本ハム,楽天モバイルパーク,Home,L,加藤貴,2.8,3.2,0,2,
2025,2025/4/9,ロッテ,西武,大宮,Away,L,菅井,2.17,3.4,0,0,
2025,2025/4/9,西武,ロッテ,大宮,Home,R,西野,3.4,2.17,1.5,2,
2025,2025/4/9,ソフトバンク,オリックス,京セラドーム大阪,Away,L,曽谷,4,4.83,0,10,
2025,2025/4/9,オリックス,ソフトバンク,京セラドーム大阪,Home,R,大津,4.83,4,0,9,
2025,2025/4/10,広島,中日,バンテリンドーム,Away,L,大野,4.17,2.33,3.6,2,
2025,2025/4/10,中日,広島,バンテリンドーム,Home,L,玉村,2.33,4.17,3.6,1,
2025,2025/4/10,日本ハム,楽天,楽天モバイルパーク,Away,R,岸,4.2,2.67,1.29,10,
2025,2025/4/10,楽天,日本ハム,楽天モバイルパーク,Home,R,北山,2.67,4.2,1.8,0,
2025,2025/4/10,ソフトバンク,オリックス,京セラドーム大阪,Away,R,エスピノーザ,5.8,5.83,3.38,1,
2025,2025/4/10,オリックス,ソフトバンク,京セラドーム大阪,Home,L,前田純,5.83,5.8,2.08,1,
2025,2025/4/11,中日,阪神,甲子園,Away,R,村上,2,3,0.57,3,
2025,2025/4/11,阪神,中日,甲子園,Home,R,高橋宏,3,2,3.46,6,
2025,2025/4/11,巨人,広島,マツダスタジアム,Away,R,森下,2.8,4.5,1.2,3,
2025,2025/4/11,広島,巨人,マツダスタジアム,Home,R,戸郷,4.5,2.8,5.62,12,
2025,2025/4/11,西武,日本ハム,エスコンフィールド,Away,L,山崎,3.6,5.17,1.88,0,
2025,2025/4/11,日本ハム,西武,エスコンフィールド,Home,R,今井,5.17,3.6,1.12,2,
2025,2025/4/11,オリックス,楽天,楽天モバイルパーク,Away,L,早川,5.5,2,2.08,4,
2025,2025/4/11,楽天,オリックス,楽天モバイルパーク,Home,L,田嶋,2,5.5,0,1,
2025,2025/4/11,ソフトバンク,ロッテ,ＺＯＺＯマリン,Away,R,石川柊,5,1.8,0,5,
2025,2025/4/11,ロッテ,ソフトバンク,ＺＯＺＯマリン,Home,R,有原,1.8,5,11.32,4,
2025,2025/4/12,ヤクルト,ＤｅＮＡ,横浜,Away,L,ケイ,3.25,4.75,0,4,
2025,2025/4/12,ＤｅＮＡ,ヤクルト,横浜,Home,R,ランバート,4.75,3.25,0,5,
2025,2025/4/12,中日,阪神,甲子園,Away,R,西勇,2.33,2.8,0,3,
2025,2025/4/12,阪神,中日,甲子園,Home,L,松葉,2.8,2.33,1.5,2,
2025,2025/4/12,巨人,広島,マツダスタジアム,Away,L,床田,3,5.17,3.21,0,
2025,2025/4/12,広島,巨人,マツダスタジアム,Home,R,赤星,5.17,3,2.45,1,
2025,2025/4/12,西武,日本ハム,エスコンフィールド,Away,R,金村,2.4,5,3.46,2,
2025,2025/4/12,日本ハム,西武,エスコンフィールド,Home,L,隅田,5,2.4,2.57,1,
2025,2025/4/12,オリックス,楽天,楽天モバイルパーク,Away,R,松井,5.5,1.67,3.6,4,
2025,2025/4/12,楽天,オリックス,楽天モバイルパーク,Home,R,九里,1.67,5.5,1.93,2,
2025,2025/4/12,ソフトバンク,ロッテ,ＺＯＺＯマリン,Away,L,小島,5.83,2.4,0.75,8,
2025,2025/4/12,ロッテ,ソフトバンク,ＺＯＺＯマリン,Home,L,大関,2.4,5.83,4.09,0,
2025,2025/4/13,巨人,広島,マツダスタジアム,Away,L,森,2.4,4,2.13,3,
2025,2025/4/13,広島,巨人,マツダスタジアム,Home,L,石川,4,2.4,0.9,5,
2025,2025/4/13,西武,日本ハム,エスコンフィールド,Away,R,バーヘイゲン,1.6,5,5.73,7,
2025,2025/4/13,日本ハム,西武,エスコンフィールド,Home,R,渡辺,5,1.6,5.56,2,
2025,2025/4/13,オリックス,楽天,楽天モバイルパーク,Away,L,古謝,4.33,2,0,6,
2025,2025/4/13,楽天,オリックス,楽天モバイルパーク,Home,L,宮城,2,4.33,1.66,1,
2025,2025/4/15,ＤｅＮＡ,巨人,東京ドーム,Away,L,井上,3.67,3,2.77,0,
2025,2025/4/15,巨人,ＤｅＮＡ,東京ドーム,Home,R,ジャクソン,3,3.67,1.38,1,
2025,2025/4/15,阪神,ヤクルト,松山,Away,R,奥川,2.75,3.33,4.09,5,
2025,2025/4/15,ヤクルト,阪神,松山,Home,R,才木,3.33,2.75,3.29,1,
2025,2025/4/15,中日,広島,マツダスタジアム,Away,R,ドミンゲス,2.2,3.67,1.5,1,
2025,2025/4/15,広島,中日,マツダスタジアム,Home,L,マラー,3.67,2.2,1.42,7,
2025,2025/4/15,日本ハム,ロッテ,ＺＯＺＯマリン,Away,R,種市,4.67,2.75,1.38,9,
2025,2025/4/15,ロッテ,日本ハム,ＺＯＺＯマリン,Home,R,伊藤,2.75,4.67,4.5,3,
2025,2025/4/15,西武,オリックス,京セラドーム大阪,Away,R,高島,2.8,4.33,3.38,0,
2025,2025/4/15,オリックス,西武,京セラドーム大阪,Home,R,高橋,4.33,2.8,3.68,2,
2025,2025/4/15,楽天,ソフトバンク,みずほペイペイドーム,Away,L,モイネロ,1.33,5.8,0.75,2,
2025,2025/4/15,ソフトバンク,楽天,みずほペイペイドーム,Home,L,藤井聖,5.8,1.33,3.6,1,
2025,2025/4/16,ＤｅＮＡ,巨人,東京ドーム,Away,R,山崎,2.67,2.6,1.47,0,
2025,2025/4/16,巨人,ＤｅＮＡ,東京ドーム,Home,R,バウアー,2.6,2.67,1.5,5,
2025,2025/4/16,中日,広島,マツダスタジアム,Away,R,大瀬良,2.2,4.67,1.64,2,
2025,2025/4/16,広島,中日,マツダスタジアム,Home,R,柳,4.67,2.2,1.38,0,
2025,2025/4/16,日本ハム,ロッテ,ＺＯＺＯマリン,Away,R,田中晴,5.33,1.75,3.6,0,
2025,2025/4/16,ロッテ,日本ハム,ＺＯＺＯマリン,Home,L,加藤貴,1.75,5.33,0.79,4,
2025,2025/4/16,西武,オリックス,京セラドーム大阪,Away,L,曽谷,2.2,4.33,0.75,5,
2025,2025/4/16,オリックス,西武,京セラドーム大阪,Home,L,菅井,4.33,2.2,0,0,
2025,2025/4/16,楽天,ソフトバンク,みずほペイペイドーム,Away,R,上沢,1.33,5,2.13,6,
2025,2025/4/16,ソフトバンク,楽天,みずほペイペイドーム,Home,R,滝中,5,1.33,0,2,
2025,2025/4/17,ＤｅＮＡ,巨人,東京ドーム,Away,R,田中将,1.67,2.4,1.8,9,
2025,2025/4/17,巨人,ＤｅＮＡ,東京ドーム,Home,L,東,2.4,1.67,1.26,1,
2025,2025/4/17,阪神,ヤクルト,神宮,Away,R,吉村,4.33,2.5,27,7,
2025,2025/4/17,ヤクルト,阪神,神宮,Home,R,ビーズリー,2.5,4.33,4.35,5,
2025,2025/4/17,西武,オリックス,京セラドーム大阪,Away,R,エスピノーザ,2.8,2.83,2.19,3,
2025,2025/4/17,オリックス,西武,京セラドーム大阪,Home,R,上田,2.83,2.8,0,2,
2025,2025/4/17,楽天,ソフトバンク,みずほペイペイドーム,Away,L,前田純,2,3.4,1.93,4,
2025,2025/4/17,ソフトバンク,楽天,みずほペイペイドーム,Home,R,岸,3.4,2,7.36,3,
2025,2025/4/18,巨人,ヤクルト,神宮,Away,R,小川,2.17,3.33,0,7,
2025,2025/4/18,ヤクルト,巨人,神宮,Home,R,赤星,3.33,2.17,2.12,2,
2025,2025/4/18,広島,阪神,甲子園,Away,R,村上,5,5,1.74,5,
2025,2025/4/18,阪神,広島,甲子園,Home,R,森下,5,5,1.71,2,
2025,2025/4/18,ロッテ,楽天,楽天モバイルパーク,Away,L,早川,2.75,2.67,2.89,4,
2025,2025/4/18,楽天,ロッテ,楽天モバイルパーク,Home,R,ボス,2.67,2.75,7,1,
2025,2025/4/18,ソフトバンク,西武,ベルーナドーム,Away,R,今井,3.8,2.83,0.75,1,
2025,2025/4/18,西武,ソフトバンク,ベルーナドーム,Home,R,有原,2.83,3.8,8.47,2,
2025,2025/4/18,日本ハム,オリックス,京セラドーム大阪,Away,R,九里,2.8,3,1.23,1,
2025,2025/4/18,オリックス,日本ハム,京セラドーム大阪,Home,R,北山,3,2.8,0.82,2,
2025,2025/4/19,巨人,ヤクルト,神宮,Away,L,山野,2.83,3,6,6,
2025,2025/4/19,ヤクルト,巨人,神宮,Home,L,石川,3,2.83,1.2,4,
2025,2025/4/19,ＤｅＮＡ,中日,バンテリンドーム,Away,R,高橋宏,3.5,2,5.29,2,
2025,2025/4/19,中日,ＤｅＮＡ,バンテリンドーム,Home,L,ケイ,2,3.5,0,3,
2025,2025/4/19,広島,阪神,甲子園,Away,R,デュプランティエ,3.6,4,1.5,3,
2025,2025/4/19,阪神,広島,甲子園,Home,L,床田,4,3.6,1.96,0,
2025,2025/4/19,ロッテ,楽天,楽天モバイルパーク,Away,R,内,2.75,2.67,3.18,1,
2025,2025/4/19,楽天,ロッテ,楽天モバイルパーク,Home,L,小島,2.67,2.75,2.65,2,
2025,2025/4/19,ソフトバンク,西武,ベルーナドーム,Away,L,隅田,3,3.17,1.2,0,
2025,2025/4/19,西武,ソフトバンク,ベルーナドーム,Home,L,大関,3.17,3,2.5,1,
2025,2025/4/19,日本ハム,オリックス,京セラドーム大阪,Away,R,椋木,2.6,2.67,1.8,7,
2025,2025/4/19,オリックス,日本ハム,京セラドーム大阪,Home,L,山崎,2.67,2.6,1.41,4,
2025,2025/4/20,巨人,ヤクルト,神宮,Away,R,ランバート,3.83,3,3.27,2,
2025,2025/4/20,ヤクルト,巨人,神宮,Home,R,ケラー,3,3.83,4.91,3,
2025,2025/4/20,ＤｅＮＡ,中日,バンテリンドーム,Away,L,松葉,2.75,2,1.42,0,
2025,2025/4/20,中日,ＤｅＮＡ,バンテリンドーム,Home,R,平良,2,2.75,4.2,2,
2025,2025/4/20,広島,阪神,甲子園,Away,L,伊原,4,3.5,0,1,
2025,2025/4/20,阪神,広島,甲子園,Home,L,森,3.5,4,1.93,8,
2025,2025/4/20,ロッテ,楽天,楽天モバイルパーク,Away,L,古謝,3,2.67,2.37,1,
2025,2025/4/20,楽天,ロッテ,楽天モバイルパーク,Home,R,西野,2.67,3,2.25,4,
2025,2025/4/20,ソフトバンク,西武,ベルーナドーム,Away,R,渡辺,1.4,3,4.41,3,
2025,2025/4/20,西武,ソフトバンク,ベルーナドーム,Home,R,東浜,3,1.4,0,1,
2025,2025/4/20,日本ハム,オリックス,京セラドーム大阪,Away,L,宮城,3.8,2.67,1.47,2,
2025,2025/4/20,オリックス,日本ハム,京セラドーム大阪,Home,R,金村,2.67,3.8,2.37,0,
2025,2025/4/22,中日,巨人,東京ドーム,Away,L,井上,2,3.67,1.8,1,
2025,2025/4/22,巨人,中日,東京ドーム,Home,L,マラー,3.67,2,4.6,8,
2025,2025/4/22,阪神,ＤｅＮＡ,横浜,Away,R,バウアー,4.4,2.2,4.91,4,
2025,2025/4/22,ＤｅＮＡ,阪神,横浜,Home,R,才木,2.2,4.4,2.18,2,
2025,2025/4/22,楽天,日本ハム,エスコンフィールド,Away,R,伊藤,3.17,3.8,4.29,4,
2025,2025/4/22,日本ハム,楽天,エスコンフィールド,Home,L,藤井聖,3.8,3.17,1.59,2,
2025,2025/4/22,西武,ロッテ,ＺＯＺＯマリン,Away,R,石川柊,2,2.6,2.84,1,
2025,2025/4/22,ロッテ,西武,ＺＯＺＯマリン,Home,R,高橋,2.6,2,2.79,2,
2025,2025/4/22,オリックス,ソフトバンク,みずほペイペイドーム,Away,L,モイネロ,1.67,1.67,0.95,5,
2025,2025/4/22,ソフトバンク,オリックス,みずほペイペイドーム,Home,L,田嶋,1.67,1.67,0,5,
2025,2025/4/23,中日,巨人,東京ドーム,Away,R,山崎,2,4.83,1.59,0,
2025,2025/4/23,巨人,中日,東京ドーム,Home,R,柳,4.83,2,0.9,2,
2025,2025/4/23,阪神,ＤｅＮＡ,横浜,Away,R,ジャクソン,4.2,2.6,1.42,3,
2025,2025/4/23,ＤｅＮＡ,阪神,横浜,Home,L,門別,2.6,4.2,1.5,2,
2025,2025/4/23,ヤクルト,広島,マツダスタジアム,Away,R,大瀬良,3.5,2.25,1.89,1,
2025,2025/4/23,広島,ヤクルト,マツダスタジアム,Home,L,石川雅,2.25,3.5,1.8,7,
2025,2025/4/23,楽天,日本ハム,エスコンフィールド,Away,R,古林睿煬,3.5,2.4,0,8,
2025,2025/4/23,日本ハム,楽天,エスコンフィールド,Home,R,滝中,2.4,3.5,1.8,3,
2025,2025/4/23,西武,ロッテ,ＺＯＺＯマリン,Away,R,種市,2.17,2.4,3.93,2,
2025,2025/4/23,ロッテ,西武,ＺＯＺＯマリン,Home,L,菅井,2.4,2.17,0,5,
2025,2025/4/23,オリックス,ソフトバンク,みずほペイペイドーム,Away,R,上沢,2.17,2.33,3.38,2,
2025,2025/4/23,ソフトバンク,オリックス,みずほペイペイドーム,Home,L,曽谷,2.33,2.17,2.12,6,
2025,2025/4/24,阪神,ＤｅＮＡ,横浜,Away,R,大貫,4,3,4.76,4,
2025,2025/4/24,ＤｅＮＡ,阪神,横浜,Home,L,富田,3,4,2,2,
2025,2025/4/25,広島,ＤｅＮＡ,横浜,Away,L,東,4,1.6,0.81,1,
2025,2025/4/25,ＤｅＮＡ,広島,横浜,Home,R,森下,1.6,4,1.8,2,
2025,2025/4/25,ヤクルト,中日,バンテリンドーム,Away,R,高橋宏,2.5,1.5,3.75,6,
2025,2025/4/25,中日,ヤクルト,バンテリンドーム,Home,R,吉村,1.5,2.5,7.11,4,
2025,2025/4/25,巨人,阪神,甲子園,Away,R,村上,5,3.5,3.28,1,
2025,2025/4/25,阪神,巨人,甲子園,Home,R,赤星,3.5,5,2.05,4,
2025,2025/4/25,ロッテ,日本ハム,エスコンフィールド,Away,R,北山,2.6,3,1.04,2,
2025,2025/4/25,日本ハム,ロッテ,エスコンフィールド,Home,R,ボス,3,2.6,4.4,1,
2025,2025/4/25,ソフトバンク,楽天,楽天モバイルパーク,Away,L,早川,3,3.8,2.45,1,
2025,2025/4/25,楽天,ソフトバンク,楽天モバイルパーク,Home,R,有原,3.8,3,6.38,0,
2025,2025/4/25,オリックス,西武,ベルーナドーム,Away,R,今井,2.6,1.4,0.84,6,
2025,2025/4/25,西武,オリックス,ベルーナドーム,Home,R,九里,1.4,2.6,1.16,2,
2025,2025/4/26,広島,ＤｅＮＡ,横浜,Away,L,ケイ,3,1.67,1.35,0,
2025,2025/4/26,ＤｅＮＡ,広島,横浜,Home,L,床田,1.67,3,1.5,2,
2025,2025/4/26,ヤクルト,中日,バンテリンドーム,Away,L,松葉,3.5,2,1.07,2,
2025,2025/4/26,中日,ヤクルト,バンテリンドーム,Home,R,奥川,2,3.5,5.51,5,
2025,2025/4/26,巨人,阪神,甲子園,Away,R,デュプランティエ,3.8,3.83,0.82,2,
2025,2025/4/26,阪神,巨人,甲子園,Home,L,石川,3.83,3.8,1.89,6,
2025,2025/4/26,ロッテ,日本ハム,エスコンフィールド,Away,L,加藤貴,2.2,3,1.62,1,
2025,2025/4/26,日本ハム,ロッテ,エスコンフィールド,Home,L,小島,3,2.2,2.62,2,
2025,2025/4/26,ソフトバンク,楽天,楽天モバイルパーク,Away,R,内,3,3.6,2.79,3,
2025,2025/4/26,楽天,ソフトバンク,楽天モバイルパーク,Home,L,大関,3.6,3,2.16,6,
2025,2025/4/26,オリックス,西武,ベルーナドーム,Away,L,隅田,3.4,1.4,0.75,0,
2025,2025/4/26,西武,オリックス,ベルーナドーム,Home,R,エスピノーザ,1.4,3.4,2.45,3,
2025,2025/4/27,広島,ＤｅＮＡ,横浜,Away,R,バウアー,2.25,1.67,5,1,
2025,2025/4/27,ＤｅＮＡ,広島,横浜,Home,L,玉村,1.67,2.25,2.25,2,
2025,2025/4/27,ヤクルト,中日,バンテリンドーム,Away,R,メヒア,3,2.4,4.85,6,
2025,2025/4/27,中日,ヤクルト,バンテリンドーム,Home,R,小川,2.4,3,3.45,2,
2025,2025/4/27,巨人,阪神,甲子園,Away,L,伊原,3,4.83,0,2,
2025,2025/4/27,阪神,巨人,甲子園,Home,R,堀田,4.83,3,11.25,1,
2025,2025/4/27,ロッテ,日本ハム,エスコンフィールド,Away,R,金村,2.2,2,1.61,5,
2025,2025/4/27,日本ハム,ロッテ,エスコンフィールド,Home,R,田中晴,2,2.2,1.5,3,
2025,2025/4/27,ソフトバンク,楽天,楽天モバイルパーク,Away,R,岸,3.6,4.4,6.48,2,
2025,2025/4/27,楽天,ソフトバンク,楽天モバイルパーク,Home,L,前田純,4.4,3.6,1.17,3,
2025,2025/4/27,オリックス,西武,ベルーナドーム,Away,R,渡辺,2.6,1.8,4.64,2,
2025,2025/4/27,西武,オリックス,ベルーナドーム,Home,R,高島,1.8,2.6,1.8,3,
2025,2025/4/29,広島,巨人,東京ドーム,Away,L,井上,2.25,3,1.61,3,
2025,2025/4/29,巨人,広島,東京ドーム,Home,L,森,3,2.25,2.78,4,
2025,2025/4/29,ＤｅＮＡ,ヤクルト,神宮,Away,R,ランバート,2,3.75,3.18,6,
2025,2025/4/29,ヤクルト,ＤｅＮＡ,神宮,Home,R,ジャクソン,3.75,2,1.88,1,
2025,2025/4/29,阪神,中日,バンテリンドーム,Away,R,涌井,3.67,2.4,0,1,
2025,2025/4/29,中日,阪神,バンテリンドーム,Home,R,才木,2.4,3.67,2.3,4,
2025,2025/4/29,楽天,西武,ベルーナドーム,Away,R,高橋,4.2,2.2,2.31,1,
2025,2025/4/29,西武,楽天,ベルーナドーム,Home,L,古謝,2.2,4.2,2.16,7,
2025,2025/4/29,ロッテ,オリックス,京セラドーム大阪,Away,L,宮城,3,3,1.13,2,
2025,2025/4/29,オリックス,ロッテ,京セラドーム大阪,Home,R,西野,3,3,3.71,3,
2025,2025/4/29,日本ハム,ソフトバンク,みずほペイペイドーム,Away,L,モイネロ,2.2,3.4,2.13,2,
2025,2025/4/29,ソフトバンク,日本ハム,みずほペイペイドーム,Home,R,伊藤,3.4,2.2,3.54,1,
2025,2025/4/30,広島,巨人,東京ドーム,Away,R,山崎,2.4,2.2,1.53,0,
2025,2025/4/30,巨人,広島,東京ドーム,Home,R,大瀬良,2.2,2.4,1.73,2,
2025,2025/4/30,ＤｅＮＡ,ヤクルト,神宮,Away,L,山野,2.67,3.2,4.5,1,
2025,2025/4/30,ヤクルト,ＤｅＮＡ,神宮,Home,R,吉野,3.2,2.67,0,4,
2025,2025/4/30,阪神,中日,バンテリンドーム,Away,L,大野,3.17,3,1.64,4,
2025,2025/4/30,中日,阪神,バンテリンドーム,Home,L,門別,3,3.17,2.08,5,
2025,2025/4/30,楽天,西武,ベルーナドーム,Away,L,菅井,3.6,3.4,2.3,1,
2025,2025/4/30,西武,楽天,ベルーナドーム,Home,L,藤井聖,3.4,3.6,2.04,3,
2025,2025/4/30,ロッテ,オリックス,京セラドーム大阪,Away,L,田嶋,3,2.6,2.31,0,
2025,2025/4/30,オリックス,ロッテ,京セラドーム大阪,Home,R,種市,2.6,3,3.55,5,
2025,2025/4/30,日本ハム,ソフトバンク,みずほペイペイドーム,Away,R,東浜,2.2,2.6,1.29,6,
2025,2025/4/30,ソフトバンク,日本ハム,みずほペイペイドーム,Home,L,山崎,2.6,2.2,1.53,1,
2025,2025/5/1,広島,巨人,東京ドーム,Away,R,田中将,1,2.2,9,3,
2025,2025/5/1,巨人,広島,東京ドーム,Home,R,ドミンゲス,2.2,1,1.64,4,
2025,2025/5/1,ＤｅＮＡ,ヤクルト,神宮,Away,R,高梨裕,2.5,3.8,1,3,
2025,2025/5/1,ヤクルト,ＤｅＮＡ,神宮,Home,L,平良,3.8,2.5,3.86,0,
2025,2025/5/1,阪神,中日,バンテリンドーム,Away,L,三浦,3.33,4,0,2,
2025,2025/5/1,中日,阪神,バンテリンドーム,Home,L,大竹,4,3.33,0,3,
2025,2025/5/1,楽天,西武,ベルーナドーム,Away,R,与座,2.2,3.6,0,1,
2025,2025/5/1,西武,楽天,ベルーナドーム,Home,R,滝中,3.6,2.2,2.08,2,
2025,2025/5/1,日本ハム,ソフトバンク,みずほペイペイドーム,Away,R,上沢,2.8,1.6,3.27,3,
2025,2025/5/1,ソフトバンク,日本ハム,みずほペイペイドーム,Home,R,古林睿煬,1.6,2.8,7.94,2,
2025,2025/5/2,ヤクルト,阪神,甲子園,Away,R,村上,3.17,3,2.76,0,
2025,2025/5/2,阪神,ヤクルト,甲子園,Home,R,吉村,3,3.17,4.76,4,
2025,2025/5/2,中日,広島,マツダスタジアム,Away,R,森下,3.83,1.33,1.7,4,
2025,2025/5/2,広島,中日,マツダスタジアム,Home,R,高橋宏,1.33,3.83,4.61,2,
2025,2025/5/2,ロッテ,ソフトバンク,みずほペイペイドーム,Away,R,有原,2,1.67,4.78,3,
2025,2025/5/2,ソフトバンク,ロッテ,みずほペイペイドーム,Home,R,ボス,1.67,2,3.54,4,
2025,2025/5/3,巨人,ＤｅＮＡ,横浜,Away,R,バウアー,2.8,2.8,3.81,0,
2025,2025/5/3,ＤｅＮＡ,巨人,横浜,Home,R,赤星,2.8,2.8,2.77,1,
2025,2025/5/3,ヤクルト,阪神,甲子園,Away,R,デュプランティエ,2.17,3,1.69,1,
2025,2025/5/3,阪神,ヤクルト,甲子園,Home,R,奥川,3,2.17,5.75,7,
2025,2025/5/3,中日,広島,マツダスタジアム,Away,L,床田,3.83,1.5,1.18,0,
2025,2025/5/3,広島,中日,マツダスタジアム,Home,L,松葉,1.5,3.83,1.34,2,
2025,2025/5/3,西武,日本ハム,エスコンフィールド,Away,L,加藤貴,3.6,3.2,1.52,4,
2025,2025/5/3,日本ハム,西武,エスコンフィールド,Home,R,今井,3.2,3.6,0.69,3,
2025,2025/5/3,オリックス,楽天,楽天モバイルパーク,Away,L,早川,2.5,2.4,1.93,7,
2025,2025/5/3,楽天,オリックス,楽天モバイルパーク,Home,L,曽谷,2.4,2.5,3.86,0,
2025,2025/5/3,ロッテ,ソフトバンク,みずほペイペイドーム,Away,L,大関,2.2,2.17,3.03,0,
2025,2025/5/3,ソフトバンク,ロッテ,みずほペイペイドーム,Home,R,石川柊,2.17,2.2,2.38,5,
2025,2025/5/4,巨人,ＤｅＮＡ,横浜,Away,L,東,2.4,2.6,0.92,3,
2025,2025/5/4,ＤｅＮＡ,巨人,横浜,Home,L,グリフィン,2.6,2.4,4.5,1,
2025,2025/5/4,ヤクルト,阪神,甲子園,Away,L,伊原,2,3.17,0.47,5,
2025,2025/5/4,阪神,ヤクルト,甲子園,Home,L,石川雅,3.17,2,10.5,2,
2025,2025/5/4,中日,広島,マツダスタジアム,Away,L,玉村,3,1.83,2.37,4,
2025,2025/5/4,広島,中日,マツダスタジアム,Home,L,岡田,1.83,3,0,9,
2025,2025/5/4,西武,日本ハム,エスコンフィールド,Away,R,達,3.8,3.4,0,2,
2025,2025/5/4,日本ハム,西武,エスコンフィールド,Home,L,隅田,3.4,3.8,0.58,3,
2025,2025/5/4,オリックス,楽天,楽天モバイルパーク,Away,R,岸,4.25,1.2,5.16,3,
2025,2025/5/4,楽天,オリックス,楽天モバイルパーク,Home,R,高島,1.2,4.25,2.37,14,
2025,2025/5/4,ロッテ,ソフトバンク,みずほペイペイドーム,Away,L,前田純,2,2.5,1.86,3,
2025,2025/5/4,ソフトバンク,ロッテ,みずほペイペイドーム,Home,L,小島,2.5,2,2.61,5,
2025,2025/5/5,阪神,巨人,東京ドーム,Away,R,戸郷,3.33,2.6,11.12,10,
2025,2025/5/5,巨人,阪神,東京ドーム,Home,L,富田,2.6,3.33,2.57,1,
2025,2025/5/5,広島,ヤクルト,神宮,Away,R,小川,3.17,1.83,3.32,4,
2025,2025/5/5,ヤクルト,広島,神宮,Home,L,高橋,1.83,3.17,1.98,0,
2025,2025/5/5,ＤｅＮＡ,中日,バンテリンドーム,Away,L,金丸,2.4,3.33,0,2,
2025,2025/5/5,中日,ＤｅＮＡ,バンテリンドーム,Home,L,ケイ,3.33,2.4,1,1,
2025,2025/5/5,ソフトバンク,西武,ベルーナドーム,Away,R,渡辺,3,3.6,4.13,2,
2025,2025/5/5,西武,ソフトバンク,ベルーナドーム,Home,R,大津,3.6,3,8.31,0,
2025,2025/5/5,楽天,ロッテ,ＺＯＺＯマリン,Away,R,田中晴,3.4,1.6,2.12,2,
2025,2025/5/5,ロッテ,楽天,ＺＯＺＯマリン,Home,R,荘司,1.6,3.4,0,1,
2025,2025/5/5,日本ハム,オリックス,京セラドーム大阪,Away,R,九里,3.4,4.5,1.46,0,
2025,2025/5/5,オリックス,日本ハム,京セラドーム大阪,Home,R,北山,4.5,3.4,1.11,1,
2025,2025/5/6,阪神,巨人,東京ドーム,Away,L,井上,4.29,2.33,2.12,7,
2025,2025/5/6,巨人,阪神,東京ドーム,Home,R,才木,2.33,4.29,2.97,1,
2025,2025/5/6,ＤｅＮＡ,中日,バンテリンドーム,Away,R,涌井,2.33,3,1.5,3,
2025,2025/5/6,中日,ＤｅＮＡ,バンテリンドーム,Home,R,ジャクソン,3,2.33,1.8,0,
2025,2025/5/6,ソフトバンク,西武,ベルーナドーム,Away,R,上田,2.86,3,1.69,10,
2025,2025/5/6,西武,ソフトバンク,ベルーナドーム,Home,L,モイネロ,3,2.86,1.95,0,
2025,2025/5/6,日本ハム,オリックス,京セラドーム大阪,Away,R,東,2.83,3.8,1.53,7,
2025,2025/5/6,オリックス,日本ハム,京セラドーム大阪,Home,R,伊藤,3.8,2.83,2.92,3,
2025,2025/5/7,阪神,巨人,東京ドーム,Away,R,山崎,5.14,1.83,1.58,4,
2025,2025/5/7,巨人,阪神,東京ドーム,Home,L,門別,1.83,5.14,3.13,6,
2025,2025/5/7,広島,ヤクルト,神宮,Away,L,山野,3.33,1.67,3.5,5,
2025,2025/5/7,ヤクルト,広島,神宮,Home,R,大瀬良,1.67,3.33,1.97,3,
2025,2025/5/7,ＤｅＮＡ,中日,バンテリンドーム,Away,L,大野,1.83,2.43,2.81,1,
2025,2025/5/7,中日,ＤｅＮＡ,バンテリンドーム,Home,R,大貫,2.43,1.83,3.63,2,
2025,2025/5/7,ソフトバンク,西武,ベルーナドーム,Away,R,高橋,4.14,1.83,1.84,1,
2025,2025/5/7,西武,ソフトバンク,ベルーナドーム,Home,R,東浜,1.83,4.14,2.61,7,
2025,2025/5/7,楽天,ロッテ,ＺＯＺＯマリン,Away,L,サモンズ,3.6,1.4,0,3,
2025,2025/5/7,ロッテ,楽天,ＺＯＺＯマリン,Home,L,藤井聖,1.4,3.6,2.59,7,
2025,2025/5/7,日本ハム,オリックス,京セラドーム大阪,Away,L,宮城,3.67,3.8,1.11,2,
2025,2025/5/7,オリックス,日本ハム,京セラドーム大阪,Home,L,山崎,3.8,3.67,1.58,2,
2025,2025/5/9,巨人,ヤクルト,神宮,Away,R,高梨裕,2.2,1.8,0.56,2,
2025,2025/5/9,ヤクルト,巨人,神宮,Home,R,赤星,1.8,2.2,2.18,5,
2025,2025/5/9,広島,ＤｅＮＡ,横浜,Away,R,バウアー,4.4,1.6,2.83,3,
2025,2025/5/9,ＤｅＮＡ,広島,横浜,Home,R,森下,1.6,4.4,2.3,4,
2025,2025/5/9,楽天,日本ハム,エスコンフィールド,Away,R,金村,4.75,3,2.65,1,
2025,2025/5/9,日本ハム,楽天,エスコンフィールド,Home,R,滝中,3,4.75,2.4,2,
2025,2025/5/9,ロッテ,西武,大宮,Away,R,与座,2.8,2.6,0,0,
2025,2025/5/9,西武,ロッテ,大宮,Home,R,ボス,2.6,2.8,2.96,1,
2025,2025/5/9,ソフトバンク,オリックス,京セラドーム大阪,Away,R,エスピノーザ,4.5,3.2,3.22,11,
2025,2025/5/9,オリックス,ソフトバンク,京セラドーム大阪,Home,R,有原,3.2,4.5,4.62,1,
2025,2025/5/10,巨人,ヤクルト,神宮,Away,R,ランバート,2.17,2.8,3.38,3,
2025,2025/5/10,ヤクルト,巨人,神宮,Home,L,グリフィン,2.8,2.17,1.12,2,
2025,2025/5/10,広島,ＤｅＮＡ,横浜,Away,R,平良,4.6,2,2.87,5,
2025,2025/5/10,ＤｅＮＡ,広島,横浜,Home,L,床田,2,4.6,0.96,3,
2025,2025/5/10,中日,阪神,甲子園,Away,R,村上,1.4,6,2.16,0,
2025,2025/5/10,阪神,中日,甲子園,Home,R,高橋宏,6,1.4,4.19,2,
2025,2025/5/10,楽天,日本ハム,エスコンフィールド,Away,L,加藤貴,4,2.83,1.52,7,
2025,2025/5/10,日本ハム,楽天,エスコンフィールド,Home,L,古謝,2.83,4,3.82,8,
2025,2025/5/10,ロッテ,西武,ベルーナドーム,Away,R,今井,2.2,2.33,0.59,0,
2025,2025/5/10,西武,ロッテ,ベルーナドーム,Home,R,西野,2.33,2.2,3.27,7,
2025,2025/5/10,ソフトバンク,オリックス,京セラドーム大阪,Away,L,曽谷,5.67,2.83,2.89,1,
2025,2025/5/10,オリックス,ソフトバンク,京セラドーム大阪,Home,L,大関,2.83,5.67,2.52,6,
2025,2025/5/11,巨人,ヤクルト,神宮,Away,R,吉村,2.67,3,4.32,1,
2025,2025/5/11,ヤクルト,巨人,神宮,Home,R,堀田,3,2.67,7.36,2,
2025,2025/5/11,広島,ＤｅＮＡ,横浜,Away,L,東,5.2,2.33,2.21,2,
2025,2025/5/11,ＤｅＮＡ,広島,横浜,Home,L,玉村,2.33,5.2,3.38,4,
2025,2025/5/11,中日,阪神,甲子園,Away,L,伊原,1.4,5,1.75,0,
2025,2025/5/11,阪神,中日,甲子園,Home,L,松葉,5,1.4,1.33,1,
2025,2025/5/11,楽天,日本ハム,エスコンフィールド,Away,R,古林睿煬,5.4,3.67,4.97,0,
2025,2025/5/11,日本ハム,楽天,エスコンフィールド,Home,R,岸,3.67,5.4,5.2,4,
2025,2025/5/11,ロッテ,西武,ベルーナドーム,Away,L,隅田,2.2,2.83,1.15,0,
2025,2025/5/11,西武,ロッテ,ベルーナドーム,Home,R,石川柊,2.83,2.2,4.24,10,
2025,2025/5/11,ソフトバンク,オリックス,京セラドーム大阪,Away,L,田嶋,5,2.67,1.31,7,
2025,2025/5/11,オリックス,ソフトバンク,京セラドーム大阪,Home,R,上沢,2.67,5,3.1,1,
2025,2025/5/13,阪神,ＤｅＮＡ,ハードオフ新潟,Away,L,ケイ,3.5,3,1.03,1,
2025,2025/5/13,ＤｅＮＡ,阪神,ハードオフ新潟,Home,R,才木,3,3.5,2.58,1,
2025,2025/5/13,ヤクルト,中日,豊橋,Away,L,三浦,3,0.5,3.6,4,
2025,2025/5/13,中日,ヤクルト,豊橋,Home,R,小川,0.5,3,2.93,5,
2025,2025/5/13,巨人,広島,マツダスタジアム,Away,L,森,2.6,3.75,2.83,4,
2025,2025/5/13,広島,巨人,マツダスタジアム,Home,R,戸郷,3.75,2.6,8.31,5,
2025,2025/5/13,オリックス,日本ハム,エスコンフィールド,Away,R,伊藤,2.6,4.6,2.45,0,
2025,2025/5/13,日本ハム,オリックス,エスコンフィールド,Home,R,九里,4.6,2.6,1.2,7,
2025,2025/5/13,ロッテ,楽天,楽天モバイルパーク,Away,R,荘司,1.75,2.75,0.54,3,
2025,2025/5/13,楽天,ロッテ,楽天モバイルパーク,Home,L,小島,2.75,1.75,2.83,4,
2025,2025/5/13,西武,ソフトバンク,京セラドーム大阪,Away,L,モイネロ,5,6,1.6,1,
2025,2025/5/13,ソフトバンク,西武,京セラドーム大阪,Home,L,菅井,6,5,2.18,6,
2025,2025/5/14,ヤクルト,中日,バンテリンドーム,Away,R,涌井,3.2,1.75,3,0,
2025,2025/5/14,中日,ヤクルト,バンテリンドーム,Home,R,アビラ,1.75,3.2,0,2,
2025,2025/5/14,巨人,広島,マツダスタジアム,Away,R,大瀬良,3.2,4,2.13,0,
2025,2025/5/14,広島,巨人,マツダスタジアム,Home,L,井上,4,3.2,2.43,3,
2025,2025/5/14,オリックス,日本ハム,エスコンフィールド,Away,R,北山,2,4.6,1.11,9,
2025,2025/5/14,日本ハム,オリックス,エスコンフィールド,Home,L,宮城,4.6,2,1.25,5,
2025,2025/5/14,ロッテ,楽天,楽天モバイルパーク,Away,R,ハワード,2,3,0,0,
2025,2025/5/14,楽天,ロッテ,楽天モバイルパーク,Home,R,種市,3,2,4.45,4,
2025,2025/5/14,西武,ソフトバンク,みずほペイペイドーム,Away,R,大津,5.2,5.2,4.32,3,
2025,2025/5/14,ソフトバンク,西武,みずほペイペイドーム,Home,L,武内,5.2,5.2,0,1,
2025,2025/5/15,阪神,ＤｅＮＡ,横浜,Away,R,ジャクソン,1.33,3,1.46,0,
2025,2025/5/15,ＤｅＮＡ,阪神,横浜,Home,R,デュプランティエ,3,1.33,1.23,1,
2025,2025/5/15,巨人,広島,マツダスタジアム,Away,R,ドミンゲス,2,3.6,2.25,1,
2025,2025/5/15,広島,巨人,マツダスタジアム,Home,R,山崎,3.6,2,1.64,5,
2025,2025/5/15,オリックス,日本ハム,エスコンフィールド,Away,L,細野,3.4,5.2,0,0,
2025,2025/5/15,日本ハム,オリックス,エスコンフィールド,Home,R,寺西,5.2,3.4,0,7,
2025,2025/5/15,ロッテ,楽天,東京ドーム,Away,L,早川,0.6,3.2,2.11,5,
2025,2025/5/15,楽天,ロッテ,東京ドーム,Home,L,サモンズ,3.2,0.6,4.5,2,
2025,2025/5/15,西武,ソフトバンク,みずほペイペイドーム,Away,L,前田純,4.4,5.2,2.35,0,
2025,2025/5/15,ソフトバンク,西武,みずほペイペイドーム,Home,R,高橋,5.2,4.4,1.84,5,
2025,2025/5/16,中日,巨人,東京ドーム,Away,R,赤星,1.75,1.83,2.31,2,
2025,2025/5/16,巨人,中日,東京ドーム,Home,L,金丸,1.83,1.75,3,4,
2025,2025/5/16,ＤｅＮＡ,ヤクルト,神宮,Away,L,山野,2.6,2.6,3.68,8,
2025,2025/5/16,ヤクルト,ＤｅＮＡ,神宮,Home,R,バウアー,2.6,2.6,2.93,6,
2025,2025/5/16,広島,阪神,甲子園,Away,R,村上,3.83,1,1.78,4,
2025,2025/5/16,阪神,広島,甲子園,Home,R,森下,1,3.83,2.29,2,
2025,2025/5/16,オリックス,西武,ベルーナドーム,Away,L,渡辺,2.83,3.67,3.82,0,
2025,2025/5/16,西武,オリックス,ベルーナドーム,Home,R,エスピノーザ,3.67,2.83,3.62,3,
2025,2025/5/16,日本ハム,ロッテ,ＺＯＺＯマリン,Away,R,田中晴,5.5,1.33,1.96,8,
2025,2025/5/16,ロッテ,日本ハム,ＺＯＺＯマリン,Home,L,山崎,1.33,5.5,1.92,0,
2025,2025/5/16,楽天,ソフトバンク,みずほペイペイドーム,Away,R,有原,3,5.17,4.11,5,
2025,2025/5/16,ソフトバンク,楽天,みずほペイペイドーム,Home,L,藤井聖,5.17,3,3.62,1,
2025,2025/5/17,中日,巨人,東京ドーム,Away,L,グリフィン,1.8,2.17,1.38,0,
2025,2025/5/17,巨人,中日,東京ドーム,Home,R,高橋宏,2.17,1.8,3.92,1,
2025,2025/5/17,ＤｅＮＡ,ヤクルト,神宮,Away,R,高梨裕,3.4,2.8,0.78,6,
2025,2025/5/17,ヤクルト,ＤｅＮＡ,神宮,Home,R,平良,2.8,3.4,2.82,7,
2025,2025/5/17,広島,阪神,甲子園,Away,L,大竹,4,1.2,5.4,2,
2025,2025/5/17,阪神,広島,甲子園,Home,L,床田,1.2,4,1.35,5,
2025,2025/5/17,オリックス,西武,ベルーナドーム,Away,R,今井,2.67,4,0.51,2,
2025,2025/5/17,西武,オリックス,ベルーナドーム,Home,R,東,4,2.67,2.38,3,
2025,2025/5/17,楽天,ソフトバンク,みずほペイペイドーム,Away,L,大関,3.67,3.5,2.88,1,
2025,2025/5/17,ソフトバンク,楽天,みずほペイペイドーム,Home,R,内,3.5,3.67,1.29,2,
2025,2025/5/18,中日,巨人,東京ドーム,Away,R,堀田,1.8,1.83,6.06,7,
2025,2025/5/18,巨人,中日,東京ドーム,Home,L,松葉,1.83,1.8,1.38,4,
2025,2025/5/18,ＤｅＮＡ,ヤクルト,神宮,Away,L,石川雅,4,3.8,6,10,
2025,2025/5/18,ヤクルト,ＤｅＮＡ,神宮,Home,L,東,3.8,4,2.31,2,
2025,2025/5/18,広島,阪神,甲子園,Away,L,伊原,3.5,1.8,1.44,1,
2025,2025/5/18,阪神,広島,甲子園,Home,L,玉村,1.8,3.5,4.33,3,
2025,2025/5/18,オリックス,西武,ベルーナドーム,Away,L,隅田,2,3.33,0.98,3,
2025,2025/5/18,西武,オリックス,ベルーナドーム,Home,L,曽谷,3.33,2,2.31,1,
2025,2025/5/18,日本ハム,ロッテ,ＺＯＺＯマリン,Away,R,ボス,6.2,1.6,2.62,1,
2025,2025/5/18,ロッテ,日本ハム,ＺＯＺＯマリン,Home,R,達,1.6,6.2,1.5,2,
2025,2025/5/18,楽天,ソフトバンク,みずほペイペイドーム,Away,R,上沢,2.67,3.67,2.68,1,
2025,2025/5/18,ソフトバンク,楽天,みずほペイペイドーム,Home,R,ヤフーレ,3.67,2.67,0,2,
2025,2025/5/20,中日,ＤｅＮＡ,横浜,Away,L,ケイ,3.2,5.2,0.86,2,
2025,2025/5/20,ＤｅＮＡ,中日,横浜,Home,L,大野,5.2,3.2,2.05,10,
2025,2025/5/20,巨人,阪神,甲子園,Away,R,才木,2.33,2.2,2.38,0,
2025,2025/5/20,阪神,巨人,甲子園,Home,R,戸郷,2.2,2.33,8.06,4,
2025,2025/5/20,ヤクルト,広島,マツダスタジアム,Away,L,森,3.8,3.33,2.91,2,
2025,2025/5/20,広島,ヤクルト,マツダスタジアム,Home,R,ランバート,3.33,3.8,3.29,3,
2025,2025/5/20,ソフトバンク,日本ハム,エスコンフィールド,Away,R,伊藤,2.83,5.6,2.08,5,
2025,2025/5/20,日本ハム,ソフトバンク,エスコンフィールド,Home,L,モイネロ,5.6,2.83,1.55,2,
2025,2025/5/20,西武,楽天,きたぎんボールパーク,Away,R,滝中,1.83,2.83,2.79,1,
2025,2025/5/20,楽天,西武,きたぎんボールパーク,Home,L,菅井,2.83,1.83,2.42,0,
2025,2025/5/20,ロッテ,オリックス,京セラドーム大阪,Away,R,九里,2,2.33,2.1,1,
2025,2025/5/20,オリックス,ロッテ,京セラドーム大阪,Home,R,石川柊,2.33,2,4.7,2,
2025,2025/5/21,中日,ＤｅＮＡ,横浜,Away,R,バウアー,2.6,7,3.67,6,
2025,2025/5/21,ＤｅＮＡ,中日,横浜,Home,L,三浦,7,2.6,3,5,
2025,2025/5/21,巨人,阪神,甲子園,Away,R,ビーズリー,1.67,2.8,4,5,
2025,2025/5/21,阪神,巨人,甲子園,Home,L,井上,2.8,1.67,2.51,4,
2025,2025/5/21,ソフトバンク,日本ハム,エスコンフィールド,Away,R,北山,2.67,4.6,1.69,1,
2025,2025/5/21,日本ハム,ソフトバンク,エスコンフィールド,Home,L,松本晴,4.6,2.67,0,2,
2025,2025/5/21,ロッテ,オリックス,京セラドーム大阪,Away,L,宮城,1.6,2.67,1.64,1,
2025,2025/5/21,オリックス,ロッテ,京セラドーム大阪,Home,R,西野,2.67,1.6,3.86,6,
2025,2025/5/22,中日,ＤｅＮＡ,横浜,Away,R,石田裕,3.4,6.67,7.88,0,
2025,2025/5/22,ＤｅＮＡ,中日,横浜,Home,L,マラー,6.67,3.4,5.95,4,
2025,2025/5/22,巨人,阪神,甲子園,Away,R,デュプランティエ,2.5,3,1,3,
2025,2025/5/22,阪神,巨人,甲子園,Home,R,山崎,3,2.5,1.7,2,
2025,2025/5/22,ヤクルト,広島,マツダスタジアム,Away,R,大瀬良,4.25,3,1.8,2,
2025,2025/5/22,広島,ヤクルト,マツダスタジアム,Home,R,小川,3,4.25,2.78,2,
2025,2025/5/22,ソフトバンク,日本ハム,エスコンフィールド,Away,R,古林睿煬,2.67,4,2.91,4,
2025,2025/5/22,日本ハム,ソフトバンク,エスコンフィールド,Home,L,前田純,4,2.67,1.8,3,
2025,2025/5/22,西武,楽天,楽天モバイルパーク,Away,R,ハワード,1.6,1.8,0,1,
2025,2025/5/22,楽天,西武,楽天モバイルパーク,Home,L,武内,1.8,1.6,1.8,2,
2025,2025/5/22,ロッテ,オリックス,京セラドーム大阪,Away,L,田嶋,1.8,2.17,2.7,9,
2025,2025/5/22,オリックス,ロッテ,京セラドーム大阪,Home,R,横山,2.17,1.8,3.52,1,
2025,2025/5/23,ヤクルト,巨人,東京ドーム,Away,R,赤星,3.8,2.83,2.2,0,
2025,2025/5/23,巨人,ヤクルト,東京ドーム,Home,L,山野,2.83,3.8,4,5,
2025,2025/5/23,阪神,中日,バンテリンドーム,Away,R,涌井,3.33,2.83,2,3,
2025,2025/5/23,中日,阪神,バンテリンドーム,Home,R,村上,2.83,3.33,1.87,0,
2025,2025/5/23,ＤｅＮＡ,広島,マツダスタジアム,Away,R,森下,7.17,2.4,2.33,2,
2025,2025/5/23,広島,ＤｅＮＡ,マツダスタジアム,Home,R,ジャクソン,2.4,7.17,1.24,1,
2025,2025/5/23,日本ハム,楽天,楽天モバイルパーク,Away,L,早川,3.2,1.8,2.64,1,
2025,2025/5/23,楽天,日本ハム,楽天モバイルパーク,Home,R,金村,1.8,3.2,2.3,0,
2025,2025/5/23,西武,ロッテ,ＺＯＺＯマリン,Away,L,小島,1.8,2.6,3,3,
2025,2025/5/23,ロッテ,西武,ＺＯＺＯマリン,Home,R,与座,2.6,1.8,0,9,
2025,2025/5/24,ヤクルト,巨人,東京ドーム,Away,L,グリフィン,2.6,3,0.9,2,まる
2025,2025/5/24,巨人,ヤクルト,東京ドーム,Home,R,吉村,3,2.6,3.28,4,
2025,2025/5/24,阪神,中日,バンテリンドーム,Away,R,高橋宏,3.5,2.5,3.35,4,
2025,2025/5/24,中日,阪神,バンテリンドーム,Home,L,大竹,2.5,3.5,3.65,5,
2025,2025/5/24,日本ハム,楽天,楽天モバイルパーク,Away,R,荘司,1.8,0.8,1.25,1,
2025,2025/5/24,楽天,日本ハム,楽天モバイルパーク,Home,L,山崎,0.8,1.8,1.84,2,
2025,2025/5/24,西武,ロッテ,ＺＯＺＯマリン,Away,L,サモンズ,1.8,4.4,1.17,6,
2025,2025/5/24,ロッテ,西武,ＺＯＺＯマリン,Home,R,今井,4.4,1.8,0.59,1,
2025,2025/5/25,ヤクルト,巨人,東京ドーム,Away,R,戸郷,1.6,3.5,7.52,2,
2025,2025/5/25,巨人,ヤクルト,東京ドーム,Home,R,アビラ,3.5,1.6,1.5,5,
2025,2025/5/25,阪神,中日,バンテリンドーム,Away,L,松葉,3.33,3.33,1.92,5,
2025,2025/5/25,中日,阪神,バンテリンドーム,Home,L,伊原,3.33,3.33,1.45,1,
2025,2025/5/25,ＤｅＮＡ,広島,マツダスタジアム,Away,L,床田,6.2,1.75,1.85,0,
2025,2025/5/25,広島,ＤｅＮＡ,マツダスタジアム,Home,L,東,1.75,6.2,2.35,3,
2025,2025/5/25,日本ハム,楽天,楽天モバイルパーク,Away,R,ヤフーレ,1.67,1,0,1,
2025,2025/5/25,楽天,日本ハム,楽天モバイルパーク,Home,L,細野,1,1.67,0,1,
2025,2025/5/25,西武,ロッテ,ＺＯＺＯマリン,Away,R,ボス,2.4,3.83,2.13,8,
2025,2025/5/25,ロッテ,西武,ＺＯＺＯマリン,Home,L,隅田,3.83,2.4,1.33,0,
2025,2025/5/25,オリックス,ソフトバンク,平和リース,Away,R,上沢,3,3,2.2,13,
2025,2025/5/25,ソフトバンク,オリックス,平和リース,Home,L,曽谷,3,3,2.05,5,
2025,2025/5/27,広島,巨人,富山,Away,L,井上,2.25,3.67,2.57,2,
2025,2025/5/27,巨人,広島,富山,Home,L,玉村,3.67,2.25,3.9,1,
2025,2025/5/27,中日,ヤクルト,神宮,Away,R,ランバート,2.33,1.6,3.51,1,
2025,2025/5/27,ヤクルト,中日,神宮,Home,L,金丸,1.6,2.33,2.25,2,
2025,2025/5/27,ＤｅＮＡ,阪神,倉敷,Away,R,才木,4.2,3.67,1.99,0,
2025,2025/5/27,阪神,ＤｅＮＡ,倉敷,Home,R,バウアー,3.67,4.2,3.93,1,
2025,2025/5/27,楽天,西武,上毛新聞敷島,Away,R,高橋,1,3.8,2.45,3,
2025,2025/5/27,西武,楽天,上毛新聞敷島,Home,R,内,3.8,1,1.59,1,
2025,2025/5/27,オリックス,ロッテ,ＺＯＺＯマリン,Away,R,田中晴,5.5,3.5,2.79,4,
2025,2025/5/27,ロッテ,オリックス,ＺＯＺＯマリン,Home,R,九里,3.5,5.5,1.97,6,
2025,2025/5/27,日本ハム,ソフトバンク,みずほペイペイドーム,Away,R,有原,1.67,3.75,4.5,5,
2025,2025/5/27,ソフトバンク,日本ハム,みずほペイペイドーム,Home,R,伊藤,3.75,1.67,2.36,2,
2025,2025/5/28,広島,巨人,金沢,Away,R,山崎,2,3.83,2.02,1,
2025,2025/5/28,巨人,広島,金沢,Home,R,大瀬良,3.83,2,1.98,4,
2025,2025/5/28,中日,ヤクルト,神宮,Away,R,高梨裕,2.17,1.6,2.17,4,
2025,2025/5/28,ヤクルト,中日,神宮,Home,L,三浦,1.6,2.17,3.68,1,
2025,2025/5/28,ＤｅＮＡ,阪神,甲子園,Away,L,門別,2.2,3.17,4.72,0,
2025,2025/5/28,阪神,ＤｅＮＡ,甲子園,Home,L,ケイ,3.17,2.2,1.1,1,
2025,2025/5/28,楽天,西武,ベルーナドーム,Away,R,渡辺,1.6,3.8,3.19,0,
2025,2025/5/28,西武,楽天,ベルーナドーム,Home,R,滝中,3.8,1.6,2.49,6,
2025,2025/5/28,オリックス,ロッテ,ＺＯＺＯマリン,Away,R,種市,6,4.33,4.46,2,
2025,2025/5/28,ロッテ,オリックス,ＺＯＺＯマリン,Home,R,エスピノーザ,4.33,6,3.06,1,
2025,2025/5/28,日本ハム,ソフトバンク,みずほペイペイドーム,Away,L,モイネロ,2.17,3,1.69,1,
2025,2025/5/28,ソフトバンク,日本ハム,みずほペイペイドーム,Home,L,加藤貴,3,2.17,2.94,2,
2025,2025/5/29,中日,ヤクルト,神宮,Away,R,小川,1.83,1.5,2.52,6,
2025,2025/5/29,ヤクルト,中日,神宮,Home,L,マラー,1.5,1.83,6.04,0,
2025,2025/5/29,ＤｅＮＡ,阪神,甲子園,Away,R,デュプランティエ,1.2,2.67,1.09,5,
2025,2025/5/29,阪神,ＤｅＮＡ,甲子園,Home,R,ジャクソン,2.67,1.2,1.27,1,
2025,2025/5/29,楽天,西武,ベルーナドーム,Away,L,武内,1.33,4.17,1.42,6,
2025,2025/5/29,西武,楽天,ベルーナドーム,Home,R,ハワード,4.17,1.33,0.69,3,
2025,2025/5/30,ヤクルト,ＤｅＮＡ,横浜,Away,R,大貫,1.17,1.4,3.47,2,
2025,2025/5/30,ＤｅＮＡ,ヤクルト,横浜,Home,L,山野,1.4,1.17,4.65,6,
2025,2025/5/30,巨人,中日,バンテリンドーム,Away,L,大野,3.8,2.83,3.47,4,
2025,2025/5/30,中日,巨人,バンテリンドーム,Home,R,赤星,2.83,3.8,1.83,1,
2025,2025/5/30,阪神,広島,マツダスタジアム,Away,R,森下,2.5,1.75,2.39,5,
2025,2025/5/30,広島,阪神,マツダスタジアム,Home,R,村上,1.75,2.5,1.67,2,
2025,2025/5/30,ロッテ,日本ハム,エスコンフィールド,Away,R,達,3.4,1.8,0.69,1,
2025,2025/5/30,日本ハム,ロッテ,エスコンフィールド,Home,L,小島,1.8,3.4,3.06,4,
2025,2025/5/30,ソフトバンク,楽天,楽天モバイルパーク,Away,R,岸,3,2,5.35,4,
2025,2025/5/30,楽天,ソフトバンク,楽天モバイルパーク,Home,L,大関,2,3,2.7,2,
2025,2025/5/31,ヤクルト,ＤｅＮＡ,横浜,Away,R,石田裕,1.5,2.2,3.71,2,
2025,2025/5/31,ＤｅＮＡ,ヤクルト,横浜,Home,R,吉村,2.2,1.5,3.23,5,
2025,2025/5/31,巨人,中日,バンテリンドーム,Away,R,高橋宏,3.6,3,3.48,2,
2025,2025/5/31,中日,巨人,バンテリンドーム,Home,L,グリフィン,3,3.6,0.69,4,
2025,2025/5/31,阪神,広島,マツダスタジアム,Away,L,床田,2.83,2,1.6,2,
2025,2025/5/31,広島,阪神,マツダスタジアム,Home,L,大竹,2,2.83,4.15,0,
2025,2025/5/31,ロッテ,日本ハム,エスコンフィールド,Away,L,山崎,1.8,2.4,1.99,3,
2025,2025/5/31,日本ハム,ロッテ,エスコンフィールド,Home,R,西野,2.4,1.8,4.01,4,
2025,2025/5/31,西武,オリックス,ほっともっと神戸,Away,L,宮城,4.8,6.33,1.65,2,
2025,2025/5/31,オリックス,西武,ほっともっと神戸,Home,R,今井,6.33,4.8,0.65,3,
2025,2025/6/1,ヤクルト,ＤｅＮＡ,横浜,Away,R,バウアー,1.5,2.67,3.43,2,
2025,2025/6/1,ＤｅＮＡ,ヤクルト,横浜,Home,R,下川,2.67,1.5,0,3,
2025,2025/6/1,巨人,中日,バンテリンドーム,Away,L,松葉,3.2,2.83,1.84,1,
2025,2025/6/1,中日,巨人,バンテリンドーム,Home,R,戸郷,2.83,3.2,6.4,4,
2025,2025/6/1,阪神,広島,マツダスタジアム,Away,L,森,2.5,1.6,3.03,8,
2025,2025/6/1,広島,阪神,マツダスタジアム,Home,L,伊原,1.6,2.5,1.25,0,
2025,2025/6/1,ロッテ,日本ハム,エスコンフィールド,Away,R,北山,2.2,3,1.55,0,
2025,2025/6/1,日本ハム,ロッテ,エスコンフィールド,Home,R,ボス,3,2.2,2.76,1,
2025,2025/6/1,ソフトバンク,楽天,楽天モバイルパーク,Away,L,藤井聖,3.25,2.4,3.06,0,
2025,2025/6/1,楽天,ソフトバンク,楽天モバイルパーク,Home,L,松本晴,2.4,3.25,0.42,3,
2025,2025/6/1,西武,オリックス,ほっともっと神戸,Away,L,曽谷,4,5.5,2.81,3,
2025,2025/6/1,オリックス,西武,ほっともっと神戸,Home,R,与座,5.5,4,4.6,2,
2025,2025/6/3,阪神,日本ハム,エスコンフィールド,Away,R,古林睿煬,3,3,2.93,1,
2025,2025/6/3,日本ハム,阪神,エスコンフィールド,Home,R,才木,3,3,1.78,0,
2025,2025/6/3,ＤｅＮＡ,楽天,楽天モバイルパーク,Away,R,ヤフーレ,3.17,2.8,0.56,6,
2025,2025/6/3,楽天,ＤｅＮＡ,楽天モバイルパーク,Home,L,東,2.8,3.17,2.11,3,
2025,2025/6/3,ヤクルト,西武,ベルーナドーム,Away,L,隅田,1.5,3,1.19,0,
2025,2025/6/3,西武,ヤクルト,ベルーナドーム,Home,R,ランバート,3,1.5,2.97,1,
2025,2025/6/3,広島,オリックス,京セラドーム大阪,Away,R,九里,1,2.75,2.2,5,
2025,2025/6/3,オリックス,広島,京セラドーム大阪,Home,L,玉村,2.75,1,3.62,2,
2025,2025/6/3,中日,ソフトバンク,みずほペイペイドーム,Away,R,有原,3.33,2,4.35,0,
2025,2025/6/3,ソフトバンク,中日,みずほペイペイドーム,Home,R,涌井,2,3.33,1.44,4,
2025,2025/6/4,阪神,日本ハム,エスコンフィールド,Away,L,加藤貴,3,2,2.52,4,
2025,2025/6/4,日本ハム,阪神,エスコンフィールド,Home,L,門別,2,3,3.98,5,
2025,2025/6/4,ＤｅＮＡ,楽天,楽天モバイルパーク,Away,R,内,4.17,2.8,1.61,1,
2025,2025/6/4,楽天,ＤｅＮＡ,楽天モバイルパーク,Home,R,ジャクソン,2.8,4.17,1.27,3,
2025,2025/6/4,ヤクルト,西武,ベルーナドーム,Away,R,渡辺,1.17,3,2.74,2,
2025,2025/6/4,西武,ヤクルト,ベルーナドーム,Home,R,高梨裕,3,1.17,2.06,4,
2025,2025/6/4,巨人,ロッテ,ＺＯＺＯマリン,Away,R,石川柊,2.75,1.25,4.03,3,
2025,2025/6/4,ロッテ,巨人,ＺＯＺＯマリン,Home,L,井上,1.25,2.75,2.57,5,
2025,2025/6/4,広島,オリックス,京セラドーム大阪,Away,L,田嶋,1.6,2.25,3.9,1,
2025,2025/6/4,オリックス,広島,京セラドーム大阪,Home,R,大瀬良,2.25,1.6,2.09,6,
2025,2025/6/4,中日,ソフトバンク,みずほペイペイドーム,Away,L,前田純,3.17,2.5,2.29,2,
2025,2025/6/4,ソフトバンク,中日,みずほペイペイドーム,Home,L,三浦,2.5,3.17,2.66,8,
2025,2025/6/5,阪神,日本ハム,エスコンフィールド,Away,L,細野,3.5,2.8,0.69,7,
2025,2025/6/5,日本ハム,阪神,エスコンフィールド,Home,R,デュプランティエ,2.8,3.5,1.8,1,
2025,2025/6/5,ＤｅＮＡ,楽天,ヨーク開成山,Away,R,滝中,4.33,3.4,3.56,5,
2025,2025/6/5,楽天,ＤｅＮＡ,ヨーク開成山,Home,L,ケイ,3.4,4.33,1.15,0,
2025,2025/6/5,ヤクルト,西武,ベルーナドーム,Away,L,菅井,1.33,2.6,2.03,4,
2025,2025/6/5,西武,ヤクルト,ベルーナドーム,Home,R,アビラ,2.6,1.33,5,1,
2025,2025/6/5,巨人,ロッテ,ＺＯＺＯマリン,Away,R,種市,2.5,2.25,3.89,1,
2025,2025/6/5,ロッテ,巨人,ＺＯＺＯマリン,Home,R,山崎,2.25,2.5,1.97,2,
2025,2025/6/5,広島,オリックス,京セラドーム大阪,Away,R,エスピノーザ,1.6,3.25,2.76,3,
2025,2025/6/5,オリックス,広島,京セラドーム大阪,Home,R,アドゥワ,3.25,1.6,0,4,
2025,2025/6/5,中日,ソフトバンク,みずほペイペイドーム,Away,L,大関,2.83,4,2.61,4,
2025,2025/6/5,ソフトバンク,中日,みずほペイペイドーム,Home,L,金丸,4,2.83,1.5,8,
2025,2025/6/6,楽天,巨人,東京ドーム,Away,R,赤星,2.2,2.2,1.8,2,
2025,2025/6/6,巨人,楽天,東京ドーム,Home,R,ハワード,2.2,2.2,2.08,0,
2025,2025/6/6,ソフトバンク,ヤクルト,神宮,Away,L,山野,4.8,2,4.5,2,
2025,2025/6/6,ヤクルト,ソフトバンク,神宮,Home,L,モイネロ,2,4.8,1.47,3,
2025,2025/6/6,日本ハム,ＤｅＮＡ,横浜,Away,R,バウアー,2.5,4.33,3.3,1,
2025,2025/6/6,ＤｅＮＡ,日本ハム,横浜,Home,R,伊藤,4.33,2.5,2.38,2,
2025,2025/6/6,ロッテ,中日,バンテリンドーム,Away,L,大野,2.2,2.5,3.03,2,
2025,2025/6/6,中日,ロッテ,バンテリンドーム,Home,L,小島,2.5,2.2,3.21,3,
2025,2025/6/6,オリックス,阪神,甲子園,Away,R,村上,3.4,4.5,1.63,0,
2025,2025/6/6,阪神,オリックス,甲子園,Home,R,東,4.5,3.4,2.16,1,
2025,2025/6/6,西武,広島,マツダスタジアム,Away,R,森下,2.2,1.83,2.25,2,
2025,2025/6/6,広島,西武,マツダスタジアム,Home,R,高橋,1.83,2.2,2.18,3,
2025,2025/6/7,楽天,巨人,東京ドーム,Away,L,グリフィン,2.2,1.4,1.09,0,
2025,2025/6/7,巨人,楽天,東京ドーム,Home,R,大内,1.4,2.2,0,2,
2025,2025/6/7,ソフトバンク,ヤクルト,神宮,Away,R,吉村,4.4,2.17,3.19,8,
2025,2025/6/7,ヤクルト,ソフトバンク,神宮,Home,R,上沢,2.17,4.4,3.67,1,
2025,2025/6/7,日本ハム,ＤｅＮＡ,横浜,Away,R,大貫,2,3.67,2.97,7,
2025,2025/6/7,ＤｅＮＡ,日本ハム,横浜,Home,L,山崎,3.67,2,1.91,4,
2025,2025/6/7,ロッテ,中日,バンテリンドーム,Away,R,高橋宏,2.4,2.83,3.38,3,
2025,2025/6/7,中日,ロッテ,バンテリンドーム,Home,R,田中晴,2.83,2.4,2.25,4,
2025,2025/6/7,オリックス,阪神,甲子園,Away,L,大竹,2.83,3.83,2.92,2,
2025,2025/6/7,阪神,オリックス,甲子園,Home,L,宮城,3.83,2.83,1.71,8,
2025,2025/6/7,西武,広島,マツダスタジアム,Away,L,床田,2.17,2,1.55,2,
2025,2025/6/7,広島,西武,マツダスタジアム,Home,R,今井,2,2.17,0.83,5,
2025,2025/6/8,楽天,巨人,東京ドーム,Away,R,戸郷,1.83,1.4,5.68,0,
2025,2025/6/8,巨人,楽天,東京ドーム,Home,L,藤井聖,1.4,1.83,2.5,5,
2025,2025/6/8,ソフトバンク,ヤクルト,神宮,Away,L,高橋,5,2,2.22,2,
2025,2025/6/8,ヤクルト,ソフトバンク,神宮,Home,L,松本晴,2,5,1.44,4,
2025,2025/6/8,日本ハム,ＤｅＮＡ,横浜,Away,R,石田裕,2.5,3.5,3.18,4,
2025,2025/6/8,ＤｅＮＡ,日本ハム,横浜,Home,R,金村,3.5,2.5,1.9,5,
2025,2025/6/8,ロッテ,中日,バンテリンドーム,Away,L,松葉,2.4,2.83,1.78,0,
2025,2025/6/8,中日,ロッテ,バンテリンドーム,Home,R,ボス,2.83,2.4,2.37,3,
2025,2025/6/8,オリックス,阪神,甲子園,Away,L,伊原,2.67,4.83,1.09,1,
2025,2025/6/8,阪神,オリックス,甲子園,Home,L,曽谷,4.83,2.67,2.57,8,
2025,2025/6/8,西武,広島,マツダスタジアム,Away,L,森,2.17,2.83,3.02,0,
2025,2025/6/8,広島,西武,マツダスタジアム,Home,L,武内,2.83,2.17,3.38,10,
2025,2025/6/10,ヤクルト,日本ハム,エスコンフィールド,Away,R,達,2.33,3,0.46,1,
2025,2025/6/10,日本ハム,ヤクルト,エスコンフィールド,Home,R,ランバート,3,2.33,2.53,3,
2025,2025/6/10,中日,楽天,きらやかスタジアム,Away,R,ヤフーレ,2.67,1.33,1.74,3,
2025,2025/6/10,楽天,中日,きらやかスタジアム,Home,L,マラー,1.33,2.67,4.73,1,
2025,2025/6/10,阪神,西武,ベルーナドーム,Away,L,隅田,4.83,1.67,1.04,2,
2025,2025/6/10,西武,阪神,ベルーナドーム,Home,R,才木,1.67,4.83,1.57,4,
2025,2025/6/10,広島,ロッテ,ＺＯＺＯマリン,Away,L,サモンズ,4.5,2.4,3.55,1,
2025,2025/6/10,ロッテ,広島,ＺＯＺＯマリン,Home,L,玉村,2.4,4.5,3.32,6,
2025,2025/6/10,ＤｅＮＡ,オリックス,京セラドーム大阪,Away,R,九里,3.83,2.5,2.3,0,
2025,2025/6/10,オリックス,ＤｅＮＡ,京セラドーム大阪,Home,L,東,2.5,3.83,1.95,2,
2025,2025/6/10,巨人,ソフトバンク,みずほペイペイドーム,Away,R,有原,2.2,5.33,3.9,2,
2025,2025/6/10,ソフトバンク,巨人,みずほペイペイドーム,Home,L,井上,5.33,2.2,3,5,
2025,2025/6/11,ヤクルト,日本ハム,エスコンフィールド,Away,L,加藤貴,2.5,3.5,2.62,2,
2025,2025/6/11,日本ハム,ヤクルト,エスコンフィールド,Home,R,高梨裕,3.5,2.5,2.48,8,
2025,2025/6/11,中日,楽天,楽天モバイルパーク,Away,R,内,3.17,1,1.32,8,
2025,2025/6/11,楽天,中日,楽天モバイルパーク,Home,R,涌井,1,3.17,2.48,5,
2025,2025/6/11,阪神,西武,ベルーナドーム,Away,R,渡辺,5,2.17,2.56,2,
2025,2025/6/11,西武,阪神,ベルーナドーム,Home,L,伊藤将,2.17,5,0,3,
2025,2025/6/11,広島,ロッテ,ＺＯＺＯマリン,Away,R,西野,3.83,3,3.69,6,
2025,2025/6/11,ロッテ,広島,ＺＯＺＯマリン,Home,R,大瀬良,3,3.83,2.85,2,
2025,2025/6/11,ＤｅＮＡ,オリックス,京セラドーム大阪,Away,L,田嶋,2.83,2.5,3.29,4,
2025,2025/6/11,オリックス,ＤｅＮＡ,京セラドーム大阪,Home,R,ジャクソン,2.5,2.83,1.55,0,
2025,2025/6/11,巨人,ソフトバンク,みずほペイペイドーム,Away,L,前田純,2.17,5.5,1.87,7,
2025,2025/6/11,ソフトバンク,巨人,みずほペイペイドーム,Home,R,西舘,5.5,2.17,2.57,3,
2025,2025/6/12,ヤクルト,日本ハム,エスコンフィールド,Away,R,北山,2.5,4,1.35,1,
2025,2025/6/12,日本ハム,ヤクルト,エスコンフィールド,Home,R,アビラ,4,2.5,3.38,6,
2025,2025/6/12,中日,楽天,楽天モバイルパーク,Away,R,岸,4.17,1.33,4.89,0,
2025,2025/6/12,楽天,中日,楽天モバイルパーク,Home,L,三浦,1.33,4.17,4.01,4,
2025,2025/6/12,阪神,西武,ベルーナドーム,Away,L,菅井,4.67,2,2.75,1,
2025,2025/6/12,西武,阪神,ベルーナドーム,Home,R,デュプランティエ,2,4.67,1.54,4,
2025,2025/6/12,広島,ロッテ,ＺＯＺＯマリン,Away,R,種市,4.67,2.5,3.42,4,
2025,2025/6/12,ロッテ,広島,ＺＯＺＯマリン,Home,R,アドゥワ,2.5,4.67,7.2,5,
2025,2025/6/12,ＤｅＮＡ,オリックス,京セラドーム大阪,Away,R,エスピノーザ,3.33,1.5,2.81,2,
2025,2025/6/12,オリックス,ＤｅＮＡ,京セラドーム大阪,Home,R,バウアー,1.5,3.33,3.04,4,
2025,2025/6/12,巨人,ソフトバンク,みずほペイペイドーム,Away,L,大関,2.83,4.67,2.3,0,
2025,2025/6/12,ソフトバンク,巨人,みずほペイペイドーム,Home,R,山崎,4.67,2.83,2.05,0,
2025,2025/6/13,広島,日本ハム,エスコンフィールド,Away,R,伊藤,4.83,4.83,2.37,6,
2025,2025/6/13,日本ハム,広島,エスコンフィールド,Home,R,森下,4.83,4.83,2.14,2,
2025,2025/6/13,阪神,楽天,楽天モバイルパーク,Away,R,ハワード,3.67,2,1.48,2,
2025,2025/6/13,楽天,阪神,楽天モバイルパーク,Home,R,村上,2,3.67,1.47,3,
2025,2025/6/13,中日,西武,ベルーナドーム,Away,R,高橋,3.5,2.5,2.04,2,
2025,2025/6/13,西武,中日,ベルーナドーム,Home,L,金丸,2.5,3.5,2.62,1,
2025,2025/6/13,ヤクルト,ロッテ,ＺＯＺＯマリン,Away,R,石川柊,2,3,3.25,4,
2025,2025/6/13,ロッテ,ヤクルト,ＺＯＺＯマリン,Home,R,奥川,3,2,5.61,5,
2025,2025/6/13,巨人,オリックス,京セラドーム大阪,Away,R,寺西,2.67,1.5,0,3,
2025,2025/6/13,オリックス,巨人,京セラドーム大阪,Home,R,赤星,1.5,2.67,1.76,7,
2025,2025/6/13,ＤｅＮＡ,ソフトバンク,みずほペイペイドーム,Away,L,モイネロ,2.83,3.33,1.3,1,
2025,2025/6/13,ソフトバンク,ＤｅＮＡ,みずほペイペイドーム,Home,L,ケイ,3.33,2.83,1.02,4,
2025,2025/6/14,広島,日本ハム,エスコンフィールド,Away,L,細野,5.33,5,2.6,0,
2025,2025/6/14,日本ハム,広島,エスコンフィールド,Home,L,床田,5,5.33,1.6,5,
2025,2025/6/14,阪神,楽天,楽天モバイルパーク,Away,L,古謝,3.83,2.17,4.28,4,
2025,2025/6/14,楽天,阪神,楽天モバイルパーク,Home,L,大竹,2.17,3.83,3,5,
2025,2025/6/14,中日,西武,ベルーナドーム,Away,R,与座,3.33,2.33,4.29,1,
2025,2025/6/14,西武,中日,ベルーナドーム,Home,R,高橋宏,2.33,3.33,3.37,2,
2025,2025/6/14,ヤクルト,ロッテ,ＺＯＺＯマリン,Away,L,小島,2.17,3.5,3.25,5,
2025,2025/6/14,ロッテ,ヤクルト,ＺＯＺＯマリン,Home,R,吉村,3.5,2.17,3.86,0,
2025,2025/6/14,巨人,オリックス,京セラドーム大阪,Away,L,宮城,3.17,2.67,1.96,1,
2025,2025/6/14,オリックス,巨人,京セラドーム大阪,Home,L,グリフィン,2.67,3.17,0.92,2,
2025,2025/6/14,ＤｅＮＡ,ソフトバンク,みずほペイペイドーム,Away,R,上沢,2.67,3.67,3.26,0,
2025,2025/6/14,ソフトバンク,ＤｅＮＡ,みずほペイペイドーム,Home,R,大貫,3.67,2.67,3.97,4,
2025,2025/6/15,広島,日本ハム,エスコンフィールド,Away,R,金村,4.5,4.67,2.17,7,
2025,2025/6/15,日本ハム,広島,エスコンフィールド,Home,L,森,4.67,4.5,2.52,8,
2025,2025/6/15,阪神,楽天,楽天モバイルパーク,Away,L,藤井聖,3.17,3,2.36,2,
2025,2025/6/15,楽天,阪神,楽天モバイルパーク,Home,L,伊原,3,3.17,0.99,3,
2025,2025/6/15,中日,西武,ベルーナドーム,Away,L,武内,2.83,2.33,5.09,0,
2025,2025/6/15,西武,中日,ベルーナドーム,Home,L,松葉,2.33,2.83,1.61,1,
2025,2025/6/15,ヤクルト,ロッテ,ＺＯＺＯマリン,Away,R,ボス,2.83,3,2.14,4,
2025,2025/6/15,ロッテ,ヤクルト,ＺＯＺＯマリン,Home,L,高橋,3,2.83,2.04,5,
2025,2025/6/15,巨人,オリックス,京セラドーム大阪,Away,L,曽谷,3,2.67,3,3,
2025,2025/6/15,オリックス,巨人,京セラドーム大阪,Home,R,戸郷,2.67,3,4.8,8,
2025,2025/6/15,ＤｅＮＡ,ソフトバンク,みずほペイペイドーム,Away,L,松本晴,2,3,2.1,3,
2025,2025/6/15,ソフトバンク,ＤｅＮＡ,みずほペイペイドーム,Home,R,石田裕,3,2,3.77,4,
2025,2025/6/17,日本ハム,巨人,東京ドーム,Away,L,井上,5.33,2.67,3.08,4,
2025,2025/6/17,巨人,日本ハム,東京ドーム,Home,R,達,2.67,5.33,0.34,1,
2025,2025/6/17,楽天,ヤクルト,神宮,Away,R,高梨裕,3.5,2.83,3.48,4,
2025,2025/6/17,ヤクルト,楽天,神宮,Home,R,ヤフーレ,2.83,3.5,1.65,4,
2025,2025/6/17,西武,ＤｅＮＡ,横浜,Away,R,バウアー,2.5,1.67,3.26,3,
2025,2025/6/17,ＤｅＮＡ,西武,横浜,Home,R,今井,1.67,2.5,1.3,0,
2025,2025/6/17,オリックス,中日,バンテリンドーム,Away,L,マラー,3.83,2.33,4.19,5,
2025,2025/6/17,中日,オリックス,バンテリンドーム,Home,R,東,2.33,3.83,1.98,3,
2025,2025/6/17,ロッテ,阪神,甲子園,Away,R,才木,3.83,2.17,1.45,3,
2025,2025/6/17,阪神,ロッテ,甲子園,Home,R,木村,2.17,3.83,2.75,1,
2025,2025/6/17,ソフトバンク,広島,マツダスタジアム,Away,L,玉村,3.33,4,3.7,2,
2025,2025/6/17,広島,ソフトバンク,マツダスタジアム,Home,R,有原,4,3.33,3.77,0,
2025,2025/6/18,日本ハム,巨人,東京ドーム,Away,R,西舘,5.5,2.5,3.21,1,
2025,2025/6/18,巨人,日本ハム,東京ドーム,Home,L,山崎,2.5,5.5,1.95,2,
2025,2025/6/18,楽天,ヤクルト,神宮,Away,R,ランバート,4,3.33,2.58,6,
2025,2025/6/18,ヤクルト,楽天,神宮,Home,R,滝中,3.33,4,3.41,2,
2025,2025/6/18,西武,ＤｅＮＡ,横浜,Away,R,ジャクソン,2.33,1.67,1.4,2,
2025,2025/6/18,ＤｅＮＡ,西武,横浜,Home,L,隅田,1.67,2.33,1.18,4,
2025,2025/6/18,オリックス,中日,バンテリンドーム,Away,R,涌井,4.33,2.33,2.91,3,
2025,2025/6/18,中日,オリックス,バンテリンドーム,Home,R,九里,2.33,4.33,2.07,6,
2025,2025/6/18,ロッテ,阪神,甲子園,Away,L,伊藤将,3.33,2,0,1,
2025,2025/6/18,阪神,ロッテ,甲子園,Home,R,田中晴,2,3.33,2.09,8,
2025,2025/6/18,ソフトバンク,広島,マツダスタジアム,Away,R,大瀬良,2.83,3.83,2.69,4,
2025,2025/6/18,広島,ソフトバンク,マツダスタジアム,Home,L,前田純,3.83,2.83,3,8,
2025,2025/6/19,日本ハム,巨人,東京ドーム,Away,R,山崎,4.33,1.67,1.93,4,
2025,2025/6/19,巨人,日本ハム,東京ドーム,Home,R,北山,1.67,4.33,1.17,1,
2025,2025/6/19,楽天,ヤクルト,神宮,Away,R,アビラ,4.17,3.33,4.76,3,
2025,2025/6/19,ヤクルト,楽天,神宮,Home,R,岸,3.33,4.17,4.14,1,
2025,2025/6/19,西武,ＤｅＮＡ,横浜,Away,L,東,2.17,1.67,1.95,2,
2025,2025/6/19,ＤｅＮＡ,西武,横浜,Home,R,渡辺,1.67,2.17,2.42,1,
2025,2025/6/19,オリックス,中日,バンテリンドーム,Away,L,三浦,4.83,2,3.9,6,
2025,2025/6/19,中日,オリックス,バンテリンドーム,Home,L,田嶋,2,4.83,3.13,1,
2025,2025/6/19,ロッテ,阪神,甲子園,Away,R,デュプランティエ,3.17,3,1.95,0,
2025,2025/6/19,阪神,ロッテ,甲子園,Home,R,種市,3,3.17,3.71,2,
2025,2025/6/19,ソフトバンク,広島,マツダスタジアム,Away,R,ドミンゲス,3,4.17,2.08,16,
2025,2025/6/19,広島,ソフトバンク,マツダスタジアム,Home,L,大関,4.17,3,2,2,
2025,2025/6/20,西武,巨人,東京ドーム,Away,R,赤星,1.83,1.83,2.2,1,
2025,2025/6/20,巨人,西武,東京ドーム,Home,R,高橋,1.83,1.83,2.25,2,
2025,2025/6/20,オリックス,ヤクルト,神宮,Away,R,小川,5.17,3.33,3.45,10,
2025,2025/6/20,ヤクルト,オリックス,神宮,Home,R,エスピノーザ,3.33,5.17,2.78,8,
2025,2025/6/20,ロッテ,ＤｅＮＡ,横浜,Away,L,ケイ,2.33,1.5,1.46,6,
2025,2025/6/20,ＤｅＮＡ,ロッテ,横浜,Home,R,石川柊,1.5,2.33,3.82,1,
2025,2025/6/20,日本ハム,中日,バンテリンドーム,Away,L,大野,4,2.17,2.87,1,
2025,2025/6/20,中日,日本ハム,バンテリンドーム,Home,R,伊藤,2.17,4,2.8,0,
2025,2025/6/20,ソフトバンク,阪神,甲子園,Away,R,村上,5.67,3.17,1.68,2,
2025,2025/6/20,阪神,ソフトバンク,甲子園,Home,L,モイネロ,3.17,5.67,1.26,1,
2025,2025/6/20,楽天,広島,マツダスタジアム,Away,R,森下,4,3.83,2.12,4,
2025,2025/6/20,広島,楽天,マツダスタジアム,Home,L,早川,3.83,4,2.45,0,
2025,2025/6/21,西武,巨人,東京ドーム,Away,L,グリフィン,1.83,1.67,0.78,2,
2025,2025/6/21,巨人,西武,東京ドーム,Home,R,与座,1.67,1.83,3.62,5,
2025,2025/6/21,オリックス,ヤクルト,神宮,Away,R,吉村,5.67,4,3.31,2,
2025,2025/6/21,ヤクルト,オリックス,神宮,Home,L,宮城,4,5.67,1.82,5,
2025,2025/6/21,ロッテ,ＤｅＮＡ,横浜,Away,R,大貫,2.5,1.5,3.6,0,
2025,2025/6/21,ＤｅＮＡ,ロッテ,横浜,Home,R,広池,1.5,2.5,0,5,
2025,2025/6/21,日本ハム,中日,バンテリンドーム,Away,R,高橋宏,3.83,1.83,3.26,3,
2025,2025/6/21,中日,日本ハム,バンテリンドーム,Home,L,加藤貴,1.83,3.83,2.52,2,
2025,2025/6/21,ソフトバンク,阪神,甲子園,Away,L,大竹,5.33,3,2.83,0,
2025,2025/6/21,阪神,ソフトバンク,甲子園,Home,R,上沢,3,5.33,2.91,3,
2025,2025/6/21,楽天,広島,マツダスタジアム,Away,L,床田,4.17,2.83,1.91,3,
2025,2025/6/21,広島,楽天,マツダスタジアム,Home,R,内,2.83,4.17,2.08,8,
2025,2025/6/22,西武,巨人,東京ドーム,Away,R,戸郷,1.83,2.33,5.22,5,
2025,2025/6/22,巨人,西武,東京ドーム,Home,L,武内,2.33,1.83,4.03,0,
2025,2025/6/22,オリックス,ヤクルト,神宮,Away,R,中村優,5.67,4,0,4,
2025,2025/6/22,ヤクルト,オリックス,神宮,Home,L,曽谷,4,5.67,3.09,2,
2025,2025/6/22,ロッテ,ＤｅＮＡ,横浜,Away,R,バウアー,2.5,2.33,3.26,10,
2025,2025/6/22,ＤｅＮＡ,ロッテ,横浜,Home,R,ボス,2.33,2.5,2.45,9,
2025,2025/6/22,日本ハム,中日,バンテリンドーム,Away,L,松葉,3.5,2,1.56,1,
2025,2025/6/22,中日,日本ハム,バンテリンドーム,Home,R,金村,2,3.5,2.43,4,
2025,2025/6/22,ソフトバンク,阪神,甲子園,Away,L,伊原,4.67,2.83,1.19,3,
2025,2025/6/22,阪神,ソフトバンク,甲子園,Home,L,松本晴,2.83,4.67,2.29,1,
2025,2025/6/22,楽天,広島,マツダスタジアム,Away,L,森,3.83,4.17,2.8,2,
2025,2025/6/22,広島,楽天,マツダスタジアム,Home,L,藤井聖,4.17,3.83,2.09,5,
2025,2025/6/24,巨人,ロッテ,ＺＯＺＯマリン,Away,L,サモンズ,1.83,3.33,2.75,4,
2025,2025/6/24,ロッテ,巨人,ＺＯＺＯマリン,Home,R,西舘,3.33,1.83,2.57,6,
2025,2025/6/27,ＤｅＮＡ,巨人,東京ドーム,Away,R,山崎,5,2.75,2.03,0,
2025,2025/6/27,巨人,ＤｅＮＡ,東京ドーム,Home,L,ケイ,2.75,5,1.82,4,
2025,2025/6/27,阪神,ヤクルト,神宮,Away,R,ランバート,1.67,5,3.16,3,
2025,2025/6/27,ヤクルト,阪神,神宮,Home,R,村上,5,1.67,1.63,4,
2025,2025/6/27,広島,中日,バンテリンドーム,Away,L,大野,4.33,2,2.62,2,
2025,2025/6/27,中日,広島,バンテリンドーム,Home,R,森下,2,4.33,2.25,3,
2025,2025/6/27,日本ハム,西武,ベルーナドーム,Away,R,今井,1.67,2.67,1.17,5,
2025,2025/6/27,西武,日本ハム,ベルーナドーム,Home,R,伊藤,2.67,1.67,2.5,2,
2025,2025/6/27,ソフトバンク,ロッテ,ＺＯＺＯマリン,Away,R,種市,1.67,5.5,3.6,6,
2025,2025/6/27,ロッテ,ソフトバンク,ＺＯＺＯマリン,Home,L,モイネロ,5.5,1.67,1.28,3,
2025,2025/6/27,楽天,オリックス,京セラドーム大阪,Away,R,九里,3,5.33,2.4,2,
2025,2025/6/27,オリックス,楽天,京セラドーム大阪,Home,L,早川,5.33,3,2.15,10,
2025,2025/6/28,ＤｅＮＡ,巨人,東京ドーム,Away,L,グリフィン,4.67,3.25,1.04,0,
2025,2025/6/28,巨人,ＤｅＮＡ,東京ドーム,Home,R,バウアー,3.25,4.67,3.88,5,
2025,2025/6/28,阪神,ヤクルト,神宮,Away,L,高橋,2.33,3.67,2.27,2,
2025,2025/6/28,ヤクルト,阪神,神宮,Home,R,デュプランティエ,3.67,2.33,1.66,0,
2025,2025/6/28,広島,中日,バンテリンドーム,Away,R,涌井,5,3,3.23,2,
2025,2025/6/28,中日,広島,バンテリンドーム,Home,L,玉村,3,5,3.62,1,
2025,2025/6/28,日本ハム,西武,ベルーナドーム,Away,L,隅田,3,3,1.44,2,
2025,2025/6/28,西武,日本ハム,ベルーナドーム,Home,L,山崎,3,3,1.95,3,
2025,2025/6/28,ソフトバンク,ロッテ,ＺＯＺＯマリン,Away,R,石川柊,3,4.75,3.52,0,
2025,2025/6/28,ロッテ,ソフトバンク,ＺＯＺＯマリン,Home,R,上沢,4.75,3,3.09,5,
2025,2025/6/28,楽天,オリックス,京セラドーム大阪,Away,L,田嶋,2.33,5.33,2.94,3,
2025,2025/6/28,オリックス,楽天,京セラドーム大阪,Home,R,ヤフーレ,5.33,2.33,2.51,7,
2025,2025/6/29,ＤｅＮＡ,巨人,東京ドーム,Away,R,赤星,3,3.25,2.15,0,
2025,2025/6/29,巨人,ＤｅＮＡ,東京ドーム,Home,R,ジャクソン,3.25,3,1.53,1,
2025,2025/6/29,阪神,ヤクルト,神宮,Away,R,アビラ,2,2,4.4,6,
2025,2025/6/29,ヤクルト,阪神,神宮,Home,L,伊藤将,2,2,0.63,0,
2025,2025/6/29,広島,中日,バンテリンドーム,Away,L,松葉,3,2.67,1.54,2,
2025,2025/6/29,中日,広島,バンテリンドーム,Home,L,佐藤柳,2.67,3,0,1,
2025,2025/6/29,日本ハム,西武,ベルーナドーム,Away,L,渡辺,2.67,3.33,2.21,2,
2025,2025/6/29,西武,日本ハム,ベルーナドーム,Home,R,達,3.33,2.67,0.54,1,
2025,2025/6/29,ソフトバンク,ロッテ,ＺＯＺＯマリン,Away,R,田中晴,3,6,2.47,2,
2025,2025/6/29,ロッテ,ソフトバンク,ＺＯＺＯマリン,Home,R,東浜,6,3,3.77,1,
2025,2025/6/29,楽天,オリックス,京セラドーム大阪,Away,R,東,2.33,7,2,4,
2025,2025/6/29,オリックス,楽天,京セラドーム大阪,Home,L,藤井聖,7,2.33,2.38,2,
2025,2025/7/1,中日,ＤｅＮＡ,横浜,Away,L,東,1.67,0,2.34,2,
2025,2025/7/1,ＤｅＮＡ,中日,横浜,Home,L,金丸,0,1.67,2.37,3,
2025,2025/7/1,巨人,阪神,甲子園,Away,R,才木,3.5,3.67,1.59,1,
2025,2025/7/1,阪神,巨人,甲子園,Home,R,西舘,3.67,3.5,3.86,2,
2025,2025/7/1,ヤクルト,広島,マツダスタジアム,Away,L,床田,1.33,2,1.91,2,
2025,2025/7/1,広島,ヤクルト,マツダスタジアム,Home,R,吉村,2,1.33,3.05,2,
2025,2025/7/1,ロッテ,楽天,楽天モバイルパーク,Away,R,ハワード,3.75,3,1.84,0,
2025,2025/7/1,楽天,ロッテ,楽天モバイルパーク,Home,R,ボス,3,3.75,2.93,6,
2025,2025/7/1,オリックス,西武,沖縄セルラー那覇,Away,R,与座,6.33,2,2.97,3,
2025,2025/7/1,西武,オリックス,沖縄セルラー那覇,Home,R,エスピノーザ,2,6.33,3.1,0,
2025,2025/7/1,日本ハム,ソフトバンク,東京ドーム,Away,R,有原,3,2.67,3.44,0,
2025,2025/7/1,ソフトバンク,日本ハム,東京ドーム,Home,R,北山,2.67,3,1.15,1,
2025,2025/7/2,中日,ＤｅＮＡ,横浜,Away,R,石田裕,1.75,0.75,4.17,3,
2025,2025/7/2,ＤｅＮＡ,中日,横浜,Home,R,高橋宏,0.75,1.75,3.31,4,
2025,2025/7/2,巨人,阪神,甲子園,Away,L,大竹,2.75,3.25,2.48,0,
2025,2025/7/2,阪神,巨人,甲子園,Home,L,井上,3.25,2.75,3.38,1,
2025,2025/7/2,ヤクルト,広島,マツダスタジアム,Away,R,大瀬良,1.5,2,3.04,1,
2025,2025/7/2,広島,ヤクルト,マツダスタジアム,Home,R,奥川,2,1.5,5.81,2,
2025,2025/7/2,ロッテ,楽天,楽天モバイルパーク,Away,R,岸,2.25,3.75,3.59,6,
2025,2025/7/2,楽天,ロッテ,楽天モバイルパーク,Home,R,木村,3.75,2.25,2.66,3,
2025,2025/7/2,オリックス,西武,沖縄セルラー那覇,Away,R,高橋,5.5,1.5,2.31,6,
2025,2025/7/2,西武,オリックス,沖縄セルラー那覇,Home,L,宮城,1.5,5.5,2.24,2,
2025,2025/7/2,日本ハム,ソフトバンク,みずほペイペイドーム,Away,L,大関,2.25,2.25,2.05,1,
2025,2025/7/2,ソフトバンク,日本ハム,みずほペイペイドーム,Home,L,加藤貴,2.25,2.25,2.56,2,
2025,2025/7/3,中日,ＤｅＮＡ,横浜,Away,R,小園,2,1.4,0,5,
2025,2025/7/3,ＤｅＮＡ,中日,横浜,Home,L,マラー,1.4,2,4.03,8,
2025,2025/7/3,巨人,阪神,甲子園,Away,L,伊原,2.2,2.8,1.08,2,
2025,2025/7/3,阪神,巨人,甲子園,Home,L,横川,2.8,2.2,2.49,3,
2025,2025/7/3,ヤクルト,広島,マツダスタジアム,Away,L,森,1.4,2,2.77,5,
2025,2025/7/3,広島,ヤクルト,マツダスタジアム,Home,R,中村優,2,1.4,1.8,0,
2025,2025/7/3,日本ハム,ソフトバンク,みずほペイペイドーム,Away,L,松本晴,2,2.2,2.01,1,
2025,2025/7/3,ソフトバンク,日本ハム,みずほペイペイドーム,Home,R,金村,2.2,2,2.82,4,
2025,2025/7/4,広島,巨人,東京ドーム,Away,R,山崎,1.67,2.17,1.89,0,
2025,2025/7/4,巨人,広島,東京ドーム,Home,R,森下,2.17,1.67,2.32,1,
2025,2025/7/4,阪神,ＤｅＮＡ,横浜,Away,L,ケイ,2.83,2.5,1.8,7,
2025,2025/7/4,ＤｅＮＡ,阪神,横浜,Home,R,村上,2.5,2.83,1.79,1,
2025,2025/7/4,ヤクルト,中日,バンテリンドーム,Away,L,大野,2,2.5,2.72,1,
2025,2025/7/4,中日,ヤクルト,バンテリンドーム,Home,R,ランバート,2.5,2,3,2,
2025,2025/7/4,楽天,日本ハム,エスコンフィールド,Away,R,伊藤,3.6,1.83,2.48,1,
2025,2025/7/4,日本ハム,楽天,エスコンフィールド,Home,L,早川,1.83,3.6,3,7,
2025,2025/7/4,ロッテ,オリックス,ほっともっと神戸,Away,L,曽谷,3,5.6,3.11,6,
2025,2025/7/4,オリックス,ロッテ,ほっともっと神戸,Home,R,種市,5.6,3,3.36,8,
2025,2025/7/4,西武,ソフトバンク,みずほペイペイドーム,Away,L,モイネロ,1.6,2.5,1.28,1,
2025,2025/7/4,ソフトバンク,西武,みずほペイペイドーム,Home,L,武内,2.5,1.6,3.34,0,
2025,2025/7/5,広島,巨人,東京ドーム,Away,L,グリフィン,1.33,1.67,0.92,0,
2025,2025/7/5,巨人,広島,東京ドーム,Home,L,玉村,1.67,1.33,3.47,0,
2025,2025/7/5,阪神,ＤｅＮＡ,横浜,Away,R,大貫,3.5,2.67,2.94,3,
2025,2025/7/5,ＤｅＮＡ,阪神,横浜,Home,R,デュプランティエ,2.67,3.5,1.48,0,
2025,2025/7/5,ヤクルト,中日,バンテリンドーム,Away,R,涌井,1.5,2.33,3.2,6,
2025,2025/7/5,中日,ヤクルト,バンテリンドーム,Home,L,高橋,2.33,1.5,2.35,4,
2025,2025/7/5,楽天,日本ハム,エスコンフィールド,Away,L,細野,3.4,2.17,1.93,1,
2025,2025/7/5,日本ハム,楽天,エスコンフィールド,Home,R,滝中,2.17,3.4,2.86,12,
2025,2025/7/5,ロッテ,オリックス,ほっともっと神戸,Away,L,田嶋,3.6,5.2,3.18,8,
2025,2025/7/5,オリックス,ロッテ,ほっともっと神戸,Home,L,サモンズ,5.2,3.6,2.55,2,
2025,2025/7/5,西武,ソフトバンク,みずほペイペイドーム,Away,R,上沢,1.4,1.5,3.32,3,
2025,2025/7/5,ソフトバンク,西武,みずほペイペイドーム,Home,R,今井,1.5,1.4,1.32,4,
2025,2025/7/6,広島,巨人,東京ドーム,Away,R,赤星,1,0.83,1.98,3,
2025,2025/7/6,巨人,広島,東京ドーム,Home,L,佐藤柳,0.83,1,0,2,
2025,2025/7/6,阪神,ＤｅＮＡ,横浜,Away,R,ジャクソン,3.67,2.67,1.51,5,
2025,2025/7/6,ＤｅＮＡ,阪神,横浜,Home,L,伊藤将,2.67,3.67,0.39,1,
2025,2025/7/6,ヤクルト,中日,バンテリンドーム,Away,L,松葉,2.5,2.83,1.63,5,
2025,2025/7/6,中日,ヤクルト,バンテリンドーム,Home,R,アビラ,2.83,2.5,4.54,4,
2025,2025/7/6,楽天,日本ハム,エスコンフィールド,Away,R,達,3,3.83,0.64,6,
2025,2025/7/6,日本ハム,楽天,エスコンフィールド,Home,L,藤井聖,3.83,3,2.4,8,
2025,2025/7/6,ロッテ,オリックス,京セラドーム大阪,Away,R,九里,4.2,4.2,2.38,1,
2025,2025/7/6,オリックス,ロッテ,京セラドーム大阪,Home,L,小島,4.2,4.2,3.55,4,
2025,2025/7/6,西武,ソフトバンク,みずほペイペイドーム,Away,R,東浜,1.4,2.17,2.66,1,
2025,2025/7/6,ソフトバンク,西武,みずほペイペイドーム,Home,L,隅田,2.17,1.4,1.52,3,
2025,2025/7/8,中日,巨人,ヤマリョー山形,Away,R,西舘,3.33,1,3.69,4,
2025,2025/7/8,巨人,中日,ヤマリョー山形,Home,L,金丸,1,3.33,2.65,5,
2025,2025/7/8,ＤｅＮＡ,ヤクルト,神宮,Away,R,吉村,2.83,3.33,3,4,
2025,2025/7/8,ヤクルト,ＤｅＮＡ,神宮,Home,L,東,3.33,2.83,2.35,0,
2025,2025/7/8,阪神,広島,マツダスタジアム,Away,L,床田,3.5,1.17,1.95,6,
2025,2025/7/8,広島,阪神,マツダスタジアム,Home,R,才木,1.17,3.5,1.49,1,
2025,2025/7/8,楽天,西武,ベルーナドーム,Away,L,渡辺,3.4,1.4,2.09,7,
2025,2025/7/8,西武,楽天,ベルーナドーム,Home,R,ヤフーレ,1.4,3.4,3.47,2,
2025,2025/7/8,日本ハム,ロッテ,ＺＯＺＯマリン,Away,R,ボス,4.83,4.2,3.09,5,
2025,2025/7/8,ロッテ,日本ハム,ＺＯＺＯマリン,Home,R,北山,4.2,4.83,1.15,4,
2025,2025/7/8,ソフトバンク,オリックス,京セラドーム大阪,Away,R,エスピノーザ,2.33,4.6,2.8,9,
2025,2025/7/8,オリックス,ソフトバンク,京セラドーム大阪,Home,R,有原,4.6,2.33,3.1,1,
2025,2025/7/9,中日,巨人,福島,Away,L,井上,3.67,1.67,3.07,3,
2025,2025/7/9,巨人,中日,福島,Home,R,高橋宏,1.67,3.67,3.49,2,
2025,2025/7/9,ＤｅＮＡ,ヤクルト,神宮,Away,R,奥川,3,3,5.35,4,
2025,2025/7/9,ヤクルト,ＤｅＮＡ,神宮,Home,R,バウアー,3,3,4.13,4,
2025,2025/7/9,阪神,広島,マツダスタジアム,Away,R,大瀬良,4.17,1,2.85,3,
2025,2025/7/9,広島,阪神,マツダスタジアム,Home,L,大竹,1,4.17,2.06,1,
2025,2025/7/9,楽天,西武,ベルーナドーム,Away,L,菅井,3.6,1.8,2.63,2,
2025,2025/7/9,西武,楽天,ベルーナドーム,Home,R,今野,1.8,3.6,2.79,0,
2025,2025/7/9,日本ハム,ロッテ,ＺＯＺＯマリン,Away,R,石川柊,5.67,5,3.12,13,
2025,2025/7/9,ロッテ,日本ハム,ＺＯＺＯマリン,Home,L,山崎,5,5.67,1.81,1,
2025,2025/7/9,ソフトバンク,オリックス,京セラドーム大阪,Away,L,宮城,3.67,4.2,2.19,1,
2025,2025/7/9,オリックス,ソフトバンク,京セラドーム大阪,Home,L,大関,4.2,3.67,1.98,0,
2025,2025/7/10,阪神,広島,マツダスタジアム,Away,L,森,4.5,0.83,3.17,6,
2025,2025/7/10,広島,阪神,マツダスタジアム,Home,L,伊原,0.83,4.5,1.26,3,
2025,2025/7/10,楽天,西武,ベルーナドーム,Away,R,高橋,3.4,1.4,2.54,1,
2025,2025/7/10,西武,楽天,ベルーナドーム,Home,R,岸,1.4,3.4,4.06,5,
2025,2025/7/10,ソフトバンク,オリックス,京セラドーム大阪,Away,R,東,3.5,3,2.2,0,
2025,2025/7/10,オリックス,ソフトバンク,京セラドーム大阪,Home,L,松本晴,3,3.5,1.71,4,
2025,2025/7/11,巨人,ＤｅＮＡ,横浜,Away,L,ケイ,2,2,1.66,2,
2025,2025/7/11,ＤｅＮＡ,巨人,横浜,Home,R,山崎,2,2,1.77,1,
2025,2025/7/11,広島,中日,バンテリンドーム,Away,L,マラー,1.33,3.4,4.53,1,
2025,2025/7/11,中日,広島,バンテリンドーム,Home,R,森下,3.4,1.33,2.23,2,
2025,2025/7/11,ヤクルト,阪神,甲子園,Away,R,村上,3.2,5,1.76,6,
2025,2025/7/11,阪神,ヤクルト,甲子園,Home,R,ランバート,5,3.2,3.04,3,
2025,2025/7/11,オリックス,日本ハム,エスコンフィールド,Away,R,伊藤,3.17,9,2.44,6,
2025,2025/7/11,日本ハム,オリックス,エスコンフィールド,Home,L,曽谷,9,3.17,3.33,0,
2025,2025/7/11,ソフトバンク,楽天,楽天モバイルパーク,Away,L,古謝,2.83,3,4.35,0,
2025,2025/7/11,楽天,ソフトバンク,楽天モバイルパーク,Home,L,モイネロ,3,2.83,1.27,3,
2025,2025/7/11,西武,ロッテ,ＺＯＺＯマリン,Away,R,田中晴,2,4,2.53,2,
2025,2025/7/11,ロッテ,西武,ＺＯＺＯマリン,Home,L,武内,4,2,2.79,2,
2025,2025/7/12,巨人,ＤｅＮＡ,横浜,Away,R,大貫,2.2,2,3.11,3,
2025,2025/7/12,ＤｅＮＡ,巨人,横浜,Home,L,グリフィン,2,2.2,0.82,0,
2025,2025/7/12,広島,中日,バンテリンドーム,Away,L,大野,1.5,3.4,2.44,1,
2025,2025/7/12,中日,広島,バンテリンドーム,Home,L,玉村,3.4,1.5,3.15,7,
2025,2025/7/12,ヤクルト,阪神,甲子園,Away,R,デュプランティエ,4.2,4.33,1.31,2,
2025,2025/7/12,阪神,ヤクルト,甲子園,Home,L,石川雅,4.33,4.2,7.71,5,
2025,2025/7/12,オリックス,日本ハム,エスコンフィールド,Away,L,加藤貴,2.83,7.6,2.51,3,
2025,2025/7/12,日本ハム,オリックス,エスコンフィールド,Home,R,九里,7.6,2.83,2.3,7,
2025,2025/7/12,ソフトバンク,楽天,楽天モバイルパーク,Away,R,滝中,2.83,3.33,3.61,0,
2025,2025/7/12,楽天,ソフトバンク,楽天モバイルパーク,Home,R,上沢,3.33,2.83,3.4,7,
2025,2025/7/12,西武,ロッテ,ＺＯＺＯマリン,Away,R,種市,2.17,3.2,3.75,5,
2025,2025/7/12,ロッテ,西武,ＺＯＺＯマリン,Home,R,与座,3.2,2.17,3.1,1,
2025,2025/7/13,巨人,ＤｅＮＡ,横浜,Away,R,ジャクソン,2.8,2,1.83,3,
2025,2025/7/13,ＤｅＮＡ,巨人,横浜,Home,R,赤星,2,2.8,1.91,4,
2025,2025/7/13,広島,中日,バンテリンドーム,Away,L,松葉,1.67,4,1.99,2,
2025,2025/7/13,中日,広島,バンテリンドーム,Home,L,佐藤柳,4,1.67,0.82,3,
2025,2025/7/13,ヤクルト,阪神,甲子園,Away,L,伊藤将,3.4,4.67,0.59,1,
2025,2025/7/13,阪神,ヤクルト,甲子園,Home,R,アビラ,4.67,3.4,4.89,2,
2025,2025/7/13,オリックス,日本ハム,エスコンフィールド,Away,R,福島,3,6.6,0,0,
2025,2025/7/13,日本ハム,オリックス,エスコンフィールド,Home,R,寺西,6.6,3,1.12,4,
2025,2025/7/13,ソフトバンク,楽天,楽天モバイルパーク,Away,R,内,2.17,4.33,2.4,5,
2025,2025/7/13,楽天,ソフトバンク,楽天モバイルパーク,Home,L,前田悠,4.33,2.17,0,3,
2025,2025/7/13,西武,ロッテ,ＺＯＺＯマリン,Away,L,小島,2.5,1.8,3.57,1,
2025,2025/7/13,ロッテ,西武,ＺＯＺＯマリン,Home,R,上田,1.8,2.5,6.89,5,
2025,2025/7/14,日本ハム,西武,東京ドーム,Away,L,隅田,5.8,2.5,1.69,2,
2025,2025/7/14,西武,日本ハム,東京ドーム,Home,R,達,2.5,5.8,1.14,1,
2025,2025/7/15,中日,阪神,甲子園,Away,L,高橋,3.8,4.17,2.42,3,
2025,2025/7/15,阪神,中日,甲子園,Home,R,柳,4.17,3.8,0.72,2,
2025,2025/7/15,ＤｅＮＡ,広島,マツダスタジアム,Away,L,床田,2.6,1.5,2.14,1,
2025,2025/7/15,広島,ＤｅＮＡ,マツダスタジアム,Home,L,東,1.5,2.6,2.11,0,
2025,2025/7/15,楽天,オリックス,京セラドーム大阪,Away,R,エスピノーザ,3.83,2.33,3.63,7,
2025,2025/7/15,オリックス,楽天,京セラドーム大阪,Home,R,ヤフーレ,2.33,3.83,3.12,6,
2025,2025/7/15,ロッテ,ソフトバンク,みずほペイペイドーム,Away,R,有原,2.6,2.5,2.97,2,
2025,2025/7/15,ソフトバンク,ロッテ,みずほペイペイドーム,Home,R,ボス,2.5,2.6,3.33,10,
2025,2025/7/16,中日,阪神,甲子園,Away,R,才木,3.6,3.5,1.46,6,
2025,2025/7/16,阪神,中日,甲子園,Home,R,高橋宏,3.5,3.6,3.4,0,
2025,2025/7/16,ＤｅＮＡ,広島,マツダスタジアム,Away,R,大瀬良,2,1.33,2.95,3,
2025,2025/7/16,広島,ＤｅＮＡ,マツダスタジアム,Home,R,バウアー,1.33,2,4.06,4,
2025,2025/7/16,日本ハム,西武,ベルーナドーム,Away,R,渡辺,5.2,2.33,2.16,10,
2025,2025/7/16,西武,日本ハム,ベルーナドーム,Home,R,北山,2.33,5.2,1.39,1,
2025,2025/7/16,楽天,オリックス,京セラドーム大阪,Away,L,田嶋,3.83,3.17,3.77,0,
2025,2025/7/16,オリックス,楽天,京セラドーム大阪,Home,L,藤井聖,3.17,3.83,3.18,1,
2025,2025/7/16,ロッテ,ソフトバンク,みずほペイペイドーム,Away,L,大関,2.2,2.67,1.83,0,
2025,2025/7/16,ソフトバンク,ロッテ,みずほペイペイドーム,Home,L,サモンズ,2.67,2.2,2.73,6,
2025,2025/7/17,巨人,ヤクルト,神宮,Away,R,吉村,2.67,3,3.18,2,
2025,2025/7/17,ヤクルト,巨人,神宮,Home,R,西舘,3,2.67,3.68,3,
2025,2025/7/17,ＤｅＮＡ,広島,マツダスタジアム,Away,L,森,1.8,1.83,3.04,1,
2025,2025/7/17,広島,ＤｅＮＡ,マツダスタジアム,Home,L,ケイ,1.83,1.8,1.62,1,
2025,2025/7/17,日本ハム,西武,ベルーナドーム,Away,R,高橋,4.6,2.5,2.38,3,
2025,2025/7/17,西武,日本ハム,ベルーナドーム,Home,L,山崎,2.5,4.6,1.75,4,
2025,2025/7/17,ロッテ,ソフトバンク,北九州,Away,L,松本晴,2,3.5,2.22,2,
2025,2025/7/17,ソフトバンク,ロッテ,北九州,Home,R,木村,3.5,2,2.97,2,
2025,2025/7/18,オリックス,ロッテ,ＺＯＺＯマリン,Away,R,田中晴,3.2,2,2.43,8,
2025,2025/7/18,ロッテ,オリックス,ＺＯＺＯマリン,Home,L,宮城,2,3.2,2.07,3,
2025,2025/7/19,阪神,巨人,東京ドーム,Away,R,山崎,2.25,2.67,1.74,4,
2025,2025/7/19,巨人,阪神,東京ドーム,Home,R,村上,2.67,2.25,2.22,0,
2025,2025/7/19,広島,ヤクルト,神宮,Away,R,奥川,1.6,2,5.36,1,
2025,2025/7/19,ヤクルト,広島,神宮,Home,R,森下,2,1.6,2.25,3,
2025,2025/7/19,ＤｅＮＡ,中日,バンテリンドーム,Away,L,マラー,1.8,4.75,4.15,2,
2025,2025/7/19,中日,ＤｅＮＡ,バンテリンドーム,Home,R,ジャクソン,4.75,1.8,2,7,
2025,2025/7/19,日本ハム,楽天,楽天モバイルパーク,Away,L,古謝,5.2,4.25,3.86,5,
2025,2025/7/19,楽天,日本ハム,楽天モバイルパーク,Home,R,伊藤,4.25,5.2,2.79,2,
2025,2025/7/19,ソフトバンク,西武,ベルーナドーム,Away,R,今井,4.6,2.4,1.52,4,
2025,2025/7/19,西武,ソフトバンク,ベルーナドーム,Home,L,モイネロ,2.4,4.6,1.38,0,
2025,2025/7/19,オリックス,ロッテ,ＺＯＺＯマリン,Away,R,種市,3.6,2.17,3.97,0,
2025,2025/7/19,ロッテ,オリックス,ＺＯＺＯマリン,Home,R,九里,2.17,3.6,2.39,8,
2025,2025/7/20,阪神,巨人,東京ドーム,Away,R,赤星,2,1.67,2.13,2,
2025,2025/7/20,巨人,阪神,東京ドーム,Home,R,デュプランティエ,1.67,2,1.42,1,
2025,2025/7/20,広島,ヤクルト,神宮,Away,R,中村優,1.6,2.33,0.9,7,
2025,2025/7/20,ヤクルト,広島,神宮,Home,L,玉村,2.33,1.6,3.57,8,
2025,2025/7/20,ＤｅＮＡ,中日,バンテリンドーム,Away,L,大野,2.2,4.75,2.24,5,
2025,2025/7/20,中日,ＤｅＮＡ,バンテリンドーム,Home,R,大貫,4.75,2.2,3.25,3,
2025,2025/7/20,日本ハム,楽天,楽天モバイルパーク,Away,R,内,4.8,3,2.91,4,
2025,2025/7/20,楽天,日本ハム,楽天モバイルパーク,Home,L,加藤貴,3,4.8,2.71,2,
2025,2025/7/20,ソフトバンク,西武,ベルーナドーム,Away,L,武内,5.4,1.4,2.87,7,
2025,2025/7/20,西武,ソフトバンク,ベルーナドーム,Home,R,東浜,1.4,5.4,2.3,3,
2025,2025/7/20,オリックス,ロッテ,ＺＯＺＯマリン,Away,L,小島,3,3.33,3.36,2,
2025,2025/7/20,ロッテ,オリックス,ＺＯＺＯマリン,Home,L,曽谷,3.33,3,3.02,8,
2025,2025/7/21,阪神,巨人,東京ドーム,Away,L,井上,2,1,2.82,5,
2025,2025/7/21,巨人,阪神,東京ドーム,Home,L,伊藤将,1,2,0.48,6,
2025,2025/7/21,広島,ヤクルト,神宮,Away,R,ランバート,2.6,4.67,3.21,6,
2025,2025/7/21,ヤクルト,広島,神宮,Home,L,床田,4.67,2.6,2.06,7,
2025,2025/7/21,ＤｅＮＡ,中日,バンテリンドーム,Away,L,金丸,2.4,4.75,2.64,1,
2025,2025/7/21,中日,ＤｅＮＡ,バンテリンドーム,Home,L,東,4.75,2.4,1.97,0,
2025,2025/7/21,日本ハム,楽天,楽天モバイルパーク,Away,R,滝中,4.8,2.75,3.04,2,
2025,2025/7/21,楽天,日本ハム,楽天モバイルパーク,Home,L,細野,2.75,4.8,1.82,0,
2025,2025/7/21,ソフトバンク,西武,ベルーナドーム,Away,L,隅田,5.8,1.8,1.75,4,
2025,2025/7/21,西武,ソフトバンク,ベルーナドーム,Home,R,大津,1.8,5.8,4.15,1,
2025,2025/7/21,オリックス,ロッテ,ＺＯＺＯマリン,Away,R,石川柊,3.4,3.83,4.11,0,
2025,2025/7/21,ロッテ,オリックス,ＺＯＺＯマリン,Home,R,エスピノーザ,3.83,3.4,3.51,2,
2025,2025/7/26,中日,ヤクルト,神宮,Away,R,吉村,3.33,6,3.16,1,
2025,2025/7/26,ヤクルト,中日,神宮,Home,R,高橋宏,6,3.33,3.11,2,
2025,2025/7/26,ＤｅＮＡ,阪神,甲子園,Away,R,才木,2.67,3.67,1.78,0,
2025,2025/7/26,阪神,ＤｅＮＡ,甲子園,Home,L,ケイ,3.67,2.67,1.63,2,
2025,2025/7/26,巨人,広島,マツダスタジアム,Away,R,森下,2.33,4.67,2.27,5,
2025,2025/7/26,広島,巨人,マツダスタジアム,Home,L,横川,4.67,2.33,2.35,1,
2025,2025/7/26,ロッテ,日本ハム,エスコンフィールド,Away,R,柴田,6,3.67,0,0,
2025,2025/7/26,日本ハム,ロッテ,エスコンフィールド,Home,R,ボス,3.67,6,3.59,5,
2025,2025/7/26,西武,楽天,楽天モバイルパーク,Away,R,ヤフーレ,1.33,1.33,3.52,2,
2025,2025/7/26,楽天,西武,楽天モバイルパーク,Home,R,与座,1.33,1.33,2.77,3,
2025,2025/7/26,オリックス,ソフトバンク,みずほペイペイドーム,Away,R,有原,0.67,5,2.94,3,
2025,2025/7/26,ソフトバンク,オリックス,みずほペイペイドーム,Home,L,田嶋,5,0.67,3.28,11,
2025,2025/7/27,中日,ヤクルト,神宮,Away,R,奥川,1.33,5.67,4.62,2,
2025,2025/7/27,ヤクルト,中日,神宮,Home,L,松葉,5.67,1.33,2.03,3,
2025,2025/7/27,ＤｅＮＡ,阪神,甲子園,Away,L,高橋,2,3,2.45,1,
2025,2025/7/27,阪神,ＤｅＮＡ,甲子園,Home,R,石田裕,3,2,4.24,7,
2025,2025/7/27,巨人,広島,マツダスタジアム,Away,L,佐藤柳,4,4.67,2.12,6,
2025,2025/7/27,広島,巨人,マツダスタジアム,Home,R,赤星,4.67,4,2.23,5,
2025,2025/7/27,ロッテ,日本ハム,エスコンフィールド,Away,R,伊藤,3.33,3.67,2.78,5,
2025,2025/7/27,日本ハム,ロッテ,エスコンフィールド,Home,R,田中晴,3.67,3.33,2.62,4,
2025,2025/7/27,西武,楽天,楽天モバイルパーク,Away,L,藤井聖,2,1.67,2.84,1,
2025,2025/7/27,楽天,西武,楽天モバイルパーク,Home,R,渡辺,1.67,2,2.48,4,
2025,2025/7/27,オリックス,ソフトバンク,みずほペイペイドーム,Away,L,大関,1.67,7.33,1.68,1,
2025,2025/7/27,ソフトバンク,オリックス,みずほペイペイドーム,Home,L,東松,7.33,1.67,9,3,
2025,2025/7/29,ヤクルト,ＤｅＮＡ,横浜,Away,L,東,2.5,0.5,1.85,5,
2025,2025/7/29,ＤｅＮＡ,ヤクルト,横浜,Home,L,ランバート,0.5,2.5,3.58,1,
2025,2025/7/29,巨人,中日,バンテリンドーム,Away,L,大野,5.5,1.5,2.18,5,
2025,2025/7/29,中日,巨人,バンテリンドーム,Home,R,西舘,1.5,5.5,3.53,8,
2025,2025/7/29,広島,阪神,甲子園,Away,L,大竹,3,4.5,2.01,0,
2025,2025/7/29,阪神,広島,甲子園,Home,L,床田,4.5,3,2.19,1,
2025,2025/7/29,ソフトバンク,日本ハム,エスコンフィールド,Away,R,山崎,7,4.5,1.66,5,
2025,2025/7/29,日本ハム,ソフトバンク,エスコンフィールド,Home,L,モイネロ,4.5,7,1.27,2,
2025,2025/7/29,楽天,ロッテ,ＺＯＺＯマリン,Away,R,種市,3.5,2.5,3.65,2,
2025,2025/7/29,ロッテ,楽天,ＺＯＺＯマリン,Home,L,古謝,2.5,3.5,3.88,1,
2025,2025/7/29,西武,オリックス,京セラドーム大阪,Away,R,九里,1.5,2,2.78,3,
2025,2025/7/29,オリックス,西武,京セラドーム大阪,Home,L,武内,2,1.5,3.46,2,
2025,2025/7/30,ヤクルト,ＤｅＮＡ,横浜,Away,R,バウアー,3.33,0.67,4.17,2,
2025,2025/7/30,ＤｅＮＡ,ヤクルト,横浜,Home,R,アビラ,0.67,3.33,4.63,1,
2025,2025/7/30,巨人,中日,バンテリンドーム,Away,R,柳,5.33,3.67,0.9,2,
2025,2025/7/30,中日,巨人,バンテリンドーム,Home,R,戸郷,3.67,5.33,5.24,0,
2025,2025/7/30,広島,阪神,甲子園,Away,R,村上,2,3.33,2.1,0,
2025,2025/7/30,阪神,広島,甲子園,Home,R,大瀬良,3.33,2,2.93,5,
2025,2025/7/30,ソフトバンク,日本ハム,エスコンフィールド,Away,R,北山,6.33,3.67,1.4,4,
2025,2025/7/30,日本ハム,ソフトバンク,エスコンフィールド,Home,R,大津,3.67,6.33,3.32,5,
2025,2025/7/30,楽天,ロッテ,ＺＯＺＯマリン,Away,R,石川柊,3,2,3.66,8,
2025,2025/7/30,ロッテ,楽天,ＺＯＺＯマリン,Home,R,岸,2,3,4.22,5,
2025,2025/7/30,西武,オリックス,京セラドーム大阪,Away,L,宮城,2,2,2.16,4,
2025,2025/7/30,オリックス,西武,京セラドーム大阪,Home,R,高橋,2,2,2.42,6,
2025,2025/7/31,ヤクルト,ＤｅＮＡ,横浜,Away,R,平良,3,0.75,2.31,1,
2025,2025/7/31,ＤｅＮＡ,ヤクルト,横浜,Home,R,中村優,0.75,3,3.14,14,
2025,2025/7/31,巨人,中日,バンテリンドーム,Away,L,金丸,4.5,2.75,2.41,6,
2025,2025/7/31,中日,巨人,バンテリンドーム,Home,L,井上,2.75,4.5,3.17,7,
2025,2025/7/31,広島,阪神,甲子園,Away,L,伊原,1.5,3.75,1.59,6,
2025,2025/7/31,阪神,広島,甲子園,Home,L,森,3.75,1.5,2.96,3,
2025,2025/7/31,ソフトバンク,日本ハム,エスコンフィールド,Away,R,達,5.75,4,1.12,5,
2025,2025/7/31,日本ハム,ソフトバンク,エスコンフィールド,Home,L,松本晴,4,5.75,2.43,4,
2025,2025/7/31,楽天,ロッテ,東京ドーム,Away,L,サモンズ,4.25,2.75,3.03,6,
2025,2025/7/31,ロッテ,楽天,東京ドーム,Home,R,荘司,2.75,4.25,1.34,5,
2025,2025/7/31,西武,オリックス,京セラドーム大阪,Away,R,寺西,2.5,3,3.55,2,
2025,2025/7/31,オリックス,西武,京セラドーム大阪,Home,R,今井,3,2.5,1.62,6,
2025,2025/8/1,ＤｅＮＡ,巨人,東京ドーム,Away,R,山崎,3.4,4.8,1.85,7,
2025,2025/8/1,巨人,ＤｅＮＡ,東京ドーム,Home,R,ジャクソン,4.8,3.4,2.09,2,
2025,2025/8/1,阪神,ヤクルト,神宮,Away,R,高梨裕,3.6,2.6,3.67,3,
2025,2025/8/1,ヤクルト,阪神,神宮,Home,L,伊藤将,2.6,3.6,1.03,2,
2025,2025/8/1,中日,広島,マツダスタジアム,Away,L,高,3.6,2.4,0,1,
2025,2025/8/1,広島,中日,マツダスタジアム,Home,L,マラー,2.4,3.6,3.75,3,
2025,2025/8/1,ロッテ,西武,ベルーナドーム,Away,L,隅田,3.2,2.4,2.04,2,
2025,2025/8/1,西武,ロッテ,ベルーナドーム,Home,L,小島,2.4,3.2,3.33,11,
2025,2025/8/1,日本ハム,オリックス,京セラドーム大阪,Away,R,エスピノーザ,4,3.6,3.47,2,
2025,2025/8/1,オリックス,日本ハム,京セラドーム大阪,Home,L,加藤貴,3.6,4,2.7,4,
2025,2025/8/1,楽天,ソフトバンク,みずほペイペイドーム,Away,R,上沢,4.6,5.6,3.39,1,
2025,2025/8/1,ソフトバンク,楽天,みずほペイペイドーム,Home,R,滝中,5.6,4.6,2.92,3,
2025,2025/8/2,ＤｅＮＡ,巨人,東京ドーム,Away,L,グリフィン,4,4.33,0.75,7,
2025,2025/8/2,巨人,ＤｅＮＡ,東京ドーム,Home,L,ケイ,4.33,4,1.7,4,
2025,2025/8/2,阪神,ヤクルト,神宮,Away,R,吉村,3.5,2.5,3.04,5,
2025,2025/8/2,ヤクルト,阪神,神宮,Home,R,才木,2.5,3.5,1.68,1,
2025,2025/8/2,中日,広島,マツダスタジアム,Away,R,森下,3.17,2.5,2.3,6,
2025,2025/8/2,広島,中日,マツダスタジアム,Home,R,高橋宏,2.5,3.17,3.02,0,
2025,2025/8/2,ロッテ,西武,ベルーナドーム,Away,R,与座,3,3.83,2.91,5,
2025,2025/8/2,西武,ロッテ,ベルーナドーム,Home,R,木村,3.83,3,2.8,5,
2025,2025/8/2,日本ハム,オリックス,京セラドーム大阪,Away,L,曽谷,3.67,3.67,3.22,7,
2025,2025/8/2,オリックス,日本ハム,京セラドーム大阪,Home,R,バーヘイゲン,3.67,3.67,4.5,1,
2025,2025/8/2,楽天,ソフトバンク,みずほペイペイドーム,Away,R,有原,4,5.17,2.92,2,
2025,2025/8/2,ソフトバンク,楽天,みずほペイペイドーム,Home,R,ヤフーレ,5.17,4,3.1,5,
2025,2025/8/3,ＤｅＮＡ,巨人,東京ドーム,Away,R,赤星,5.17,4.17,2.49,3,
2025,2025/8/3,巨人,ＤｅＮＡ,東京ドーム,Home,R,石田裕,4.17,5.17,4.09,4,
2025,2025/8/3,阪神,ヤクルト,神宮,Away,R,奥川,4,2.33,4.37,1,
2025,2025/8/3,ヤクルト,阪神,神宮,Home,R,ビーズリー,2.33,4,4.29,8,
2025,2025/8/3,中日,広島,マツダスタジアム,Away,R,遠藤,4,2.33,3.86,1,
2025,2025/8/3,広島,中日,マツダスタジアム,Home,L,松葉,2.33,4,2.19,2,
2025,2025/8/3,ロッテ,西武,ベルーナドーム,Away,R,渡辺,3.83,4.33,2.62,2,
2025,2025/8/3,西武,ロッテ,ベルーナドーム,Home,R,田中晴,4.33,3.83,2.52,1,
2025,2025/8/3,日本ハム,オリックス,京セラドーム大阪,Away,R,椋木,4,3.33,6.75,9,
2025,2025/8/3,オリックス,日本ハム,京セラドーム大阪,Home,R,伊藤,3.33,4,2.8,0,
2025,2025/8/3,楽天,ソフトバンク,みずほペイペイドーム,Away,L,大関,3.83,4.17,1.63,1,
2025,2025/8/3,ソフトバンク,楽天,みずほペイペイドーム,Home,L,藤井聖,4.17,3.83,2.73,8,
2025,2025/8/5,ヤクルト,巨人,東京ドーム,Away,R,戸郷,3.17,3.83,4.72,2,
2025,2025/8/5,巨人,ヤクルト,東京ドーム,Home,R,ランバート,3.83,3.17,3.43,5,
2025,2025/8/5,広島,ＤｅＮＡ,横浜,Away,R,バウアー,1.83,5.5,4.11,4,
2025,2025/8/5,ＤｅＮＡ,広島,横浜,Home,L,床田,5.5,1.83,2.15,5,
2025,2025/8/5,阪神,中日,バンテリンドーム,Away,L,大野,3,3.83,2.58,6,
2025,2025/8/5,中日,阪神,バンテリンドーム,Home,L,高橋,3.83,3,2.57,2,
2025,2025/8/5,西武,日本ハム,エスコンフィールド,Away,R,山崎,4.33,4.83,2.06,1,
2025,2025/8/5,日本ハム,西武,エスコンフィールド,Home,L,武内,4.83,4.33,3.41,6,
2025,2025/8/5,オリックス,楽天,楽天モバイルパーク,Away,L,古謝,3.17,3.33,3.58,0,
2025,2025/8/5,楽天,オリックス,楽天モバイルパーク,Home,L,田嶋,3.33,3.17,3.28,1,
2025,2025/8/5,ソフトバンク,ロッテ,ＺＯＺＯマリン,Away,R,種市,5,3.33,3.57,3,
2025,2025/8/5,ロッテ,ソフトバンク,ＺＯＺＯマリン,Home,L,前田悠,3.33,5,0,6,
2025,2025/8/6,ヤクルト,巨人,東京ドーム,Away,L,森田,2.67,3.83,0,0,
2025,2025/8/6,巨人,ヤクルト,東京ドーム,Home,R,アビラ,3.83,2.67,4.02,2,
2025,2025/8/6,広島,ＤｅＮＡ,横浜,Away,L,東,2.5,6.17,2.03,8,
2025,2025/8/6,ＤｅＮＡ,広島,横浜,Home,R,大瀬良,6.17,2.5,2.97,5,
2025,2025/8/6,阪神,中日,バンテリンドーム,Away,R,柳,3.83,2.83,1.25,3,
2025,2025/8/6,中日,阪神,バンテリンドーム,Home,R,村上,2.83,3.83,2,2,
2025,2025/8/6,西武,日本ハム,エスコンフィールド,Away,R,北山,4,5.5,1.57,0,
2025,2025/8/6,日本ハム,西武,エスコンフィールド,Home,R,高橋,5.5,4,2.59,4,
2025,2025/8/6,オリックス,楽天,楽天モバイルパーク,Away,R,内,2.83,3.17,3.24,1,
2025,2025/8/6,楽天,オリックス,楽天モバイルパーク,Home,R,九里,3.17,2.83,2.8,2,
2025,2025/8/6,ソフトバンク,ロッテ,ＺＯＺＯマリン,Away,R,石川柊,4.67,4.17,4.08,12,
2025,2025/8/6,ロッテ,ソフトバンク,ＺＯＺＯマリン,Home,R,大津,4.17,4.67,2.88,3,
2025,2025/8/7,ヤクルト,巨人,東京ドーム,Away,R,田中将,2.33,3.83,9,3,
2025,2025/8/7,巨人,ヤクルト,東京ドーム,Home,L,石川雅,3.83,2.33,7.91,2,
2025,2025/8/7,広島,ＤｅＮＡ,横浜,Away,R,吉野,3.83,6.83,0,5,
2025,2025/8/7,ＤｅＮＡ,広島,横浜,Home,L,森,6.83,3.83,3,9,
2025,2025/8/7,阪神,中日,バンテリンドーム,Away,L,金丸,3.5,3.17,3.12,3,
2025,2025/8/7,中日,阪神,バンテリンドーム,Home,L,伊原,3.17,3.5,1.84,8,
2025,2025/8/7,西武,日本ハム,エスコンフィールド,Away,R,達,3.33,5.33,1.76,2,
2025,2025/8/7,日本ハム,西武,エスコンフィールド,Home,R,今井,5.33,3.33,1.87,0,
2025,2025/8/7,オリックス,楽天,楽天モバイルパーク,Away,R,荘司,2,2.17,1.84,3,
2025,2025/8/7,楽天,オリックス,楽天モバイルパーク,Home,R,宮城,2.17,2,2.2,7,
2025,2025/8/7,ソフトバンク,ロッテ,ＺＯＺＯマリン,Away,L,サモンズ,6,3.83,3.67,2,
2025,2025/8/7,ロッテ,ソフトバンク,ＺＯＺＯマリン,Home,L,松本晴,3.83,6,2.67,1,
2025,2025/8/8,巨人,ＤｅＮＡ,横浜,Away,R,ジャクソン,3.17,6,1.95,12,
2025,2025/8/8,ＤｅＮＡ,巨人,横浜,Home,R,山崎,6,3.17,2.04,2,
2025,2025/8/8,広島,中日,バンテリンドーム,Away,L,マラー,3.67,3.33,3.71,3,
2025,2025/8/8,中日,広島,バンテリンドーム,Home,L,高,3.33,3.67,1.5,2,
2025,2025/8/8,ヤクルト,阪神,京セラドーム大阪,Away,L,伊藤将,2.67,3.5,1.07,3,
2025,2025/8/8,阪神,ヤクルト,京セラドーム大阪,Home,R,高梨裕,3.5,2.67,3.33,1,
2025,2025/8/9,巨人,ＤｅＮＡ,横浜,Away,L,ケイ,4.83,5.17,1.85,4,
2025,2025/8/9,ＤｅＮＡ,巨人,横浜,Home,L,又木,5.17,4.83,0,3,
2025,2025/8/9,広島,中日,バンテリンドーム,Away,R,高橋宏,3.67,3.5,2.79,0,
2025,2025/8/9,中日,広島,バンテリンドーム,Home,R,森下,3.5,3.67,2.56,2,
2025,2025/8/9,ヤクルト,阪神,京セラドーム大阪,Away,R,デュプランティエ,2.83,3.17,1.37,2,
2025,2025/8/9,阪神,ヤクルト,京セラドーム大阪,Home,R,吉村,3.17,2.83,3.32,6,
2025,2025/8/9,楽天,西武,ベルーナドーム,Away,L,隅田,2.6,1.8,2.07,4,
2025,2025/8/9,西武,楽天,ベルーナドーム,Home,R,滝中,1.8,2.6,3.09,9,
2025,2025/8/9,オリックス,ロッテ,ＺＯＺＯマリン,Away,L,小島,1,3.4,4.05,3,
2025,2025/8/9,ロッテ,オリックス,ＺＯＺＯマリン,Home,R,エスピノーザ,3.4,1,3.3,2,
2025,2025/8/9,日本ハム,ソフトバンク,みずほペイペイドーム,Away,R,有原,5.2,6,2.92,1,
2025,2025/8/9,ソフトバンク,日本ハム,みずほペイペイドーム,Home,L,加藤貴,6,5.2,2.85,4,
2025,2025/8/10,広島,中日,バンテリンドーム,Away,L,松葉,3.67,2.83,2.21,6,
2025,2025/8/10,中日,広島,バンテリンドーム,Home,L,玉村,2.83,3.67,4.11,5,
2025,2025/8/10,ヤクルト,阪神,京セラドーム大阪,Away,R,才木,3,3.33,1.64,2,
2025,2025/8/10,阪神,ヤクルト,京セラドーム大阪,Home,R,奥川,3.33,3,4.04,5,
2025,2025/8/10,楽天,西武,ベルーナドーム,Away,L,菅井,3,2.6,2.7,9,
2025,2025/8/10,西武,楽天,ベルーナドーム,Home,R,ヤフーレ,2.6,3,3.29,4,
2025,2025/8/10,日本ハム,ソフトバンク,みずほペイペイドーム,Away,L,モイネロ,4,5.8,1.28,0,
2025,2025/8/10,ソフトバンク,日本ハム,みずほペイペイドーム,Home,R,伊藤,5.8,4,2.67,1,
2025,2025/8/11,中日,巨人,東京ドーム,Away,R,戸郷,3.5,5,4.57,2,
2025,2025/8/11,巨人,中日,東京ドーム,Home,R,メヒア,5,3.5,5.16,0,
2025,2025/8/11,ＤｅＮＡ,ヤクルト,神宮,Away,R,小川,4.8,2,4.66,4,
2025,2025/8/11,ヤクルト,ＤｅＮＡ,神宮,Home,R,平良,2,4.8,2.18,9,
2025,2025/8/11,楽天,西武,ベルーナドーム,Away,R,渡辺,4.6,3.2,2.55,4,
2025,2025/8/11,西武,楽天,ベルーナドーム,Home,R,岸,3.2,4.6,4.57,5,
2025,2025/8/11,オリックス,ロッテ,ＺＯＺＯマリン,Away,R,ボス,1.75,3,3.93,5,
2025,2025/8/11,ロッテ,オリックス,ＺＯＺＯマリン,Home,R,寺西,3,1.75,3.38,3,
2025,2025/8/11,日本ハム,ソフトバンク,みずほペイペイドーム,Away,L,大関,2.2,4.4,1.53,1,
2025,2025/8/11,ソフトバンク,日本ハム,みずほペイペイドーム,Home,R,孫易磊,4.4,2.2,2.57,3,
2025,2025/8/12,中日,巨人,東京ドーム,Away,L,森田,3.29,4.17,0,0,
2025,2025/8/12,巨人,中日,東京ドーム,Home,L,大野,4.17,3.29,2.4,5,
2025,2025/8/12,ＤｅＮＡ,ヤクルト,神宮,Away,R,ランバート,4.67,3,3.36,1,
2025,2025/8/12,ヤクルト,ＤｅＮＡ,神宮,Home,R,石田裕,3,4.67,4.15,3,
2025,2025/8/12,阪神,広島,マツダスタジアム,Away,L,床田,4,4.33,2.34,2,
2025,2025/8/12,広島,阪神,マツダスタジアム,Home,L,大竹,4.33,4,1.78,9,
2025,2025/8/13,中日,巨人,東京ドーム,Away,R,田中将,3,4.17,6.32,4,
2025,2025/8/13,巨人,中日,東京ドーム,Home,R,柳,4.17,3,1.26,3,
2025,2025/8/13,ＤｅＮＡ,ヤクルト,神宮,Away,R,アビラ,4,3.14,3.92,10,
2025,2025/8/13,ヤクルト,ＤｅＮＡ,神宮,Home,L,東,3.14,4,2.34,2,
2025,2025/8/13,阪神,広島,マツダスタジアム,Away,R,大瀬良,3.33,5.17,3.24,2,
2025,2025/8/13,広島,阪神,マツダスタジアム,Home,L,高橋,5.17,3.33,2.59,0,
2025,2025/8/13,ロッテ,日本ハム,エスコンフィールド,Away,L,山崎,2.25,1.2,2.01,2,
2025,2025/8/13,日本ハム,ロッテ,エスコンフィールド,Home,R,種市,1.2,2.25,3.56,3,
2025,2025/8/13,ソフトバンク,西武,ベルーナドーム,Away,R,松本,4.4,4,4.91,5,
2025,2025/8/13,西武,ソフトバンク,ベルーナドーム,Home,R,上沢,4,4.4,3.23,3,
2025,2025/8/13,楽天,オリックス,京セラドーム大阪,Away,L,曽谷,5.2,3,3.34,7,
2025,2025/8/13,オリックス,楽天,京セラドーム大阪,Home,L,古謝,3,5.2,3.21,4,
2025,2025/8/14,ロッテ,日本ハム,エスコンフィールド,Away,R,福島,2,1,0,4,
2025,2025/8/14,日本ハム,ロッテ,エスコンフィールド,Home,R,河村,1,2,0,9,
2025,2025/8/14,ソフトバンク,西武,ベルーナドーム,Away,R,高橋,3,4.6,2.49,2,
2025,2025/8/14,西武,ソフトバンク,ベルーナドーム,Home,R,大津,4.6,3,2.9,3,
2025,2025/8/14,楽天,オリックス,京セラドーム大阪,Away,L,田嶋,6.2,3.75,3.02,5,
2025,2025/8/14,オリックス,楽天,京セラドーム大阪,Home,L,藤井聖,3.75,6.2,3,1,
2025,2025/8/15,阪神,巨人,東京ドーム,Away,R,山崎,3.2,4.8,2.05,5,
2025,2025/8/15,巨人,阪神,東京ドーム,Home,L,伊藤将,4.8,3.2,1.06,6,
2025,2025/8/15,ＤｅＮＡ,中日,バンテリンドーム,Away,L,金丸,4,2.5,3.15,4,
2025,2025/8/15,中日,ＤｅＮＡ,バンテリンドーム,Home,R,ジャクソン,2.5,4,2.03,3,
2025,2025/8/15,ヤクルト,広島,マツダスタジアム,Away,L,森,3.5,3.6,3.5,2,
2025,2025/8/15,広島,ヤクルト,マツダスタジアム,Home,R,高梨裕,3.6,3.5,3.1,1,
2025,2025/8/15,日本ハム,楽天,楽天モバイルパーク,Away,R,荘司,2.8,5.8,2.02,1,
2025,2025/8/15,楽天,日本ハム,楽天モバイルパーク,Home,R,北山,5.8,2.8,1.45,3,
2025,2025/8/15,西武,オリックス,京セラドーム大阪,Away,R,九里,4.8,3.25,2.78,0,
2025,2025/8/15,オリックス,西武,京セラドーム大阪,Home,R,今井,3.25,4.8,1.76,1,
2025,2025/8/15,ロッテ,ソフトバンク,みずほペイペイドーム,Away,L,松本晴,2.75,3,2.47,1,
2025,2025/8/15,ソフトバンク,ロッテ,みずほペイペイドーム,Home,L,サモンズ,3,2.75,3.59,6,
2025,2025/8/16,阪神,巨人,東京ドーム,Away,L,井上,4,3.6,3.31,3,
2025,2025/8/16,巨人,阪神,東京ドーム,Home,R,村上,3.6,4,2.04,0,
2025,2025/8/16,ＤｅＮＡ,中日,バンテリンドーム,Away,R,高橋宏,4.4,2.67,2.62,6,
2025,2025/8/16,中日,ＤｅＮＡ,バンテリンドーム,Home,R,竹田,2.67,4.4,0,0,
2025,2025/8/16,ヤクルト,広島,マツダスタジアム,Away,R,森下,3.33,3.2,2.52,3,
2025,2025/8/16,広島,ヤクルト,マツダスタジアム,Home,R,吉村,3.2,3.33,3.3,5,
2025,2025/8/16,日本ハム,楽天,楽天モバイルパーク,Away,R,内,2.5,5.33,3.06,9,
2025,2025/8/16,楽天,日本ハム,楽天モバイルパーク,Home,L,加藤貴,5.33,2.5,3.14,5,
2025,2025/8/16,西武,オリックス,京セラドーム大阪,Away,R,エスピノーザ,4,2.8,3.28,1,
2025,2025/8/16,オリックス,西武,京セラドーム大阪,Home,R,与座,2.8,4,3.09,0,
2025,2025/8/16,ロッテ,ソフトバンク,みずほペイペイドーム,Away,R,有原,2.4,3.5,2.83,7,
2025,2025/8/16,ソフトバンク,ロッテ,みずほペイペイドーム,Home,L,小島,3.5,2.4,4,2,
2025,2025/8/17,阪神,巨人,東京ドーム,Away,R,赤星,3.4,2.8,2.49,3,
2025,2025/8/17,巨人,阪神,東京ドーム,Home,R,才木,2.8,3.4,1.63,1,
2025,2025/8/17,ＤｅＮＡ,中日,バンテリンドーム,Away,L,松葉,5,2.33,2.4,5,
2025,2025/8/17,中日,ＤｅＮＡ,バンテリンドーム,Home,R,藤浪,2.33,5,0,4,
2025,2025/8/17,ヤクルト,広島,マツダスタジアム,Away,R,遠藤,3.5,4.2,2.53,7,
2025,2025/8/17,広島,ヤクルト,マツダスタジアム,Home,R,奥川,4.2,3.5,4.19,2,
2025,2025/8/17,日本ハム,楽天,楽天モバイルパーク,Away,R,ヤフーレ,3.83,5.5,3.53,7,
2025,2025/8/17,楽天,日本ハム,楽天モバイルパーク,Home,R,伊藤,5.5,3.83,2.6,5,
2025,2025/8/17,西武,オリックス,京セラドーム大阪,Away,R,高島,2.67,2.2,3.54,6,
2025,2025/8/17,オリックス,西武,京セラドーム大阪,Home,L,隅田,2.2,2.67,2.09,7,
2025,2025/8/17,ロッテ,ソフトバンク,みずほペイペイドーム,Away,L,モイネロ,3.4,3.17,1.19,0,
2025,2025/8/17,ソフトバンク,ロッテ,みずほペイペイドーム,Home,R,西野,3.17,3.4,3.43,1,
2025,2025/8/19,巨人,ヤクルト,神宮,Away,R,ランバート,3,3.4,3.21,15,
2025,2025/8/19,ヤクルト,巨人,神宮,Home,R,戸郷,3.4,3,4.5,2,
2025,2025/8/19,広島,ＤｅＮＡ,横浜,Away,R,平良,3.4,5.2,2.33,3,
2025,2025/8/19,ＤｅＮＡ,広島,横浜,Home,L,床田,5.2,3.4,2.35,1,
2025,2025/8/19,中日,阪神,京セラドーム大阪,Away,R,ビーズリー,2.2,3,4.32,4,
2025,2025/8/19,阪神,中日,京セラドーム大阪,Home,L,マラー,3,2.2,3.57,5,
2025,2025/8/19,オリックス,日本ハム,エスコンフィールド,Away,R,達,2.6,5.8,1.6,5,
2025,2025/8/19,日本ハム,オリックス,エスコンフィールド,Home,R,寺西,5.8,2.6,3.33,6,
2025,2025/8/19,楽天,ロッテ,ＺＯＺＯマリン,Away,R,木村,5,2.8,2.57,4,
2025,2025/8/19,ロッテ,楽天,ＺＯＺＯマリン,Home,R,岸,2.8,5,4.46,3,
2025,2025/8/19,西武,ソフトバンク,みずほペイペイドーム,Away,L,大関,2.6,3.2,1.53,2,
2025,2025/8/19,ソフトバンク,西武,みずほペイペイドーム,Home,R,渡辺,3.2,2.6,2.6,5,
2025,2025/8/20,巨人,ヤクルト,神宮,Away,R,アビラ,5,3.2,4.04,2,
2025,2025/8/20,ヤクルト,巨人,神宮,Home,L,森田,3.2,5,0,7,
2025,2025/8/20,広島,ＤｅＮＡ,横浜,Away,L,東,2.2,5.2,2.37,4,
2025,2025/8/20,ＤｅＮＡ,広島,横浜,Home,R,大瀬良,5.2,2.2,3.06,7,
2025,2025/8/20,中日,阪神,京セラドーム大阪,Away,L,伊原,3,3.6,1.97,2,
2025,2025/8/20,阪神,中日,京セラドーム大阪,Home,L,大野,3.6,3,2.27,1,
2025,2025/8/20,オリックス,日本ハム,エスコンフィールド,Away,L,山崎,3,5.83,2.16,5,
2025,2025/8/20,日本ハム,オリックス,エスコンフィールド,Home,L,佐藤,5.83,3,0,6,
2025,2025/8/20,楽天,ロッテ,ＺＯＺＯマリン,Away,R,種市,4.83,2.83,3.47,3,
2025,2025/8/20,ロッテ,楽天,ＺＯＺＯマリン,Home,L,古謝,2.83,4.83,3.31,5,
2025,2025/8/20,西武,ソフトバンク,みずほペイペイドーム,Away,R,上沢,2.5,3.5,3.13,4,
2025,2025/8/20,ソフトバンク,西武,みずほペイペイドーム,Home,R,松本,3.5,2.5,7.27,5,
2025,2025/8/21,巨人,ヤクルト,神宮,Away,L,石川雅,4.8,4.2,6.75,7,
2025,2025/8/21,ヤクルト,巨人,神宮,Home,R,田中将,4.2,4.8,4.79,1,
2025,2025/8/21,広島,ＤｅＮＡ,横浜,Away,R,バウアー,3,4.6,4.2,5,
2025,2025/8/21,ＤｅＮＡ,広島,横浜,Home,L,高,4.6,3,0.69,2,
2025,2025/8/21,オリックス,日本ハム,エスコンフィールド,Away,R,バーヘイゲン,3.17,6.33,3.96,10,
2025,2025/8/21,日本ハム,オリックス,エスコンフィールド,Home,L,宮城,6.33,3.17,2.28,0,
2025,2025/8/21,楽天,ロッテ,ＺＯＺＯマリン,Away,L,吉川,4.17,3.33,6.75,10,
2025,2025/8/21,ロッテ,楽天,ＺＯＺＯマリン,Home,R,滝中,3.33,4.17,3.28,12,
2025,2025/8/22,ＤｅＮＡ,巨人,東京ドーム,Away,L,横川,4.17,5.17,2.09,1,
2025,2025/8/22,巨人,ＤｅＮＡ,東京ドーム,Home,R,ジャクソン,5.17,4.17,2.06,8,
2025,2025/8/22,阪神,ヤクルト,神宮,Away,R,高梨裕,3.4,3.67,2.82,3,
2025,2025/8/22,ヤクルト,阪神,神宮,Home,L,高橋,3.67,3.4,2.51,1,
2025,2025/8/22,中日,広島,マツダスタジアム,Away,L,森,2.6,3.33,3.43,6,
2025,2025/8/22,広島,中日,マツダスタジアム,Home,R,柳,3.33,2.6,1.65,4,
2025,2025/8/22,ソフトバンク,日本ハム,エスコンフィールド,Away,R,北山,3.8,4.83,1.54,3,
2025,2025/8/22,日本ハム,ソフトバンク,エスコンフィールド,Home,L,松本晴,4.83,3.8,2.35,4,
2025,2025/8/22,オリックス,楽天,楽天モバイルパーク,Away,R,荘司,4.67,5,1.91,2,
2025,2025/8/22,楽天,オリックス,楽天モバイルパーク,Home,R,九里,5,4.67,2.64,3,
2025,2025/8/22,西武,ロッテ,ＺＯＺＯマリン,Away,R,ボス,2.6,4.67,3.82,3,
2025,2025/8/22,ロッテ,西武,ＺＯＺＯマリン,Home,R,高橋,4.67,2.6,2.51,0,
2025,2025/8/23,ＤｅＮＡ,巨人,東京ドーム,Away,L,井上,3.67,5.5,3.49,1,
2025,2025/8/23,巨人,ＤｅＮＡ,東京ドーム,Home,R,石田裕,5.5,3.67,3.9,4,
2025,2025/8/23,阪神,ヤクルト,神宮,Away,L,山野,3,3.5,4.07,2,
2025,2025/8/23,ヤクルト,阪神,神宮,Home,L,伊藤将,3.5,3,1.38,2,
2025,2025/8/23,中日,広島,マツダスタジアム,Away,R,森下,3.2,3.83,2.54,5,
2025,2025/8/23,広島,中日,マツダスタジアム,Home,R,高橋宏,3.83,3.2,2.7,2,
2025,2025/8/23,ソフトバンク,日本ハム,エスコンフィールド,Away,R,福島,3.2,5.33,1.5,3,
2025,2025/8/23,日本ハム,ソフトバンク,エスコンフィールド,Home,R,有原,5.33,3.2,2.95,8,
2025,2025/8/23,オリックス,楽天,楽天モバイルパーク,Away,L,藤井聖,4.83,5,2.86,8,
2025,2025/8/23,楽天,オリックス,楽天モバイルパーク,Home,L,田嶋,5,4.83,3.02,6,
2025,2025/8/23,西武,ロッテ,ＺＯＺＯマリン,Away,L,サモンズ,3.2,4.5,3.25,2,
2025,2025/8/23,ロッテ,西武,ＺＯＺＯマリン,Home,R,今井,4.5,3.2,1.72,0,
2025,2025/8/24,ＤｅＮＡ,巨人,東京ドーム,Away,R,赤星,2.83,6.17,2.48,4,
2025,2025/8/24,巨人,ＤｅＮＡ,東京ドーム,Home,R,竹田,6.17,2.83,0,2,
2025,2025/8/24,阪神,ヤクルト,神宮,Away,R,奥川,2.8,3.33,4.08,8,
2025,2025/8/24,ヤクルト,阪神,神宮,Home,R,才木,3.33,2.8,1.59,1,
2025,2025/8/24,中日,広島,マツダスタジアム,Away,R,常広,4.2,3.33,0,4,
2025,2025/8/24,広島,中日,マツダスタジアム,Home,L,金丸,3.33,4.2,3.14,5,
2025,2025/8/24,ソフトバンク,日本ハム,エスコンフィールド,Away,R,伊藤,3.4,5.17,2.6,0,
2025,2025/8/24,日本ハム,ソフトバンク,エスコンフィールド,Home,L,モイネロ,5.17,3.4,1.13,1,
2025,2025/8/24,オリックス,楽天,楽天モバイルパーク,Away,R,則本,6.17,5.17,2.23,3,
2025,2025/8/24,楽天,オリックス,楽天モバイルパーク,Home,R,エスピノーザ,5.17,6.17,3.17,2,
2025,2025/8/24,西武,ロッテ,ＺＯＺＯマリン,Away,L,小島,3.4,3.33,3.86,0,
2025,2025/8/24,ロッテ,西武,ＺＯＺＯマリン,Home,L,隅田,3.33,3.4,2.42,2,
2025,2025/8/26,阪神,ＤｅＮＡ,横浜,Away,L,ケイ,3.8,2.67,2,3,
2025,2025/8/26,ＤｅＮＡ,阪神,横浜,Home,R,村上,2.67,3.8,1.91,2,
2025,2025/8/26,ヤクルト,中日,バンテリンドーム,Away,L,マラー,2.33,4.2,3.46,2,
2025,2025/8/26,中日,ヤクルト,バンテリンドーム,Home,R,小川,4.2,2.33,4.22,0,
2025,2025/8/26,巨人,広島,マツダスタジアム,Away,L,床田,6.33,3.83,2.3,1,
2025,2025/8/26,広島,巨人,マツダスタジアム,Home,R,戸郷,3.83,6.33,4.28,4,
2025,2025/8/26,ソフトバンク,楽天,弘前,Away,R,岸,3.2,4.67,4.54,3,
2025,2025/8/26,楽天,ソフトバンク,弘前,Home,L,大関,4.67,3.2,1.59,10,
2025,2025/8/26,日本ハム,西武,ベルーナドーム,Away,R,渡辺,4.17,2.2,2.87,2,
2025,2025/8/26,西武,日本ハム,ベルーナドーム,Home,R,達,2.2,4.17,2.05,2,
2025,2025/8/26,ロッテ,オリックス,京セラドーム大阪,Away,R,片山,3.67,5.5,1.59,5,
2025,2025/8/26,オリックス,ロッテ,京セラドーム大阪,Home,R,石川柊,5.5,3.67,4.79,6,
2025,2025/8/27,阪神,ＤｅＮＡ,横浜,Away,L,東,3.4,2.83,2.47,2,
2025,2025/8/27,ＤｅＮＡ,阪神,横浜,Home,R,早川,2.83,3.4,3.66,1,
2025,2025/8/27,ヤクルト,中日,バンテリンドーム,Away,L,大野,2.33,3.4,2.22,0,
2025,2025/8/27,中日,ヤクルト,バンテリンドーム,Home,R,ランバート,3.4,2.33,3.78,3,
2025,2025/8/27,巨人,広島,マツダスタジアム,Away,R,大瀬良,4,4,3.39,2,
2025,2025/8/27,広島,巨人,マツダスタジアム,Home,L,森田,4,4,2.79,3,
2025,2025/8/27,ソフトバンク,楽天,秋田,Away,L,古謝,2.8,5.67,3.41,3,
2025,2025/8/27,楽天,ソフトバンク,秋田,Home,R,大津,5.67,2.8,3.19,1,
2025,2025/8/27,日本ハム,西武,ベルーナドーム,Away,R,与座,3.5,2.2,2.8,2,
2025,2025/8/27,西武,日本ハム,ベルーナドーム,Home,L,山崎,2.2,3.5,2.22,3,
2025,2025/8/27,ロッテ,オリックス,ほっともっと神戸,Away,R,寺西,4,5.67,3.37,6,
2025,2025/8/27,オリックス,ロッテ,ほっともっと神戸,Home,R,種市,5.67,4,3.29,1,
2025,2025/8/28,阪神,ＤｅＮＡ,横浜,Away,R,森唯,3.6,1.83,0,4,
2025,2025/8/28,ＤｅＮＡ,阪神,横浜,Home,L,伊原,1.83,3.6,2.03,5,
2025,2025/8/28,ヤクルト,中日,バンテリンドーム,Away,R,仲地,1.17,3.6,0,3,
2025,2025/8/28,中日,ヤクルト,バンテリンドーム,Home,R,吉村,3.6,1.17,3.47,4,
2025,2025/8/28,巨人,広島,マツダスタジアム,Away,L,高,4,3.83,1.35,3,
2025,2025/8/28,広島,巨人,マツダスタジアム,Home,R,田中将,3.83,4,4.21,8,
2025,2025/8/29,広島,ヤクルト,神宮,Away,R,高梨裕,4.33,1.5,2.59,4,
2025,2025/8/29,ヤクルト,広島,神宮,Home,L,森,1.5,4.33,3.38,2,
2025,2025/8/29,中日,ＤｅＮＡ,横浜,Away,R,ジャクソン,3.67,2.33,2.26,9,
2025,2025/8/29,ＤｅＮＡ,中日,横浜,Home,R,柳,2.33,3.67,1.96,8,
2025,2025/8/29,巨人,阪神,甲子園,Away,L,大竹,3.33,3.67,2.64,4,
2025,2025/8/29,阪神,巨人,甲子園,Home,R,山崎,3.67,3.33,2.29,3,
2025,2025/8/29,楽天,日本ハム,エスコンフィールド,Away,R,北山,4.4,3.4,1.69,0,
2025,2025/8/29,日本ハム,楽天,エスコンフィールド,Home,R,荘司,3.4,4.4,1.96,5,
2025,2025/8/29,オリックス,西武,ベルーナドーム,Away,R,高橋,4,2,2.38,8,
2025,2025/8/29,西武,オリックス,ベルーナドーム,Home,R,九里,2,4,2.74,1,
2025,2025/8/29,ソフトバンク,ロッテ,ＺＯＺＯマリン,Away,R,ボス,2.4,2.6,3.84,3,
2025,2025/8/29,ロッテ,ソフトバンク,ＺＯＺＯマリン,Home,R,上沢,2.6,2.4,3.09,1,
2025,2025/8/30,広島,ヤクルト,神宮,Away,L,山野,4.33,1.67,3.94,4,
2025,2025/8/30,ヤクルト,広島,神宮,Home,L,高橋,1.67,4.33,2.6,5,
2025,2025/8/30,中日,ＤｅＮＡ,横浜,Away,R,石田裕,4.17,3.5,3.76,9,
2025,2025/8/30,ＤｅＮＡ,中日,横浜,Home,R,高橋宏,3.5,4.17,2.67,7,
2025,2025/8/30,巨人,阪神,甲子園,Away,L,高橋,2.67,3.67,2.6,2,
2025,2025/8/30,阪神,巨人,甲子園,Home,L,井上,3.67,2.67,3.31,3,
2025,2025/8/30,楽天,日本ハム,エスコンフィールド,Away,L,加藤貴,3.8,3.6,3.13,6,
2025,2025/8/30,日本ハム,楽天,エスコンフィールド,Home,L,藤井聖,3.6,3.8,3.12,2,
2025,2025/8/30,オリックス,西武,ベルーナドーム,Away,R,松本,5.2,1.6,5.93,7,
2025,2025/8/30,西武,オリックス,ベルーナドーム,Home,R,川瀬,1.6,5.2,4.05,1,
2025,2025/8/30,ソフトバンク,ロッテ,ＺＯＺＯマリン,Away,L,サモンズ,2.4,2.8,3.07,4,
2025,2025/8/30,ロッテ,ソフトバンク,ＺＯＺＯマリン,Home,R,有原,2.8,2.4,3.22,6,
2025,2025/8/31,広島,ヤクルト,神宮,Away,R,下川,4.67,2.17,2.25,4,
2025,2025/8/31,ヤクルト,広島,神宮,Home,R,常広,2.17,4.67,3.38,7,
2025,2025/8/31,中日,ＤｅＮＡ,横浜,Away,R,藤浪,4.83,4.5,1.8,0,
2025,2025/8/31,ＤｅＮＡ,中日,横浜,Home,L,松葉,4.5,4.83,2.41,2,
2025,2025/8/31,巨人,阪神,甲子園,Away,R,才木,2.33,3.83,1.54,4,
2025,2025/8/31,阪神,巨人,甲子園,Home,L,横川,3.83,2.33,1.85,5,
2025,2025/8/31,楽天,日本ハム,エスコンフィールド,Away,R,福島,3.8,2.4,2.12,1,
2025,2025/8/31,日本ハム,楽天,エスコンフィールド,Home,R,内,2.4,3.8,3.28,0,
2025,2025/8/31,オリックス,西武,ベルーナドーム,Away,L,隅田,5,1.4,2.37,4,
2025,2025/8/31,西武,オリックス,ベルーナドーム,Home,R,エスピノーザ,1.4,5,3.05,1,
2025,2025/8/31,ソフトバンク,ロッテ,ＺＯＺＯマリン,Away,L,小島,2.6,4,3.61,3,
2025,2025/8/31,ロッテ,ソフトバンク,ＺＯＺＯマリン,Home,L,松本晴,4,2.6,2.55,4,
2025,2025/9/2,ヤクルト,巨人,京セラドーム大阪,Away,R,戸郷,3.17,2.67,4.24,1,
2025,2025/9/2,巨人,ヤクルト,京セラドーム大阪,Home,R,奥川,2.67,3.17,4.09,4,
2025,2025/9/2,阪神,中日,バンテリンドーム,Away,L,マラー,3.33,4.17,3.45,5,
2025,2025/9/2,中日,阪神,バンテリンドーム,Home,R,村上,4.17,3.33,1.94,3,
2025,2025/9/2,ＤｅＮＡ,広島,マツダスタジアム,Away,L,床田,4.17,4.5,2.23,8,
2025,2025/9/2,広島,ＤｅＮＡ,マツダスタジアム,Home,L,ケイ,4.5,4.17,1.89,5,
2025,2025/9/2,西武,楽天,楽天モバイルパーク,Away,R,岸,1.6,3.6,4.22,2,
2025,2025/9/2,楽天,西武,楽天モバイルパーク,Home,R,今井,3.6,1.6,1.6,0,
2025,2025/9/2,日本ハム,ロッテ,ＺＯＺＯマリン,Away,R,石川柊,2.2,4.4,4.54,8,
2025,2025/9/2,ロッテ,日本ハム,ＺＯＺＯマリン,Home,R,伊藤,4.4,2.2,2.45,6,
2025,2025/9/2,オリックス,ソフトバンク,みずほペイペイドーム,Away,L,モイネロ,5.2,3.2,1.07,1,
2025,2025/9/2,ソフトバンク,オリックス,みずほペイペイドーム,Home,L,宮城,3.2,5.2,2.26,2,
2025,2025/9/3,ヤクルト,巨人,京セラドーム大阪,Away,L,森田,3,3.17,3.04,3,
2025,2025/9/3,巨人,ヤクルト,京セラドーム大阪,Home,R,ランバート,3.17,3,3.82,5,
2025,2025/9/3,阪神,中日,バンテリンドーム,Away,L,大野,3.67,4.67,2.07,2,
2025,2025/9/3,中日,阪神,バンテリンドーム,Home,L,伊藤将,4.67,3.67,1.39,5,
2025,2025/9/3,ＤｅＮＡ,広島,マツダスタジアム,Away,R,大瀬良,5.17,4.67,3.29,1,
2025,2025/9/3,広島,ＤｅＮＡ,マツダスタジアム,Home,L,東,4.67,5.17,2.41,2,
2025,2025/9/3,西武,楽天,楽天モバイルパーク,Away,L,早川,1.6,1.6,3.41,11,
2025,2025/9/3,楽天,西武,楽天モバイルパーク,Home,R,与座,1.6,1.6,2.84,6,
2025,2025/9/3,日本ハム,ロッテ,ＺＯＺＯマリン,Away,R,種市,3.4,4.6,3.15,1,
2025,2025/9/3,ロッテ,日本ハム,ＺＯＺＯマリン,Home,R,柴田,4.6,3.4,1.88,2,
2025,2025/9/3,オリックス,ソフトバンク,みずほペイペイドーム,Away,L,大関,4.2,3,1.6,1,
2025,2025/9/3,ソフトバンク,オリックス,みずほペイペイドーム,Home,R,寺西,3,4.2,4.6,7,
2025,2025/9/4,ヤクルト,巨人,岐阜,Away,L,又木,3.5,3.67,1.8,12,
2025,2025/9/4,巨人,ヤクルト,岐阜,Home,R,吉村,3.67,3.5,3.44,1,
2025,2025/9/4,阪神,中日,バンテリンドーム,Away,R,涌井,3.67,5,3.12,7,
2025,2025/9/4,中日,阪神,バンテリンドーム,Home,R,ネルソン,5,3.67,1.83,5,
2025,2025/9/4,ＤｅＮＡ,広島,マツダスタジアム,Away,L,高,5.17,4.5,2.08,1,
2025,2025/9/4,広島,ＤｅＮＡ,マツダスタジアム,Home,R,平良,4.5,5.17,2.37,0,
2025,2025/9/4,日本ハム,ロッテ,ＺＯＺＯマリン,Away,R,木村,3.2,3.8,2.62,9,
2025,2025/9/4,ロッテ,日本ハム,ＺＯＺＯマリン,Home,R,達,3.8,3.2,2.12,2,
2025,2025/9/4,オリックス,ソフトバンク,みずほペイペイドーム,Away,R,上沢,4.2,3.8,3.01,0,
2025,2025/9/4,ソフトバンク,オリックス,みずほペイペイドーム,Home,L,田嶋,3.8,4.2,3.22,8,
2025,2025/9/5,ヤクルト,ＤｅＮＡ,横浜,Away,R,ジャクソン,5,4.5,2.36,6,
2025,2025/9/5,ＤｅＮＡ,ヤクルト,横浜,Home,R,高梨裕,4.5,5,2.73,7,
2025,2025/9/5,巨人,中日,バンテリンドーム,Away,R,柳,3.33,5.17,2.25,0,
2025,2025/9/5,中日,巨人,バンテリンドーム,Home,R,山崎,5.17,3.33,2.28,1,
2025,2025/9/5,広島,阪神,甲子園,Away,L,大竹,3.17,4.17,2.96,1,
2025,2025/9/5,阪神,広島,甲子園,Home,L,森,4.17,3.17,3.24,6,
2025,2025/9/5,ロッテ,西武,ベルーナドーム,Away,R,高橋,3.5,3.2,2.76,3,
2025,2025/9/5,西武,ロッテ,ベルーナドーム,Home,R,ボス,3.2,3.5,3.88,5,
2025,2025/9/5,日本ハム,オリックス,京セラドーム大阪,Away,R,九里,4.17,3.5,2.67,0,
2025,2025/9/5,オリックス,日本ハム,京セラドーム大阪,Home,R,北山,3.5,4.17,1.6,2,
2025,2025/9/5,楽天,ソフトバンク,みずほペイペイドーム,Away,R,大津,2.6,4.5,2.81,0,
2025,2025/9/5,ソフトバンク,楽天,みずほペイペイドーム,Home,L,古謝,4.5,2.6,3.33,11,
2025,2025/9/6,ヤクルト,ＤｅＮＡ,横浜,Away,R,竹田,5.67,4.33,0.69,3,
2025,2025/9/6,ＤｅＮＡ,ヤクルト,横浜,Home,L,山野,4.33,5.67,3.83,2,
2025,2025/9/6,巨人,中日,バンテリンドーム,Away,R,高橋宏,2.67,3.83,2.73,5,
2025,2025/9/6,中日,巨人,バンテリンドーム,Home,L,井上,3.83,2.67,3.43,4,
2025,2025/9/6,広島,阪神,甲子園,Away,L,門別,2.67,4.67,4.65,1,
2025,2025/9/6,阪神,広島,甲子園,Home,R,常広,4.67,2.67,6.75,4,
2025,2025/9/6,ロッテ,西武,ベルーナドーム,Away,R,渡辺,3.83,4,2.91,0,
2025,2025/9/6,西武,ロッテ,ベルーナドーム,Home,L,サモンズ,4,3.83,3.25,4,
2025,2025/9/6,日本ハム,オリックス,京セラドーム大阪,Away,L,曽谷,3.33,2.5,3.74,1,
2025,2025/9/6,オリックス,日本ハム,京セラドーム大阪,Home,L,加藤貴,2.5,3.33,3.3,3,
2025,2025/9/6,楽天,ソフトバンク,みずほペイペイドーム,Away,R,有原,2.6,5.83,3.34,1,
2025,2025/9/6,ソフトバンク,楽天,みずほペイペイドーム,Home,R,荘司,5.83,2.6,2.24,2,
2025,2025/9/7,ヤクルト,ＤｅＮＡ,横浜,Away,R,藤浪,5.33,3.5,0.75,2,
2025,2025/9/7,ＤｅＮＡ,ヤクルト,横浜,Home,R,小川,3.5,5.33,3.67,3,
2025,2025/9/7,巨人,中日,バンテリンドーム,Away,L,松葉,3.17,3,2.37,6,
2025,2025/9/7,中日,巨人,バンテリンドーム,Home,L,横川,3,3.17,1.84,3,
2025,2025/9/7,広島,阪神,甲子園,Away,R,才木,2.17,4.83,1.63,0,
2025,2025/9/7,阪神,広島,甲子園,Home,R,アドゥワ,4.83,2.17,8,2,
2025,2025/9/7,ロッテ,西武,ベルーナドーム,Away,R,篠原,2.83,4.6,0,4,
2025,2025/9/7,西武,ロッテ,ベルーナドーム,Home,L,小島,4.6,2.83,3.57,2,
2025,2025/9/7,日本ハム,オリックス,京セラドーム大阪,Away,R,山下,3.17,1.83,0,2,
2025,2025/9/7,オリックス,日本ハム,京セラドーム大阪,Home,R,福島,1.83,3.17,1.52,3,
2025,2025/9/7,楽天,ソフトバンク,みずほペイペイドーム,Away,L,松本晴,1.6,5.5,2.6,4,
2025,2025/9/7,ソフトバンク,楽天,みずほペイペイドーム,Home,L,藤井聖,5.5,1.6,3.18,2,
2025,2025/9/8,オリックス,ロッテ,ＺＯＺＯマリン,Away,R,河村,1.67,2.83,9.82,2,
2025,2025/9/8,ロッテ,オリックス,ＺＯＺＯマリン,Home,R,エスピノーザ,2.83,1.67,2.97,4,
2025,2025/9/9,広島,巨人,東京ドーム,Away,R,戸郷,1.5,3.5,4.06,4,
2025,2025/9/9,巨人,広島,東京ドーム,Home,L,床田,3.5,1.5,2.6,6,
2025,2025/9/9,中日,ヤクルト,神宮,Away,R,奥川,3.5,4.5,4.02,2,
2025,2025/9/9,ヤクルト,中日,神宮,Home,R,松木平,4.5,3.5,0,3,
2025,2025/9/9,ＤｅＮＡ,阪神,甲子園,Away,R,村上,3.67,4.33,2.04,3,
2025,2025/9/9,阪神,ＤｅＮＡ,甲子園,Home,L,ケイ,4.33,3.67,1.92,0,
2025,2025/9/9,ソフトバンク,日本ハム,エスコンフィールド,Away,R,伊藤,5.33,3.5,2.44,4,
2025,2025/9/9,日本ハム,ソフトバンク,エスコンフィールド,Home,L,モイネロ,3.5,5.33,1.08,7,
2025,2025/9/9,西武,楽天,楽天モバイルパーク,Away,R,岸,4.8,2.2,4.12,5,
2025,2025/9/9,楽天,西武,楽天モバイルパーク,Home,R,今井,2.2,4.8,1.5,6,
2025,2025/9/9,オリックス,ロッテ,ＺＯＺＯマリン,Away,R,石川柊,1.71,3,5.08,7,
2025,2025/9/9,ロッテ,オリックス,ＺＯＺＯマリン,Home,L,宮城,3,1.71,2.22,3,
2025,2025/9/10,広島,巨人,東京ドーム,Away,L,森田,1.33,3.83,2.43,3,
2025,2025/9/10,巨人,広島,東京ドーム,Home,R,大瀬良,3.83,1.33,3.23,4,
2025,2025/9/10,中日,ヤクルト,神宮,Away,R,ランバート,3.33,4.83,4.09,6,
2025,2025/9/10,ヤクルト,中日,神宮,Home,L,金丸,4.83,3.33,2.93,3,
2025,2025/9/10,ＤｅＮＡ,阪神,甲子園,Away,L,伊藤将,2.83,3.5,1.87,6,
2025,2025/9/10,阪神,ＤｅＮＡ,甲子園,Home,L,東,3.5,2.83,2.3,1,
2025,2025/9/11,広島,巨人,東京ドーム,Away,R,山崎,1.5,3.67,2.23,3,
2025,2025/9/11,巨人,広島,東京ドーム,Home,L,高,3.67,1.5,1.99,2,
2025,2025/9/11,中日,ヤクルト,神宮,Away,R,吉村,3.5,4.83,3.22,5,
2025,2025/9/11,ヤクルト,中日,神宮,Home,R,涌井,4.83,3.5,3.33,6,
2025,2025/9/11,ＤｅＮＡ,阪神,甲子園,Away,L,大竹,3.67,3.33,2.84,0,
2025,2025/9/11,阪神,ＤｅＮＡ,甲子園,Home,R,石田裕,3.33,3.67,3.66,2,
2025,2025/9/11,オリックス,日本ハム,エスコンフィールド,Away,R,北山,2.83,3.8,1.59,4,
2025,2025/9/11,日本ハム,オリックス,エスコンフィールド,Home,L,東松,3.8,2.83,5.87,10,
2025,2025/9/11,ソフトバンク,ロッテ,ＺＯＺＯマリン,Away,R,種市,5.4,2.67,3.01,1,
2025,2025/9/11,ロッテ,ソフトバンク,ＺＯＺＯマリン,Home,L,大関,2.67,5.4,1.59,9,
2025,2025/9/12,ＤｅＮＡ,ヤクルト,神宮,Away,R,高梨裕,3.5,3.83,2.98,10,
2025,2025/9/12,ヤクルト,ＤｅＮＡ,神宮,Home,R,ジャクソン,3.83,3.5,2.49,2,
2025,2025/9/12,中日,広島,マツダスタジアム,Away,L,森,3.5,2,3.6,0,
2025,2025/9/12,広島,中日,マツダスタジアム,Home,R,柳,2,3.5,2.05,9,
2025,2025/9/12,西武,日本ハム,エスコンフィールド,Away,R,達,4,4,1.97,7,
2025,2025/9/12,日本ハム,西武,エスコンフィールド,Home,R,高橋,4,4,2.81,3,
2025,2025/9/12,ロッテ,楽天,楽天モバイルパーク,Away,L,古謝,3.83,2.75,3.98,3,
2025,2025/9/12,楽天,ロッテ,楽天モバイルパーク,Home,R,ボス,2.75,3.83,3.95,6,
2025,2025/9/13,阪神,巨人,東京ドーム,Away,L,横川,1.8,4.6,2.04,10,
2025,2025/9/13,巨人,阪神,東京ドーム,Home,L,高橋,4.6,1.8,2.83,11,
2025,2025/9/13,ＤｅＮＡ,ヤクルト,神宮,Away,L,山野,4,3.17,3.75,6,
2025,2025/9/13,ヤクルト,ＤｅＮＡ,神宮,Home,R,竹田,3.17,4,1.96,2,
2025,2025/9/13,中日,広島,マツダスタジアム,Away,R,常広,3.33,3.33,5.02,0,
2025,2025/9/13,広島,中日,マツダスタジアム,Home,R,高橋宏,3.33,3.33,2.84,5,
2025,2025/9/13,西武,日本ハム,エスコンフィールド,Away,L,加藤貴,4.5,4.6,3.23,4,
2025,2025/9/13,日本ハム,西武,エスコンフィールド,Home,R,渡辺,4.6,4.5,2.68,5,
2025,2025/9/13,ロッテ,楽天,楽天モバイルパーク,Away,R,荘司,3.83,4.25,2.25,6,
2025,2025/9/13,楽天,ロッテ,楽天モバイルパーク,Home,L,サモンズ,4.25,3.83,3.47,4,
2025,2025/9/13,ソフトバンク,オリックス,京セラドーム大阪,Away,R,九里,2.25,3.8,2.56,2,
2025,2025/9/13,オリックス,ソフトバンク,京セラドーム大阪,Home,R,上沢,3.8,2.25,2.81,1,
2025,2025/9/14,巨人,ＤｅＮＡ,横浜,Away,R,藤浪,5.8,4.67,1.45,7,
2025,2025/9/14,ＤｅＮＡ,巨人,横浜,Home,R,赤星,4.67,5.8,2.6,9,
2025,2025/9/14,中日,阪神,甲子園,Away,R,才木,2.67,3,1.57,1,
2025,2025/9/14,阪神,中日,甲子園,Home,L,大野,3,2.67,2.12,0,
2025,2025/9/14,ヤクルト,広島,マツダスタジアム,Away,R,アドゥワ,3,4,6.23,8,
2025,2025/9/14,広島,ヤクルト,マツダスタジアム,Home,R,アビラ,4,3,3.97,6,
2025,2025/9/14,西武,日本ハム,エスコンフィールド,Away,R,福島,4.5,5.4,1.86,3,
2025,2025/9/14,日本ハム,西武,エスコンフィールド,Home,L,隅田,5.4,4.5,2.35,4,
2025,2025/9/14,ロッテ,楽天,楽天モバイルパーク,Away,L,藤井聖,4.83,5,3.08,1,
2025,2025/9/14,楽天,ロッテ,楽天モバイルパーク,Home,L,小島,5,4.83,3.49,5,
2025,2025/9/14,ソフトバンク,オリックス,京セラドーム大阪,Away,L,曽谷,2.25,3.4,3.61,4,
2025,2025/9/14,オリックス,ソフトバンク,京セラドーム大阪,Home,R,有原,3.4,2.25,3.24,3,
2025,2025/9/15,巨人,ＤｅＮＡ,横浜,Away,L,ケイ,6,5.67,1.83,0,
2025,2025/9/15,ＤｅＮＡ,巨人,横浜,Home,R,田中将,5.67,6,5.2,3,
2025,2025/9/15,中日,阪神,甲子園,Away,R,ネルソン,2.33,2.6,1.59,2,
2025,2025/9/15,阪神,中日,甲子園,Home,L,松葉,2.6,2.33,2.54,6,
2025,2025/9/15,ヤクルト,広島,マツダスタジアム,Away,L,玉村,4,5,4.31,2,
2025,2025/9/15,広島,ヤクルト,マツダスタジアム,Home,R,青柳,5,4,0,6,
2025,2025/9/15,西武,日本ハム,エスコンフィールド,Away,R,柴田,4.75,5.8,2.08,5,
2025,2025/9/15,日本ハム,西武,エスコンフィールド,Home,R,与座,5.8,4.75,2.89,12,
2025,2025/9/15,ロッテ,楽天,楽天モバイルパーク,Away,R,ハワード,4.33,5.25,1.53,4,
2025,2025/9/15,楽天,ロッテ,楽天モバイルパーク,Home,R,河村,5.25,4.33,5.19,5,
2025,2025/9/15,ソフトバンク,オリックス,京セラドーム大阪,Away,R,エスピノーザ,2.75,3.4,2.97,5,
2025,2025/9/15,オリックス,ソフトバンク,京セラドーム大阪,Home,R,大津,3.4,2.75,2.4,0,
2025,2025/9/16,ロッテ,オリックス,京セラドーム大阪,Away,L,田嶋,4.33,3,3.3,3,
2025,2025/9/16,オリックス,ロッテ,京セラドーム大阪,Home,R,木村,3,4.33,3.33,7,
2025,2025/9/17,巨人,ヤクルト,神宮,Away,R,奥川,4.8,3.83,4,4,
2025,2025/9/17,ヤクルト,巨人,神宮,Home,R,戸郷,3.83,4.8,4.13,2,
2025,2025/9/17,ＤｅＮＡ,中日,バンテリンドーム,Away,L,金丸,5.67,2.33,2.94,1,
2025,2025/9/17,中日,ＤｅＮＡ,バンテリンドーム,Home,L,東,2.33,5.67,2.28,0,
2025,2025/9/17,阪神,広島,マツダスタジアム,Away,L,床田,3.8,5.33,2.82,6,
2025,2025/9/17,広島,阪神,マツダスタジアム,Home,R,村上,5.33,3.8,2.12,1,
2025,2025/9/17,日本ハム,楽天,楽天モバイルパーク,Away,R,内,6.8,5,3.07,2,
2025,2025/9/17,楽天,日本ハム,楽天モバイルパーク,Home,R,伊藤,5,6.8,2.46,3,
2025,2025/9/17,ロッテ,オリックス,京セラドーム大阪,Away,L,宮城,4.33,3,2.29,2,
2025,2025/9/17,オリックス,ロッテ,京セラドーム大阪,Home,R,石川柊,3,4.33,4.95,1,
2025,2025/9/17,西武,ソフトバンク,みずほペイペイドーム,Away,L,モイネロ,4.75,3,1.45,8,
2025,2025/9/17,ソフトバンク,西武,みずほペイペイドーム,Home,L,武内,3,4.75,3.82,11,
2025,2025/9/18,巨人,ヤクルト,神宮,Away,L,高橋,4.8,3.67,2.86,0,
2025,2025/9/18,ヤクルト,巨人,神宮,Home,L,森田,3.67,4.8,2.86,5,
2025,2025/9/18,ＤｅＮＡ,中日,バンテリンドーム,Away,R,涌井,4.83,1.33,3.84,7,
2025,2025/9/18,中日,ＤｅＮＡ,バンテリンドーム,Home,R,石田裕,1.33,4.83,3.56,4,
2025,2025/9/18,阪神,広島,マツダスタジアム,Away,L,高,4.8,5,2.15,7,
2025,2025/9/18,広島,阪神,マツダスタジアム,Home,L,大竹,5,4.8,2.54,2,
2025,2025/9/18,オリックス,西武,ベルーナドーム,Away,R,今井,2.67,5.4,1.67,1,
2025,2025/9/18,西武,オリックス,ベルーナドーム,Home,R,山下,5.4,2.67,3.6,2,
2025,2025/9/18,楽天,ロッテ,ＺＯＺＯマリン,Away,R,種市,4.6,4,2.9,0,
2025,2025/9/18,ロッテ,楽天,ＺＯＺＯマリン,Home,R,岸,4,4.6,4.26,7,
2025,2025/9/18,日本ハム,ソフトバンク,みずほペイペイドーム,Away,L,大関,6,4.6,1.7,2,
2025,2025/9/18,ソフトバンク,日本ハム,みずほペイペイドーム,Home,R,北山,4.6,6,1.72,3,
2025,2025/9/19,広島,巨人,東京ドーム,Away,R,山崎,4.83,4.4,2.25,4,
2025,2025/9/19,巨人,広島,東京ドーム,Home,R,大瀬良,4.4,4.83,3.29,5,
2025,2025/9/19,ヤクルト,中日,バンテリンドーム,Away,R,柳,3.5,1.17,2.57,6,
2025,2025/9/19,中日,ヤクルト,バンテリンドーム,Home,R,吉村,1.17,3.5,3.18,2,
2025,2025/9/19,ＤｅＮＡ,阪神,甲子園,Away,R,早川,6,5.8,4.03,0,
2025,2025/9/19,阪神,ＤｅＮＡ,甲子園,Home,R,ジャクソン,5.8,6,2.37,4,
2025,2025/9/19,西武,楽天,楽天モバイルパーク,Away,L,古謝,4.83,3.83,3.98,4,
2025,2025/9/19,楽天,西武,楽天モバイルパーク,Home,R,高橋,3.83,4.83,2.77,1,
2025,2025/9/20,広島,巨人,東京ドーム,Away,L,横川,4,4.5,2.37,1,
2025,2025/9/20,巨人,広島,東京ドーム,Home,L,森,4.5,4,3.39,3,
2025,2025/9/20,ヤクルト,中日,バンテリンドーム,Away,L,岡田,4.17,1.5,8.59,0,
2025,2025/9/20,中日,ヤクルト,バンテリンドーム,Home,R,小川,1.5,4.17,3.61,3,
2025,2025/9/20,ＤｅＮＡ,阪神,甲子園,Away,L,高橋,4.33,5.5,2.74,4,
2025,2025/9/20,阪神,ＤｅＮＡ,甲子園,Home,R,竹田,5.5,4.33,1.85,1,
2025,2025/9/20,ロッテ,日本ハム,エスコンフィールド,Away,R,達,3.83,5,2.02,7,
2025,2025/9/20,日本ハム,ロッテ,エスコンフィールド,Home,L,サモンズ,5,3.83,3.43,8,
2025,2025/9/20,西武,楽天,楽天モバイルパーク,Away,R,荘司,4.33,3,2.59,1,
2025,2025/9/20,楽天,西武,楽天モバイルパーク,Home,R,渡辺,3,4.33,2.8,2,
2025,2025/9/20,オリックス,ソフトバンク,みずほペイペイドーム,Away,R,上沢,2.17,5,2.66,5,
2025,2025/9/20,ソフトバンク,オリックス,みずほペイペイドーム,Home,R,九里,5,2.17,2.45,4,
2025,2025/9/21,阪神,ヤクルト,神宮,Away,L,山野,4,3.83,4.25,1,
2025,2025/9/21,ヤクルト,阪神,神宮,Home,L,伊藤将,3.83,4,2.38,8,
2025,2025/9/21,広島,ＤｅＮＡ,横浜,Away,R,平良,3.33,4,2.13,2,
2025,2025/9/21,ＤｅＮＡ,広島,横浜,Home,R,常広,4,3.33,3.54,7,
2025,2025/9/21,巨人,中日,バンテリンドーム,Away,L,大野,3.17,2,1.98,2,
2025,2025/9/21,中日,巨人,バンテリンドーム,Home,R,田中将,2,3.17,4.81,5,
2025,2025/9/21,ロッテ,日本ハム,エスコンフィールド,Away,R,福島,4,5.6,2.25,2,
2025,2025/9/21,日本ハム,ロッテ,エスコンフィールド,Home,L,小島,5.6,4,3.63,7,
2025,2025/9/21,西武,楽天,楽天モバイルパーク,Away,L,藤井聖,3.83,2.67,2.97,8,
2025,2025/9/21,楽天,西武,楽天モバイルパーク,Home,L,隅田,2.67,3.83,2.47,2,
2025,2025/9/21,オリックス,ソフトバンク,みずほペイペイドーム,Away,R,有原,2.83,5.4,3.27,2,
2025,2025/9/21,ソフトバンク,オリックス,みずほペイペイドーム,Home,L,佐藤,5.4,2.83,4.5,1,
2025,2025/9/22,阪神,ヤクルト,神宮,Away,R,青柳,4.17,3.83,9,2,
2025,2025/9/22,ヤクルト,阪神,神宮,Home,R,才木,3.83,4.17,1.58,3,
2025,2025/9/22,ロッテ,日本ハム,エスコンフィールド,Away,R,伊藤,4.17,6.2,2.46,2,
2025,2025/9/22,日本ハム,ロッテ,エスコンフィールド,Home,R,河村,6.2,4.17,3.86,0,
2025,2025/9/22,オリックス,ソフトバンク,みずほペイペイドーム,Away,R,大津,2.67,4.8,2.14,1,
2025,2025/9/22,ソフトバンク,オリックス,みずほペイペイドーム,Home,R,エスピノーザ,4.8,2.67,3.15,0,
2025,2025/9/23,中日,ヤクルト,神宮,Away,R,下川,2.8,4,3.24,3,
2025,2025/9/23,ヤクルト,中日,神宮,Home,L,マラー,4,2.8,3.62,0,
2025,2025/9/23,阪神,ＤｅＮＡ,横浜,Away,L,ケイ,3.5,3.8,1.71,2,
2025,2025/9/23,ＤｅＮＡ,阪神,横浜,Home,R,ネルソン,3.8,3.5,1.63,2,
2025,2025/9/23,巨人,広島,マツダスタジアム,Away,L,玉村,2.8,2,4.15,0,
2025,2025/9/23,広島,巨人,マツダスタジアム,Home,R,戸郷,2,2.8,4.07,5,
2025,2025/9/23,楽天,日本ハム,エスコンフィールド,Away,R,孫易磊,1.6,3.8,3.48,7,
2025,2025/9/23,日本ハム,楽天,エスコンフィールド,Home,R,ハワード,3.8,1.6,2.08,0,
2025,2025/9/23,西武,ロッテ,ＺＯＺＯマリン,Away,R,唐川,4.6,3.83,18,0,
2025,2025/9/23,ロッテ,西武,ＺＯＺＯマリン,Home,R,与座,3.83,4.6,2.94,1,
2025,2025/9/23,オリックス,ソフトバンク,みずほペイペイドーム,Away,L,松本晴,2.83,3.8,2.84,1,
2025,2025/9/23,ソフトバンク,オリックス,みずほペイペイドーム,Home,L,田嶋,3.8,2.83,3.32,0,
2025,2025/9/24,ソフトバンク,楽天,楽天モバイルパーク,Away,R,ヤフーレ,3.17,2.5,3.98,8,
2025,2025/9/24,楽天,ソフトバンク,楽天モバイルパーク,Home,L,モイネロ,2.5,3.17,1.46,3,
2025,2025/9/24,西武,ロッテ,ＺＯＺＯマリン,Away,R,木村,3.83,3.5,3.81,0,
2025,2025/9/24,ロッテ,西武,ＺＯＺＯマリン,Home,L,菅井,3.5,3.83,3.06,5,
2025,2025/9/25,ソフトバンク,楽天,楽天モバイルパーク,Away,R,滝中,2.67,2.5,3.71,6,
2025,2025/9/25,楽天,ソフトバンク,楽天モバイルパーク,Home,L,大関,2.5,2.67,1.74,0,
2025,2025/9/25,日本ハム,西武,ベルーナドーム,Away,R,今井,3.4,2.5,1.59,4,
2025,2025/9/25,西武,日本ハム,ベルーナドーム,Home,R,北山,2.5,3.4,1.71,5,
2025,2025/9/25,ロッテ,オリックス,京セラドーム大阪,Away,L,曽谷,4,2,3.55,6,
2025,2025/9/25,オリックス,ロッテ,京セラドーム大阪,Home,R,ボス,2,4,4.16,4,
2025,2025/9/26,広島,ヤクルト,神宮,Away,R,アビラ,3,3.4,4.24,1,
2025,2025/9/26,ヤクルト,広島,神宮,Home,L,床田,3.4,3,2.83,11,
2025,2025/9/26,中日,阪神,甲子園,Away,R,村上,3.25,2,2.09,2,
2025,2025/9/26,阪神,中日,甲子園,Home,R,柳,2,3.25,2.83,6,
2025,2025/9/26,巨人,ＤｅＮＡ,横浜,Away,L,東,2.5,3.25,2.18,4,
2025,2025/9/26,ＤｅＮＡ,巨人,横浜,Home,R,山崎,3.25,2.5,2.32,5,
2025,2025/9/26,日本ハム,西武,ベルーナドーム,Away,R,篠原,3.8,3,7.71,8,
2025,2025/9/26,西武,日本ハム,ベルーナドーム,Home,L,加藤貴,3,3.8,3.24,5,
2025,2025/9/26,ソフトバンク,楽天,楽天モバイルパーク,Away,L,古謝,3.17,2.5,3.82,4,
2025,2025/9/26,楽天,ソフトバンク,楽天モバイルパーク,Home,R,上沢,2.5,3.17,2.72,3,
2025,2025/9/27,広島,ヤクルト,神宮,Away,R,吉村,2.25,4.4,3.15,1,
2025,2025/9/27,ヤクルト,広島,神宮,Home,L,森,4.4,2.25,3.47,3,
2025,2025/9/27,巨人,ＤｅＮＡ,横浜,Away,R,ジャクソン,2.25,4.5,2.36,9,
2025,2025/9/27,ＤｅＮＡ,巨人,横浜,Home,L,グリフィン,4.5,2.25,1.18,8,
2025,2025/9/27,中日,阪神,甲子園,Away,L,大竹,3.25,2.4,2.6,5,
2025,2025/9/27,阪神,中日,甲子園,Home,R,高橋宏,2.4,3.25,2.84,3,
2025,2025/9/27,ソフトバンク,西武,ベルーナドーム,Away,R,高橋,3.29,3.17,2.77,4,
2025,2025/9/27,西武,ソフトバンク,ベルーナドーム,Home,R,有原,3.17,3.29,3.22,1,
2025,2025/9/27,日本ハム,ロッテ,ＺＯＺＯマリン,Away,R,種市,4.5,3.83,2.76,2,
2025,2025/9/27,ロッテ,日本ハム,ＺＯＺＯマリン,Home,R,達,3.83,4.5,2.28,0,
2025,2025/9/27,楽天,オリックス,京セラドーム大阪,Away,R,山下,2.83,2.6,2.13,0,
2025,2025/9/27,オリックス,楽天,京セラドーム大阪,Home,R,荘司,2.6,2.83,2.5,2,
2025,2025/9/28,巨人,ヤクルト,神宮,Away,L,高橋,3.75,5,2.86,4,
2025,2025/9/28,ヤクルト,巨人,神宮,Home,L,横川,5,3.75,2.32,4,
2025,2025/9/28,ＤｅＮＡ,広島,マツダスタジアム,Away,L,高,5.5,2.25,2.53,10,
2025,2025/9/28,広島,ＤｅＮＡ,マツダスタジアム,Home,R,竹田,2.25,5.5,1.72,2,
2025,2025/9/28,中日,阪神,甲子園,Away,L,伊原,3.75,2.8,2.34,4,
2025,2025/9/28,阪神,中日,甲子園,Home,L,金丸,2.8,3.75,2.71,2,
2025,2025/9/28,ソフトバンク,西武,ベルーナドーム,Away,L,隅田,3.29,3.17,2.49,4,
2025,2025/9/28,西武,ソフトバンク,ベルーナドーム,Home,R,大津,3.17,3.29,1.93,1,
2025,2025/9/28,日本ハム,ロッテ,ＺＯＺＯマリン,Away,L,小島,3.5,2.67,3.75,4,
2025,2025/9/28,ロッテ,日本ハム,ＺＯＺＯマリン,Home,R,伊藤,2.67,3.5,2.42,3,
2025,2025/9/28,楽天,オリックス,京セラドーム大阪,Away,L,宮城,2.5,2,2.31,5,
2025,2025/9/28,オリックス,楽天,京セラドーム大阪,Home,L,藤井聖,2,2.5,3.08,10,
2025,2025/9/29,ロッテ,西武,ベルーナドーム,Away,R,渡辺,2.83,2,2.81,0,
2025,2025/9/29,西武,ロッテ,ベルーナドーム,Home,R,石川柊,2,2.83,4.68,2,
2025,2025/9/29,楽天,オリックス,京セラドーム大阪,Away,R,九里,3,3.6,2.55,0,
2025,2025/9/29,オリックス,楽天,京セラドーム大阪,Home,R,ハワード,3.6,3,1.79,4,
2025,2025/9/30,中日,巨人,東京ドーム,Away,R,田中将,3.5,4.25,5.31,2,
2025,2025/9/30,巨人,中日,東京ドーム,Home,L,マラー,4.25,3.5,3.42,4,
2025,2025/9/30,ヤクルト,ＤｅＮＡ,横浜,Away,L,ケイ,4.5,6.25,1.76,5,
2025,2025/9/30,ＤｅＮＡ,ヤクルト,横浜,Home,L,山野,6.25,4.5,3.84,4,
2025,2025/9/30,日本ハム,ソフトバンク,みずほペイペイドーム,Away,R,伊藤,3.6,4.33,2.35,2,
2025,2025/9/30,ソフトバンク,日本ハム,みずほペイペイドーム,Home,R,福島,4.33,3.6,2.41,1,
2025,2025/9/30,楽天,ロッテ,ＺＯＺＯマリン,Away,R,美馬,2.57,2.5,0,2,
2025,2025/9/30,ロッテ,楽天,ＺＯＺＯマリン,Home,R,岸,2.5,2.57,4.54,1,
2025,2025/10/1,中日,巨人,東京ドーム,Away,R,山崎,3.25,5.25,2.47,2,
2025,2025/10/1,巨人,中日,東京ドーム,Home,R,草加,5.25,3.25,0,5,
2025,2025/10/1,ヤクルト,ＤｅＮＡ,横浜,Away,R,バウアー,5.75,6.75,4.34,6,
2025,2025/10/1,ＤｅＮＡ,ヤクルト,横浜,Home,R,小川,6.75,5.75,3.31,9,
2025,2025/10/1,西武,オリックス,京セラドーム大阪,Away,R,エスピノーザ,2.33,5,3.01,5,
2025,2025/10/1,オリックス,西武,京セラドーム大阪,Home,L,杉山,5,2.33,1.86,10,
2025,2025/10/2,ヤクルト,阪神,甲子園,Away,R,村上,5.8,3.67,2.09,2,
2025,2025/10/2,阪神,ヤクルト,甲子園,Home,R,青柳,3.67,5.8,6,6,
2025,2025/10/2,西武,オリックス,京セラドーム大阪,Away,L,曽谷,3.17,6,3.79,6,
2025,2025/10/2,オリックス,西武,京セラドーム大阪,Home,R,今井,6,3.17,1.77,5,
2025,2025/10/3,ヤクルト,広島,マツダスタジアム,Away,R,斉藤,5.17,1.33,0,6,
2025,2025/10/3,広島,ヤクルト,マツダスタジアム,Home,R,高梨裕,1.33,5.17,3.21,1,
2025,2025/10/3,オリックス,ソフトバンク,みずほペイペイドーム,Away,R,上沢,6.2,3.25,2.78,2,
2025,2025/10/3,ソフトバンク,オリックス,みずほペイペイドーム,Home,L,佐藤,3.25,6.2,2,10,
2025,2025/10/3,西武,楽天,楽天モバイルパーク,Away,R,大内,3.33,2,0,6,
2025,2025/10/3,楽天,西武,楽天モバイルパーク,Home,R,与座,2,3.33,2.67,7,
2025,2025/10/4,ヤクルト,広島,マツダスタジアム,Away,L,佐藤柳,4.33,1.33,3.15,3,
2025,2025/10/4,広島,ヤクルト,マツダスタジアム,Home,R,下川,1.33,4.33,3.04,1,
2025,2025/10/4,西武,楽天,楽天モバイルパーク,Away,R,坂井,3.5,2.8,0,2,
2025,2025/10/4,楽天,西武,楽天モバイルパーク,Home,R,高橋,2.8,3.5,2.8,3,
2025,2025/10/4,日本ハム,ロッテ,ＺＯＺＯマリン,Away,R,種市,2.67,1,2.72,0,
2025,2025/10/4,ロッテ,日本ハム,ＺＯＺＯマリン,Home,R,伊藤,1,2.67,2.32,3,
2025,2025/10/5,オリックス,楽天,楽天モバイルパーク,Away,R,荘司,6.2,3.4,2.45,2,
2025,2025/10/5,楽天,オリックス,楽天モバイルパーク,Home,R,山口,3.4,6.2,0,1,
2025,2025/10/5,ソフトバンク,ロッテ,ＺＯＺＯマリン,Away,L,小島,5,1.75,3.79,5,
2025,2025/10/5,ロッテ,ソフトバンク,ＺＯＺＯマリン,Home,R,有原,1.75,5,3.14,2,
