name,AB,H,2B,3B,HR,TB,BB,HBP,SF
赤星優志,30.0,7.0,0.0,0.0,0.0,7.0,3.0,0.0,0.0
秋広優人,7.0,1.0,0.0,0.0,0.0,1.0,1.0,0.0,0.0
浅野翔吾,75.0,14.0,4.0,0.0,2.0,24.0,4.0,2.0,1.0
荒巻悠,54.0,16.0,1.0,0.0,1.0,20.0,7.0,0.0,0.0
石川達也,7.0,2.0,0.0,0.0,0.0,2.0,0.0,0.0,0.0
石塚裕惺,9.0,1.0,0.0,0.0,0.0,1.0,0.0,0.0,0.0
泉口友汰,512.0,154.0,23.0,3.0,6.0,201.0,47.0,4.0,3.0
泉圭輔,0.0,0.0,0.0,0.0,0.0,0.0,0.0,0.0,0.0
井上温大,29.0,2.0,0.0,0.0,0.0,2.0,0.0,0.0,0.0
浦田俊輔,53.0,11.0,2.0,0.0,0.0,13.0,3.0,1.0,0.0
オコエ瑠偉,126.0,31.0,4.0,2.0,0.0,39.0,7.0,1.0,0.0
大城卓三,91.0,17.0,3.0,0.0,3.0,29.0,6.0,1.0,1.0
岡田悠希,18.0,3.0,1.0,0.0,0.0,4.0,1.0,0.0,0.0
岡本和真,251.0,82.0,21.0,1.0,15.0,150.0,33.0,7.0,2.0
乙坂智,5.0,1.0,1.0,0.0,0.0,2.0,0.0,0.0,0.0
甲斐拓也,223.0,58.0,4.0,0.0,4.0,74.0,23.0,0.0,2.0
門脇誠,157.0,35.0,6.0,1.0,0.0,43.0,10.0,1.0,0.0
キャベッジ,431.0,115.0,26.0,1.0,17.0,194.0,37.0,5.0,2.0
菊地大稀,0.0,0.0,0.0,0.0,0.0,0.0,0.0,0.0,0.0
岸田行倫,266.0,78.0,9.0,0.0,8.0,111.0,25.0,1.0,1.0
グリフィン,19.0,3.0,0.0,0.0,0.0,3.0,1.0,0.0,0.0
ケラー,0.0,0.0,0.0,0.0,0.0,0.0,0.0,0.0,0.0
郡拓也,2.0,0.0,0.0,0.0,0.0,0.0,0.0,0.0,0.0
小林誠司,21.0,3.0,1.0,0.0,0.0,4.0,3.0,0.0,0.0
坂本勇人,154.0,32.0,10.0,0.0,3.0,51.0,14.0,1.0,4.0
佐々木俊輔,141.0,35.0,4.0,1.0,0.0,41.0,10.0,0.0,0.0
笹原操希,20.0,2.0,0.0,0.0,0.0,2.0,2.0,0.0,0.0
重信慎之介,3.0,1.0,0.0,0.0,0.0,1.0,0.0,0.0,0.0
鈴木大和,0.0,0.0,0.0,0.0,0.0,0.0,0.0,0.0,0.0
大勢,0.0,0.0,0.0,0.0,0.0,0.0,0.0,0.0,0.0
高梨雄平,0.0,0.0,0.0,0.0,0.0,0.0,0.0,0.0,0.0
田中瑛斗,0.0,0.0,0.0,0.0,0.0,0.0,0.0,0.0,0.0
田中将大,13.0,2.0,1.0,0.0,0.0,3.0,0.0,0.0,0.0
長野久義,22.0,3.0,0.0,0.0,0.0,3.0,2.0,0.0,0.0
戸郷翔征,28.0,3.0,0.0,0.0,0.0,3.0,0.0,0.0,0.0
戸田懐生,0.0,0.0,0.0,0.0,0.0,0.0,0.0,0.0,0.0
中川皓太,0.0,0.0,0.0,0.0,0.0,0.0,0.0,0.0,0.0
中山礼都,287.0,76.0,13.0,0.0,7.0,110.0,20.0,3.0,0.0
西舘勇陽,8.0,0.0,0.0,0.0,0.0,0.0,0.0,0.0,0.0
バルドナード,0.0,0.0,0.0,0.0,0.0,0.0,0.0,0.0,0.0
萩尾匡也,23.0,4.0,0.0,0.0,0.0,4.0,1.0,0.0,0.0
馬場皐輔,0.0,0.0,0.0,0.0,0.0,0.0,0.0,0.0,0.0
フルプ,5.0,0.0,0.0,0.0,0.0,0.0,0.0,0.0,0.0
船迫大雅,0.0,0.0,0.0,0.0,0.0,0.0,0.0,0.0,0.0
ヘルナンデス,152.0,32.0,8.0,0.0,2.0,46.0,18.0,1.0,0.0
平内龍太,1.0,0.0,0.0,0.0,0.0,0.0,0.0,0.0,0.0
堀田賢慎,5.0,2.0,0.0,0.0,0.0,2.0,0.0,0.0,0.0
マルティネス,0.0,0.0,0.0,0.0,0.0,0.0,0.0,0.0,0.0
増田大輝,22.0,3.0,1.0,0.0,0.0,4.0,0.0,0.0,0.0
増田陸,264.0,61.0,10.0,0.0,5.0,86.0,13.0,3.0,3.0
又木鉄平,2.0,0.0,0.0,0.0,0.0,0.0,0.0,0.0,0.0
丸佳浩,326.0,87.0,19.0,3.0,6.0,130.0,40.0,0.0,2.0
三塚琉生,12.0,0.0,0.0,0.0,0.0,0.0,0.0,0.0,0.0
宮原駿介,0.0,0.0,0.0,0.0,0.0,0.0,0.0,0.0,0.0
森田駿哉,9.0,1.0,0.0,0.0,0.0,1.0,1.0,0.0,0.0
山﨑伊織,46.0,6.0,2.0,0.0,0.0,8.0,1.0,0.0,0.0
山瀬慎之助,4.0,1.0,0.0,0.0,0.0,1.0,0.0,0.0,0.0
山田龍聖,0.0,0.0,0.0,0.0,0.0,0.0,0.0,0.0,0.0
湯浅大,3.0,0.0,0.0,0.0,0.0,0.0,0.0,0.0,0.0
横川凱,11.0,0.0,0.0,0.0,0.0,0.0,0.0,0.0,0.0
吉川尚輝,404.0,112.0,15.0,3.0,3.0,142.0,41.0,5.0,3.0
リチャード,232.0,49.0,7.0,0.0,11.0,89.0,13.0,6.0,2.0
若林楽人,216.0,52.0,10.0,2.0,3.0,75.0,15.0,5.0,1.0
石井大智,1.0,0.0,0.0,0.0,0.0,0.0,0.0,0.0,0.0
石黒佑弥,0.0,0.0,0.0,0.0,0.0,0.0,0.0,0.0,0.0
井坪陽生,18.0,3.0,0.0,0.0,0.0,3.0,0.0,0.0,0.0
伊藤将司,27.0,2.0,0.0,0.0,0.0,2.0,0.0,0.0,0.0
糸原健斗,69.0,14.0,0.0,0.0,0.0,14.0,5.0,0.0,1.0
井上広大,3.0,0.0,0.0,0.0,0.0,0.0,0.0,0.0,0.0
伊原陵人,25.0,4.0,0.0,0.0,0.0,4.0,0.0,0.0,0.0
茨木秀俊,0.0,0.0,0.0,0.0,0.0,0.0,0.0,0.0,0.0
岩貞祐太,0.0,0.0,0.0,0.0,0.0,0.0,0.0,0.0,0.0
岩崎優,0.0,0.0,0.0,0.0,0.0,0.0,0.0,0.0,0.0
植田海,17.0,1.0,1.0,0.0,0.0,2.0,2.0,0.0,0.0
梅野隆太郎,118.0,26.0,4.0,0.0,0.0,30.0,7.0,1.0,0.0
漆原大晟,0.0,0.0,0.0,0.0,0.0,0.0,0.0,0.0,0.0
大竹耕太郎,30.0,5.0,0.0,0.0,0.0,5.0,1.0,0.0,0.0
大山悠輔,503.0,133.0,25.0,1.0,13.0,199.0,74.0,6.0,4.0
岡留英貴,0.0,0.0,0.0,0.0,0.0,0.0,0.0,0.0,0.0
小野寺暖,29.0,7.0,1.0,0.0,0.0,8.0,1.0,0.0,0.0
小幡竜平,265.0,59.0,8.0,0.0,5.0,82.0,18.0,1.0,3.0
及川雅貴,0.0,0.0,0.0,0.0,0.0,0.0,0.0,0.0,0.0
木浪聖也,181.0,35.0,8.0,2.0,0.0,47.0,12.0,3.0,0.0
木下里都,0.0,0.0,0.0,0.0,0.0,0.0,0.0,0.0,0.0
桐敷拓馬,0.0,0.0,0.0,0.0,0.0,0.0,0.0,0.0,0.0
楠本泰史,15.0,2.0,1.0,0.0,0.0,3.0,1.0,0.0,0.0
工藤泰成,0.0,0.0,0.0,0.0,0.0,0.0,0.0,0.0,0.0
熊谷敬宥,156.0,35.0,2.0,3.0,1.0,46.0,5.0,1.0,0.0
ゲラ,0.0,0.0,0.0,0.0,0.0,0.0,0.0,0.0,0.0
才木浩人,45.0,2.0,0.0,0.0,0.0,2.0,2.0,0.0,0.0
榮枝裕貴,9.0,2.0,0.0,0.0,0.0,2.0,0.0,0.0,0.0
坂本誠志郎,340.0,84.0,19.0,1.0,2.0,111.0,53.0,5.0,0.0
佐藤輝明,537.0,149.0,34.0,4.0,40.0,311.0,57.0,0.0,3.0
椎葉剛,0.0,0.0,0.0,0.0,0.0,0.0,0.0,0.0,0.0
島田海吏,31.0,4.0,0.0,0.0,0.0,4.0,1.0,0.0,0.0
島本浩也,0.0,0.0,0.0,0.0,0.0,0.0,0.0,0.0,0.0
髙寺望夢,134.0,31.0,4.0,0.0,2.0,41.0,18.0,1.0,1.0
髙橋遥人,13.0,1.0,0.0,0.0,0.0,1.0,0.0,0.0,0.0
近本光司,573.0,160.0,25.0,4.0,3.0,202.0,60.0,2.0,3.0
デュプランティエ,26.0,1.0,0.0,0.0,0.0,1.0,0.0,0.0,0.0
ドリス,0.0,0.0,0.0,0.0,0.0,0.0,0.0,0.0,0.0
富田蓮,5.0,0.0,0.0,0.0,0.0,0.0,0.0,0.0,0.0
豊田寛,56.0,13.0,4.0,0.0,0.0,17.0,4.0,0.0,1.0
中川勇斗,56.0,15.0,1.0,0.0,2.0,22.0,2.0,0.0,0.0
中野拓夢,531.0,150.0,18.0,3.0,0.0,174.0,44.0,3.0,3.0
長坂拳弥,1.0,0.0,0.0,0.0,0.0,0.0,0.0,0.0,0.0
西勇輝,1.0,0.0,0.0,0.0,0.0,0.0,0.0,0.0,0.0
ネルソン,4.0,0.0,0.0,0.0,0.0,0.0,1.0,0.0,0.0
ハートウィグ,0.0,0.0,0.0,0.0,0.0,0.0,0.0,0.0,0.0
畠世周,0.0,0.0,0.0,0.0,0.0,0.0,0.0,0.0,0.0
早川太貴,3.0,0.0,0.0,0.0,0.0,0.0,0.0,0.0,0.0
原口文仁,16.0,1.0,0.0,0.0,0.0,1.0,1.0,0.0,0.0
ビーズリー,9.0,1.0,0.0,0.0,0.0,1.0,0.0,0.0,0.0
ヘルナンデス,96.0,22.0,3.0,0.0,1.0,28.0,4.0,0.0,1.0
前川右京,195.0,48.0,10.0,1.0,1.0,63.0,8.0,6.0,0.0
村上頌樹,53.0,4.0,0.0,0.0,0.0,4.0,1.0,0.0,0.0
森下翔太,549.0,151.0,24.0,5.0,23.0,254.0,54.0,12.0,5.0
門別啓人,11.0,0.0,0.0,0.0,0.0,0.0,0.0,0.0,0.0
湯浅京己,0.0,0.0,0.0,0.0,0.0,0.0,0.0,0.0,0.0
渡邉諒,19.0,3.0,0.0,0.0,0.0,3.0,5.0,0.0,0.0
東克樹,38.0,7.0,1.0,0.0,0.0,8.0,4.0,0.0,0.0
東妻純平,6.0,1.0,0.0,0.0,0.0,1.0,0.0,0.0,0.0
石上泰輝,141.0,34.0,9.0,0.0,2.0,49.0,14.0,1.0,0.0
石田裕太郎,23.0,2.0,0.0,0.0,0.0,2.0,1.0,0.0,0.0
伊勢大夢,0.0,0.0,0.0,0.0,0.0,0.0,0.0,0.0,0.0
伊藤光,9.0,0.0,0.0,0.0,0.0,0.0,0.0,0.0,0.0
井上絢登,29.0,5.0,0.0,0.0,2.0,11.0,1.0,0.0,1.0
入江大生,0.0,0.0,0.0,0.0,0.0,0.0,0.0,0.0,0.0
岩田将貴,0.0,0.0,0.0,0.0,0.0,0.0,0.0,0.0,0.0
ウィック,0.0,0.0,0.0,0.0,0.0,0.0,0.0,0.0,0.0
蝦名達夫,348.0,99.0,21.0,1.0,8.0,146.0,31.0,11.0,7.0
オースティン,219.0,59.0,14.0,0.0,11.0,106.0,26.0,1.0,0.0
大貫晋一,18.0,2.0,0.0,0.0,0.0,2.0,0.0,0.0,0.0
梶原昂希,163.0,40.0,9.0,1.0,2.0,57.0,4.0,2.0,1.0
勝又温史,9.0,3.0,0.0,0.0,0.0,3.0,0.0,0.0,0.0
加藤響,17.0,3.0,0.0,0.0,0.0,3.0,1.0,0.0,0.0
神里和毅,26.0,8.0,1.0,2.0,0.0,13.0,1.0,0.0,0.0
京田陽太,194.0,42.0,5.0,1.0,1.0,52.0,9.0,4.0,1.0
九鬼隆平,12.0,3.0,0.0,1.0,0.0,5.0,0.0,0.0,0.0
桑原将志,398.0,113.0,17.0,2.0,6.0,152.0,30.0,9.0,0.0
ケイ,36.0,4.0,1.0,0.0,0.0,5.0,1.0,0.0,0.0
小園健太,1.0,0.0,0.0,0.0,0.0,0.0,0.0,0.0,0.0
坂本裕哉,0.0,0.0,0.0,0.0,0.0,0.0,0.0,0.0,0.0
佐々木千隼,1.0,0.0,0.0,0.0,0.0,0.0,0.0,0.0,0.0
佐野恵太,525.0,144.0,24.0,0.0,15.0,213.0,34.0,5.0,5.0
ジャクソン,42.0,2.0,0.0,0.0,1.0,5.0,3.0,0.0,0.0
篠木健太郎,1.0,0.0,0.0,0.0,0.0,0.0,0.0,0.0,0.0
柴田竜拓,22.0,2.0,0.0,0.0,0.0,2.0,4.0,0.0,0.0
関根大気,23.0,4.0,3.0,0.0,0.0,7.0,0.0,0.0,0.0
平良拳太郎,16.0,0.0,0.0,0.0,0.0,0.0,0.0,0.0,0.0
竹田祐,11.0,0.0,0.0,0.0,0.0,0.0,1.0,0.0,0.0
武田陸玖,0.0,0.0,0.0,0.0,0.0,0.0,0.0,0.0,0.0
田内真翔,2.0,1.0,0.0,0.0,0.0,1.0,0.0,0.0,0.0
知野直人,17.0,3.0,1.0,0.0,1.0,7.0,3.0,0.0,0.0
筒香嘉智,224.0,51.0,12.0,0.0,20.0,123.0,33.0,0.0,0.0
戸柱恭孝,95.0,23.0,4.0,0.0,2.0,33.0,2.0,0.0,2.0
中川虎大,0.0,0.0,0.0,0.0,0.0,0.0,0.0,0.0,0.0
バウアー,34.0,2.0,0.0,0.0,0.0,2.0,1.0,0.0,0.0
橋本達弥,0.0,0.0,0.0,0.0,0.0,0.0,0.0,0.0,0.0
浜地真澄,0.0,0.0,0.0,0.0,0.0,0.0,0.0,0.0,0.0
林琢真,258.0,63.0,11.0,1.0,2.0,82.0,19.0,2.0,4.0
颯,1.0,1.0,0.0,0.0,0.0,1.0,0.0,0.0,0.0
ビシエド,81.0,21.0,4.0,0.0,2.0,31.0,6.0,2.0,1.0
フォード,46.0,9.0,1.0,0.0,0.0,10.0,5.0,0.0,0.0
藤浪晋太郎,5.0,0.0,0.0,0.0,0.0,0.0,0.0,0.0,0.0
堀岡隼人,0.0,0.0,0.0,0.0,0.0,0.0,0.0,0.0,0.0
マルセリーノ,0.0,0.0,0.0,0.0,0.0,0.0,0.0,0.0,0.0
牧秀悟,364.0,101.0,24.0,0.0,16.0,173.0,16.0,10.0,1.0
松尾汐恩,176.0,44.0,5.0,0.0,4.0,61.0,9.0,3.0,3.0
松本凌人,0.0,0.0,0.0,0.0,0.0,0.0,0.0,0.0,0.0
三嶋一輝,0.0,0.0,0.0,0.0,0.0,0.0,0.0,0.0,0.0
三森大貴,160.0,34.0,9.0,0.0,0.0,43.0,17.0,0.0,1.0
宮城滝太,0.0,0.0,0.0,0.0,0.0,0.0,0.0,0.0,0.0
宮﨑敏郎,321.0,89.0,16.0,1.0,6.0,125.0,28.0,1.0,2.0
森敬斗,72.0,11.0,0.0,1.0,0.0,13.0,2.0,0.0,1.0
森唯斗,2.0,0.0,0.0,0.0,0.0,0.0,0.0,0.0,0.0
森原康平,0.0,0.0,0.0,0.0,0.0,0.0,0.0,0.0,0.0
山﨑康晃,0.0,0.0,0.0,0.0,0.0,0.0,0.0,0.0,0.0
山本祐大,313.0,82.0,19.0,2.0,3.0,114.0,16.0,4.0,7.0
吉野光樹,3.0,0.0,0.0,0.0,0.0,0.0,0.0,0.0,0.0
若松尚輝,0.0,0.0,0.0,0.0,0.0,0.0,0.0,0.0,0.0
度会隆輝,270.0,65.0,10.0,2.0,6.0,97.0,24.0,1.0,2.0
アドゥワ誠,3.0,0.0,0.0,0.0,0.0,0.0,0.0,0.0,0.0
會澤翼,43.0,5.0,1.0,0.0,0.0,6.0,7.0,2.0,0.0
秋山翔吾,145.0,38.0,6.0,0.0,1.0,47.0,9.0,2.0,0.0
石原貴規,104.0,20.0,4.0,0.0,0.0,24.0,4.0,3.0,0.0
磯村嘉孝,7.0,0.0,0.0,0.0,0.0,0.0,0.0,0.0,0.0
上本崇司,27.0,5.0,1.0,0.0,0.0,6.0,2.0,0.0,0.0
内田湘大,9.0,2.0,1.0,0.0,0.0,3.0,1.0,0.0,0.0
遠藤淳志,3.0,0.0,0.0,0.0,0.0,0.0,0.0,0.0,0.0
大瀬良大地,34.0,4.0,0.0,0.0,0.0,4.0,1.0,0.0,0.0
大道温貴,0.0,0.0,0.0,0.0,0.0,0.0,0.0,0.0,0.0
大盛穂,162.0,43.0,6.0,1.0,3.0,60.0,9.0,0.0,0.0
岡本駿,0.0,0.0,0.0,0.0,0.0,0.0,0.0,0.0,0.0
菊地ハルン,0.0,0.0,0.0,0.0,0.0,0.0,0.0,0.0,0.0
菊池涼介,355.0,89.0,19.0,0.0,4.0,120.0,14.0,1.0,2.0
久保修,13.0,2.0,2.0,0.0,0.0,4.0,1.0,0.0,0.0
栗林良吏,0.0,0.0,0.0,0.0,0.0,0.0,0.0,0.0,0.0
小園海斗,521.0,161.0,24.0,4.0,3.0,202.0,42.0,5.0,2.0
斉藤優汰,1.0,0.0,0.0,0.0,0.0,0.0,0.0,0.0,0.0
坂倉将吾,345.0,82.0,26.0,1.0,5.0,125.0,43.0,4.0,3.0
佐々木泰,181.0,49.0,2.0,1.0,0.0,53.0,5.0,1.0,0.0
佐藤啓介,15.0,1.0,0.0,0.0,0.0,1.0,1.0,0.0,0.0
佐藤柳之介,4.0,1.0,0.0,0.0,0.0,1.0,0.0,0.0,0.0
島内颯太郎,0.0,0.0,0.0,0.0,0.0,0.0,0.0,0.0,0.0
清水叶人,13.0,2.0,1.0,0.0,0.0,3.0,1.0,0.0,0.0
末包昇大,437.0,106.0,18.0,3.0,11.0,163.0,33.0,2.0,5.0
鈴木健矢,0.0,0.0,0.0,0.0,0.0,0.0,0.0,0.0,0.0
髙太一,15.0,1.0,0.0,0.0,0.0,1.0,0.0,0.0,0.0
高橋昂也,2.0,1.0,1.0,0.0,0.0,2.0,0.0,0.0,0.0
滝田一希,0.0,0.0,0.0,0.0,0.0,0.0,0.0,0.0,0.0
田中広輔,34.0,5.0,0.0,0.0,0.0,5.0,9.0,1.0,0.0
玉村昇悟,22.0,2.0,0.0,0.0,0.0,2.0,1.0,0.0,0.0
田村俊介,63.0,16.0,0.0,1.0,1.0,21.0,6.0,0.0,0.0
辻大雅,0.0,0.0,0.0,0.0,0.0,0.0,0.0,0.0,0.0
常廣羽也斗,9.0,0.0,0.0,0.0,0.0,0.0,0.0,0.0,0.0
ドミンゲス,9.0,0.0,0.0,0.0,0.0,0.0,0.0,0.0,0.0
床田寛樹,54.0,14.0,2.0,0.0,1.0,19.0,0.0,0.0,0.0
堂林翔太,70.0,13.0,6.0,0.0,1.0,22.0,6.0,0.0,0.0
中﨑翔太,0.0,0.0,0.0,0.0,0.0,0.0,0.0,0.0,0.0
中村健人,6.0,0.0,0.0,0.0,0.0,0.0,3.0,1.0,0.0
中村奨成,344.0,97.0,21.0,3.0,9.0,151.0,17.0,3.0,1.0
野間峻祥,154.0,38.0,3.0,2.0,0.0,45.0,10.0,1.0,1.0
ハーン,0.0,0.0,0.0,0.0,0.0,0.0,0.0,0.0,0.0
長谷部銀次,0.0,0.0,0.0,0.0,0.0,0.0,0.0,0.0,0.0
羽月隆太郎,105.0,31.0,2.0,2.0,0.0,37.0,13.0,0.0,0.0
林晃汰,48.0,9.0,0.0,0.0,2.0,15.0,1.0,0.0,0.0
ファビアン,539.0,149.0,30.0,0.0,17.0,230.0,22.0,9.0,2.0
二俣翔一,118.0,22.0,4.0,1.0,3.0,37.0,8.0,1.0,1.0
塹江敦哉,0.0,0.0,0.0,0.0,0.0,0.0,0.0,0.0,0.0
前川誠太,54.0,10.0,3.0,0.0,0.0,13.0,2.0,0.0,0.0
益田武尚,0.0,0.0,0.0,0.0,0.0,0.0,0.0,0.0,0.0
松本竜也,0.0,0.0,0.0,0.0,0.0,0.0,0.0,0.0,0.0
松山竜平,1.0,0.0,0.0,0.0,0.0,0.0,0.0,0.0,0.0
モンテロ,368.0,94.0,21.0,1.0,9.0,144.0,23.0,2.0,3.0
森翔平,36.0,7.0,1.0,0.0,0.0,8.0,0.0,0.0,0.0
森浦大輔,0.0,0.0,0.0,0.0,0.0,0.0,0.0,0.0,0.0
森下暢仁,43.0,4.0,0.0,0.0,0.0,4.0,2.0,0.0,0.0
矢野雅哉,284.0,59.0,6.0,1.0,1.0,70.0,27.0,6.0,2.0
山足達也,9.0,1.0,0.0,0.0,0.0,1.0,2.0,0.0,0.0
渡邉悠斗,8.0,1.0,0.0,0.0,0.0,1.0,0.0,0.0,0.0
アビラ,22.0,2.0,0.0,0.0,0.0,2.0,0.0,0.0,0.0
青柳晃洋,4.0,0.0,0.0,0.0,0.0,0.0,0.0,0.0,0.0
赤羽由紘,258.0,54.0,11.0,1.0,2.0,73.0,18.0,0.0,2.0
石川雅規,11.0,1.0,0.0,0.0,0.0,1.0,0.0,0.0,0.0
石原勇輝,0.0,0.0,0.0,0.0,0.0,0.0,0.0,0.0,0.0
石山泰稚,0.0,0.0,0.0,0.0,0.0,0.0,0.0,0.0,0.0
伊藤琉偉,184.0,38.0,6.0,2.0,3.0,57.0,12.0,0.0,1.0
岩田幸宏,357.0,95.0,8.0,5.0,0.0,113.0,24.0,6.0,1.0
内山壮真,423.0,111.0,26.0,1.0,8.0,163.0,41.0,1.0,4.0
オスナ,528.0,135.0,22.0,0.0,14.0,199.0,40.0,1.0,5.0
太田賢吾,118.0,27.0,6.0,0.0,0.0,33.0,6.0,4.0,2.0
大西広樹,0.0,0.0,0.0,0.0,0.0,0.0,0.0,0.0,0.0
小川泰弘,22.0,1.0,1.0,0.0,0.0,2.0,0.0,0.0,1.0
奥川恭伸,24.0,5.0,1.0,0.0,0.0,6.0,0.0,0.0,0.0
金久保優斗,1.0,0.0,0.0,0.0,0.0,0.0,0.0,0.0,0.0
川端慎吾,2.0,1.0,1.0,0.0,0.0,2.0,0.0,0.0,0.0
木澤尚文,0.0,0.0,0.0,0.0,0.0,0.0,0.0,0.0,0.0
北村恵吾,120.0,32.0,10.0,0.0,5.0,57.0,15.0,4.0,1.0
北村拓己,116.0,22.0,3.0,0.0,3.0,34.0,6.0,4.0,0.0
古賀優大,264.0,74.0,11.0,0.0,2.0,91.0,12.0,4.0,2.0
小澤怜史,0.0,0.0,0.0,0.0,0.0,0.0,0.0,0.0,0.0
サンタナ,212.0,58.0,11.0,0.0,3.0,78.0,25.0,3.0,0.0
阪口皓亮,0.0,0.0,0.0,0.0,0.0,0.0,0.0,0.0,0.0
坂本拓己,0.0,0.0,0.0,0.0,0.0,0.0,0.0,0.0,0.0
澤井廉,75.0,14.0,4.0,0.0,1.0,21.0,1.0,1.0,0.0
塩見泰隆,0.0,0.0,0.0,0.0,0.0,0.0,0.0,0.0,0.0
清水昇,0.0,0.0,0.0,0.0,0.0,0.0,0.0,0.0,0.0
下川隼佑,6.0,1.0,1.0,0.0,0.0,2.0,0.0,0.0,0.0
荘司宏太,0.0,0.0,0.0,0.0,0.0,0.0,0.0,0.0,0.0
鈴木叶,6.0,2.0,0.0,0.0,0.0,2.0,0.0,0.0,0.0
高梨裕稔,24.0,1.0,0.0,0.0,0.0,1.0,0.0,0.0,0.0
高橋奎二,8.0,0.0,0.0,0.0,0.0,0.0,0.0,0.0,0.0
田口麗斗,0.0,0.0,0.0,0.0,0.0,0.0,0.0,0.0,0.0
武岡龍世,104.0,19.0,5.0,0.0,1.0,27.0,7.0,0.0,1.0
田中陽翔,13.0,4.0,2.0,0.0,0.0,6.0,0.0,0.0,0.0
中村優斗,4.0,1.0,0.0,0.0,0.0,1.0,1.0,0.0,0.0
中村悠平,187.0,43.0,6.0,0.0,1.0,52.0,22.0,3.0,1.0
長岡秀樹,247.0,60.0,14.0,2.0,0.0,78.0,8.0,1.0,2.0
並木秀尊,114.0,29.0,6.0,1.0,3.0,46.0,6.0,2.0,0.0
西川遥輝,115.0,20.0,3.0,1.0,0.0,25.0,16.0,1.0,0.0
西村瑠伊斗,11.0,1.0,0.0,0.0,0.0,1.0,0.0,0.0,0.0
沼田翔平,0.0,0.0,0.0,0.0,0.0,0.0,0.0,0.0,0.0
バウマン,0.0,0.0,0.0,0.0,0.0,0.0,0.0,0.0,0.0
橋本星哉,16.0,2.0,0.0,0.0,0.0,2.0,1.0,0.0,0.0
長谷川宙輝,0.0,0.0,0.0,0.0,0.0,0.0,0.0,0.0,0.0
濱田太貴,95.0,21.0,6.0,0.0,4.0,39.0,5.0,4.0,0.0
星知弥,0.0,0.0,0.0,0.0,0.0,0.0,0.0,0.0,0.0
増田珠,116.0,27.0,4.0,2.0,1.0,38.0,10.0,4.0,0.0
松本健吾,1.0,0.0,0.0,0.0,0.0,0.0,0.0,0.0,0.0
松本直樹,34.0,6.0,1.0,0.0,0.0,7.0,2.0,0.0,0.0
丸山和郁,32.0,4.0,0.0,0.0,0.0,4.0,2.0,0.0,0.0
丸山翔大,0.0,0.0,0.0,0.0,0.0,0.0,0.0,0.0,0.0
宮本丈,89.0,23.0,4.0,0.0,0.0,27.0,14.0,1.0,0.0
村上宗隆,187.0,51.0,7.0,0.0,22.0,124.0,32.0,2.0,3.0
茂木栄五郎,150.0,36.0,2.0,0.0,5.0,53.0,19.0,2.0,0.0
矢崎拓也,0.0,0.0,0.0,0.0,0.0,0.0,0.0,0.0,0.0
山田哲人,338.0,78.0,17.0,0.0,12.0,131.0,33.0,2.0,4.0
山野太一,21.0,3.0,1.0,0.0,0.0,4.0,1.0,0.0,0.0
山野辺翔,19.0,4.0,1.0,0.0,0.0,5.0,2.0,1.0,0.0
山本大貴,0.0,0.0,0.0,0.0,0.0,0.0,0.0,0.0,0.0
吉村貢司郎,36.0,1.0,1.0,0.0,0.0,2.0,2.0,0.0,0.0
ランバート,28.0,3.0,0.0,0.0,0.0,3.0,0.0,0.0,0.0
石伊雄太,235.0,52.0,9.0,0.0,3.0,70.0,14.0,3.0,2.0
石川昂弥,72.0,10.0,2.0,0.0,1.0,15.0,2.0,1.0,0.0
石橋康太,8.0,1.0,0.0,0.0,0.0,1.0,3.0,0.0,0.0
板山祐太郎,179.0,37.0,5.0,2.0,2.0,52.0,10.0,1.0,1.0
伊藤茉央,0.0,0.0,0.0,0.0,0.0,0.0,0.0,0.0,0.0
岩嵜翔,0.0,0.0,0.0,0.0,0.0,0.0,0.0,0.0,0.0
ウォルターズ,0.0,0.0,0.0,0.0,0.0,0.0,0.0,0.0,0.0
上林誠知,486.0,131.0,21.0,4.0,17.0,211.0,20.0,4.0,1.0
鵜飼航丞,53.0,10.0,0.0,0.0,0.0,10.0,0.0,0.0,0.0
宇佐見真吾,34.0,4.0,0.0,0.0,0.0,4.0,6.0,0.0,0.0
梅野雄吾,0.0,0.0,0.0,0.0,0.0,0.0,0.0,0.0,0.0
大島洋平,95.0,23.0,0.0,0.0,0.0,23.0,3.0,0.0,0.0
大野雄大,32.0,1.0,0.0,0.0,0.0,1.0,1.0,0.0,0.0
岡田俊哉,1.0,0.0,0.0,0.0,0.0,0.0,0.0,0.0,0.0
岡林勇希,578.0,168.0,22.0,8.0,5.0,221.0,51.0,1.0,3.0
尾田剛樹,5.0,0.0,0.0,0.0,0.0,0.0,0.0,0.0,0.0
カリステ,176.0,40.0,9.0,1.0,1.0,54.0,12.0,0.0,3.0
勝野昌慶,0.0,0.0,0.0,0.0,0.0,0.0,0.0,0.0,0.0
加藤匠馬,64.0,15.0,1.0,0.0,1.0,19.0,2.0,0.0,0.0
金丸夢斗,23.0,0.0,0.0,0.0,0.0,0.0,0.0,0.0,0.0
川越誠司,37.0,7.0,1.0,0.0,0.0,8.0,4.0,2.0,0.0
木下拓哉,112.0,27.0,3.0,0.0,2.0,36.0,8.0,0.0,0.0
草加勝,1.0,0.0,0.0,0.0,0.0,0.0,0.0,0.0,0.0
近藤廉,0.0,0.0,0.0,0.0,0.0,0.0,0.0,0.0,0.0
齋藤綱記,0.0,0.0,0.0,0.0,0.0,0.0,0.0,0.0,0.0
佐藤龍世,66.0,13.0,3.0,0.0,0.0,16.0,8.0,0.0,1.0
清水達也,0.0,0.0,0.0,0.0,0.0,0.0,0.0,0.0,0.0
駿太,17.0,4.0,0.0,0.0,0.0,4.0,0.0,0.0,0.0
祖父江大輔,0.0,0.0,0.0,0.0,0.0,0.0,0.0,0.0,0.0
高橋周平,94.0,22.0,5.0,0.0,0.0,27.0,7.0,0.0,0.0
髙橋宏斗,45.0,5.0,0.0,0.0,0.0,5.0,1.0,0.0,0.0
田中幹也,315.0,85.0,13.0,1.0,1.0,103.0,24.0,2.0,2.0
チェイビス,105.0,18.0,4.0,0.0,5.0,37.0,11.0,3.0,1.0
辻本倫太郎,53.0,7.0,3.0,0.0,0.0,10.0,0.0,0.0,0.0
津田啓史,3.0,0.0,0.0,0.0,0.0,0.0,0.0,0.0,0.0
土田龍空,51.0,7.0,2.0,0.0,0.0,9.0,2.0,0.0,0.0
中田翔,63.0,10.0,3.0,0.0,2.0,19.0,6.0,0.0,0.0
仲地礼亜,1.0,0.0,0.0,0.0,0.0,0.0,0.0,0.0,0.0
根尾昂,1.0,0.0,0.0,0.0,0.0,0.0,0.0,0.0,0.0
橋本侑樹,0.0,0.0,0.0,0.0,0.0,0.0,0.0,0.0,0.0
濱将乃介,4.0,1.0,0.0,0.0,0.0,1.0,0.0,0.0,0.0
樋口正修,22.0,2.0,0.0,0.0,0.0,2.0,1.0,0.0,0.0
ブライト健太,139.0,36.0,10.0,2.0,3.0,59.0,13.0,3.0,0.0
福敬登,0.0,0.0,0.0,0.0,0.0,0.0,0.0,0.0,0.0
福田幸之介,0.0,0.0,0.0,0.0,0.0,0.0,0.0,0.0,0.0
福永裕基,52.0,9.0,1.0,0.0,1.0,13.0,4.0,1.0,0.0
藤嶋健人,0.0,0.0,0.0,0.0,0.0,0.0,0.0,0.0,0.0
ボスラー,452.0,118.0,33.0,2.0,13.0,194.0,30.0,6.0,5.0
細川成也,360.0,92.0,22.0,1.0,20.0,176.0,61.0,4.0,3.0
マラー,28.0,2.0,1.0,0.0,0.0,3.0,1.0,1.0,0.0
マルテ,0.0,0.0,0.0,0.0,0.0,0.0,0.0,0.0,0.0
松木平優太,1.0,0.0,0.0,0.0,0.0,0.0,0.0,0.0,0.0
松葉貴大,33.0,5.0,0.0,0.0,0.0,5.0,2.0,1.0,0.0
松山晋也,0.0,0.0,0.0,0.0,0.0,0.0,0.0,0.0,0.0
三浦瑞樹,8.0,1.0,0.0,0.0,0.0,1.0,1.0,0.0,0.0
味谷大誠,7.0,1.0,0.0,0.0,0.0,1.0,0.0,0.0,1.0
村松開人,158.0,28.0,3.0,1.0,2.0,39.0,13.0,3.0,3.0
メヒア,7.0,2.0,0.0,0.0,0.0,2.0,0.0,0.0,0.0
森駿太,20.0,4.0,0.0,1.0,0.0,6.0,1.0,1.0,0.0
柳裕也,24.0,2.0,0.0,0.0,0.0,2.0,1.0,0.0,0.0
山本泰寛,347.0,84.0,12.0,2.0,4.0,112.0,10.0,1.0,0.0
吉田聖弥,1.0,0.0,0.0,0.0,0.0,0.0,0.0,0.0,0.0
ロドリゲス,29.0,6.0,1.0,0.0,0.0,7.0,4.0,0.0,0.0
涌井秀章,15.0,2.0,0.0,0.0,0.0,2.0,1.0,0.0,0.0
秋広優人,53.0,11.0,2.0,0.0,1.0,16.0,5.0,1.0,0.0
有原航平,1.0,0.0,0.0,0.0,0.0,0.0,0.0,0.0,0.0
イヒネイツア,0.0,0.0,0.0,0.0,0.0,0.0,0.0,0.0,0.0
石塚綜一郎,55.0,13.0,4.0,0.0,0.0,17.0,1.0,4.0,0.0
伊藤優輔,0.0,0.0,0.0,0.0,0.0,0.0,0.0,0.0,0.0
井上朋也,24.0,3.0,0.0,0.0,0.0,3.0,0.0,0.0,0.0
今宮健太,161.0,41.0,8.0,1.0,2.0,57.0,12.0,2.0,1.0
岩井俊介,0.0,0.0,0.0,0.0,0.0,0.0,0.0,0.0,0.0
岩崎峻典,0.0,0.0,0.0,0.0,0.0,0.0,0.0,0.0,0.0
海野隆司,246.0,54.0,11.0,2.0,0.0,69.0,10.0,1.0,0.0
上沢直之,4.0,0.0,0.0,0.0,0.0,0.0,0.0,0.0,0.0
オスナ,0.0,0.0,0.0,0.0,0.0,0.0,0.0,0.0,0.0
大江竜聖,0.0,0.0,0.0,0.0,0.0,0.0,0.0,0.0,0.0
大関友久,2.0,0.0,0.0,0.0,0.0,0.0,0.0,0.0,0.0
大津亮介,0.0,0.0,0.0,0.0,0.0,0.0,0.0,0.0,0.0
大野稼頭央,0.0,0.0,0.0,0.0,0.0,0.0,0.0,0.0,0.0
大山凌,0.0,0.0,0.0,0.0,0.0,0.0,0.0,0.0,0.0
尾形崇斗,0.0,0.0,0.0,0.0,0.0,0.0,0.0,0.0,0.0
緒方理貢,74.0,16.0,2.0,1.0,0.0,20.0,3.0,0.0,0.0
上茶谷大河,0.0,0.0,0.0,0.0,0.0,0.0,0.0,0.0,0.0
川口冬弥,0.0,0.0,0.0,0.0,0.0,0.0,0.0,0.0,0.0
川瀬晃,190.0,50.0,8.0,1.0,2.0,66.0,20.0,1.0,0.0
川村友斗,9.0,1.0,0.0,0.0,0.0,1.0,0.0,0.0,0.0
木村光,0.0,0.0,0.0,0.0,0.0,0.0,0.0,0.0,0.0
栗原陵矢,285.0,76.0,12.0,2.0,8.0,116.0,40.0,2.0,4.0
近藤健介,256.0,77.0,17.0,1.0,10.0,126.0,47.0,2.0,2.0
笹川吉康,61.0,13.0,0.0,0.0,1.0,16.0,0.0,1.0,1.0
佐藤直樹,188.0,45.0,7.0,5.0,5.0,77.0,13.0,1.0,1.0
周東佑京,384.0,110.0,13.0,2.0,3.0,136.0,37.0,5.0,0.0
庄子雄大,17.0,4.0,3.0,0.0,0.0,7.0,1.0,0.0,0.0
杉山一樹,0.0,0.0,0.0,0.0,0.0,0.0,0.0,0.0,0.0
ダウンズ,146.0,33.0,10.0,3.0,4.0,61.0,19.0,1.0,2.0
谷川原健太,72.0,19.0,7.0,0.0,3.0,35.0,6.0,1.0,0.0
津森宥紀,0.0,0.0,0.0,0.0,0.0,0.0,0.0,0.0,0.0
中村晃,371.0,89.0,10.0,4.0,3.0,116.0,50.0,2.0,4.0
野村勇,376.0,102.0,16.0,0.0,12.0,154.0,25.0,5.0,2.0
東浜巨,0.0,0.0,0.0,0.0,0.0,0.0,0.0,0.0,0.0
廣瀨隆太,85.0,19.0,2.0,0.0,1.0,24.0,7.0,0.0,1.0
藤井皓哉,0.0,0.0,0.0,0.0,0.0,0.0,0.0,0.0,0.0
藤田悠太郎,0.0,0.0,0.0,0.0,0.0,0.0,0.0,0.0,0.0
ヘルナンデス,0.0,0.0,0.0,0.0,0.0,0.0,0.0,0.0,0.0
前田純,2.0,1.0,0.0,0.0,0.0,1.0,0.0,0.0,0.0
前田悠伍,0.0,0.0,0.0,0.0,0.0,0.0,0.0,0.0,0.0
牧原大成,418.0,127.0,17.0,6.0,5.0,171.0,7.0,3.0,4.0
正木智也,58.0,15.0,0.0,0.0,2.0,21.0,5.0,0.0,2.0
松本晴,4.0,0.0,0.0,0.0,0.0,0.0,0.0,0.0,0.0
松本裕樹,0.0,0.0,0.0,0.0,0.0,0.0,0.0,0.0,0.0
嶺井博希,143.0,32.0,3.0,0.0,4.0,47.0,4.0,4.0,2.0
宮﨑颯,0.0,0.0,0.0,0.0,0.0,0.0,0.0,0.0,0.0
モイネロ,5.0,1.0,0.0,0.0,0.0,1.0,0.0,0.0,0.0
柳田悠岐,73.0,21.0,3.0,0.0,4.0,36.0,5.0,0.0,0.0
柳町達,442.0,129.0,17.0,1.0,6.0,166.0,62.0,6.0,3.0
山川穂高,443.0,100.0,9.0,0.0,23.0,178.0,45.0,4.0,4.0
山本恵大,70.0,15.0,1.0,0.0,2.0,22.0,7.0,3.0,0.0
リチャード,22.0,2.0,2.0,0.0,0.0,4.0,0.0,0.0,0.0
渡邉陸,45.0,10.0,2.0,0.0,0.0,12.0,5.0,1.0,0.0
淺間大基,92.0,17.0,2.0,0.0,2.0,25.0,14.0,0.0,0.0
有薗直輝,31.0,7.0,2.0,0.0,0.0,9.0,2.0,1.0,1.0
池田隆英,0.0,0.0,0.0,0.0,0.0,0.0,0.0,0.0,0.0
石井一成,332.0,86.0,17.0,3.0,6.0,127.0,23.0,0.0,1.0
五十幡亮汰,284.0,66.0,5.0,10.0,1.0,94.0,18.0,2.0,0.0
伊藤大海,6.0,0.0,0.0,0.0,0.0,0.0,0.0,0.0,0.0
今川優馬,53.0,13.0,3.0,0.0,2.0,22.0,4.0,0.0,0.0
上原健太,0.0,0.0,0.0,0.0,0.0,0.0,0.0,0.0,0.0
梅林優貴,5.0,0.0,0.0,0.0,0.0,0.0,0.0,0.0,0.0
加藤貴之,2.0,0.0,0.0,0.0,0.0,0.0,0.0,0.0,0.0
金村尚真,3.0,0.0,0.0,0.0,0.0,0.0,0.0,0.0,0.0
上川畑大悟,72.0,12.0,3.0,0.0,0.0,15.0,7.0,2.0,0.0
河野竜生,0.0,0.0,0.0,0.0,0.0,0.0,0.0,0.0,0.0
北山亘基,4.0,0.0,0.0,0.0,0.0,0.0,0.0,0.0,0.0
清宮幸太郎,525.0,143.0,25.0,1.0,12.0,206.0,46.0,1.0,5.0
畔柳亨丞,0.0,0.0,0.0,0.0,0.0,0.0,0.0,0.0,0.0
古林睿煬,0.0,0.0,0.0,0.0,0.0,0.0,0.0,0.0,0.0
郡司裕也,364.0,108.0,15.0,0.0,10.0,153.0,45.0,6.0,5.0
ザバラ,0.0,0.0,0.0,0.0,0.0,0.0,0.0,0.0,0.0
齋藤友貴哉,0.0,0.0,0.0,0.0,0.0,0.0,0.0,0.0,0.0
阪口樂,1.0,0.0,0.0,0.0,0.0,0.0,0.0,0.0,0.0
柴田獅子,0.0,0.0,0.0,0.0,0.0,0.0,0.0,0.0,0.0
進藤勇也,26.0,2.0,0.0,0.0,0.0,2.0,2.0,0.0,0.0
杉浦稔大,0.0,0.0,0.0,0.0,0.0,0.0,0.0,0.0,0.0
孫易磊,0.0,0.0,0.0,0.0,0.0,0.0,0.0,0.0,0.0
達孝太,3.0,0.0,0.0,0.0,0.0,0.0,0.0,0.0,0.0
田中正義,0.0,0.0,0.0,0.0,0.0,0.0,0.0,0.0,0.0
玉井大翔,0.0,0.0,0.0,0.0,0.0,0.0,0.0,0.0,0.0
田宮裕涼,245.0,62.0,6.0,1.0,5.0,85.0,18.0,1.0,3.0
中島卓也,21.0,7.0,0.0,0.0,0.0,7.0,7.0,0.0,0.0
生田目翼,0.0,0.0,0.0,0.0,0.0,0.0,0.0,0.0,0.0
奈良間大己,91.0,20.0,2.0,0.0,1.0,25.0,7.0,2.0,0.0
野村佑希,339.0,91.0,18.0,1.0,8.0,135.0,26.0,3.0,1.0
バーヘイゲン,0.0,0.0,0.0,0.0,0.0,0.0,0.0,0.0,0.0
福島蓮,0.0,0.0,0.0,0.0,0.0,0.0,0.0,0.0,0.0
福谷浩司,0.0,0.0,0.0,0.0,0.0,0.0,0.0,0.0,0.0
伏見寅威,158.0,38.0,5.0,0.0,2.0,49.0,10.0,2.0,0.0
細川凌平,16.0,2.0,0.0,0.0,0.0,2.0,1.0,0.0,0.0
細野晴希,0.0,0.0,0.0,0.0,0.0,0.0,0.0,0.0,0.0
堀瑞輝,0.0,0.0,0.0,0.0,0.0,0.0,0.0,0.0,0.0
マルティネス,69.0,12.0,3.0,0.0,1.0,18.0,2.0,1.0,1.0
松岡洸希,0.0,0.0,0.0,0.0,0.0,0.0,0.0,0.0,0.0
松本剛,160.0,30.0,4.0,1.0,0.0,36.0,17.0,4.0,0.0
万波中正,420.0,96.0,23.0,1.0,20.0,181.0,43.0,1.0,0.0
水谷瞬,296.0,82.0,16.0,3.0,12.0,140.0,18.0,3.0,3.0
水野達稀,295.0,73.0,10.0,7.0,7.0,118.0,21.0,10.0,2.0
宮崎一樹,6.0,1.0,1.0,0.0,0.0,2.0,0.0,0.0,0.0
宮西尚生,0.0,0.0,0.0,0.0,0.0,0.0,0.0,0.0,0.0
矢澤宏太,166.0,41.0,5.0,2.0,1.0,53.0,10.0,4.0,1.0
柳川大晟,0.0,0.0,0.0,0.0,0.0,0.0,0.0,0.0,0.0
山縣秀,185.0,43.0,7.0,0.0,3.0,59.0,1.0,2.0,2.0
山﨑福也,7.0,1.0,0.0,0.0,0.0,1.0,0.0,0.0,0.0
山本拓実,0.0,0.0,0.0,0.0,0.0,0.0,0.0,0.0,0.0
吉田賢吾,106.0,23.0,6.0,1.0,4.0,43.0,5.0,1.0,0.0
レイエス,476.0,132.0,17.0,0.0,32.0,245.0,52.0,0.0,3.0
若林晃弘,7.0,1.0,0.0,0.0,0.0,1.0,0.0,0.0,0.0
アセベド,11.0,2.0,0.0,0.0,1.0,5.0,1.0,0.0,0.0
愛斗,15.0,2.0,1.0,0.0,0.0,3.0,0.0,1.0,0.0
東妻勇輔,0.0,0.0,0.0,0.0,0.0,0.0,0.0,0.0,0.0
池田来翔,227.0,54.0,11.0,0.0,5.0,80.0,11.0,4.0,3.0
石川柊太,2.0,0.0,0.0,0.0,0.0,0.0,0.0,0.0,0.0
石川慎吾,35.0,3.0,1.0,0.0,0.0,4.0,1.0,0.0,0.0
石垣雅海,14.0,2.0,1.0,0.0,0.0,3.0,4.0,0.0,0.0
一條力真,0.0,0.0,0.0,0.0,0.0,0.0,0.0,0.0,0.0
上田希由翔,166.0,35.0,11.0,0.0,3.0,55.0,15.0,1.0,1.0
植田将太,5.0,1.0,0.0,0.0,0.0,1.0,0.0,0.0,0.0
岡大海,157.0,43.0,6.0,1.0,2.0,57.0,16.0,6.0,0.0
小川龍成,178.0,47.0,2.0,0.0,0.0,49.0,12.0,3.0,1.0
小島和哉,2.0,0.0,0.0,0.0,0.0,0.0,0.0,0.0,0.0
小野郁,0.0,0.0,0.0,0.0,0.0,0.0,0.0,0.0,0.0
角中勝也,42.0,7.0,0.0,0.0,1.0,10.0,8.0,0.0,1.0
唐川侑己,0.0,0.0,0.0,0.0,0.0,0.0,0.0,0.0,0.0
河村説人,0.0,0.0,0.0,0.0,0.0,0.0,0.0,0.0,0.0
菊地吏玖,0.0,0.0,0.0,0.0,0.0,0.0,0.0,0.0,0.0
木村優人,1.0,0.0,0.0,0.0,0.0,0.0,0.0,0.0,0.0
ゲレーロ,0.0,0.0,0.0,0.0,0.0,0.0,0.0,0.0,0.0
サモンズ,0.0,0.0,0.0,0.0,0.0,0.0,0.0,0.0,0.0
坂井遼,0.0,0.0,0.0,0.0,0.0,0.0,0.0,0.0,0.0
坂本光士郎,0.0,0.0,0.0,0.0,0.0,0.0,0.0,0.0,0.0
佐藤都志也,198.0,41.0,8.0,0.0,4.0,61.0,18.0,4.0,1.0
澤田圭佑,0.0,0.0,0.0,0.0,0.0,0.0,0.0,0.0,0.0
澤村拓一,0.0,0.0,0.0,0.0,0.0,0.0,0.0,0.0,0.0
鈴木昭汰,0.0,0.0,0.0,0.0,0.0,0.0,0.0,0.0,0.0
ソト,330.0,76.0,14.0,0.0,13.0,129.0,32.0,3.0,2.0
高野脩汰,1.0,0.0,0.0,0.0,0.0,0.0,0.0,0.0,0.0
髙部瑛斗,357.0,102.0,15.0,7.0,2.0,137.0,14.0,3.0,5.0
立松由宇,6.0,0.0,0.0,0.0,0.0,0.0,0.0,0.0,0.0
田中晴也,5.0,1.0,0.0,0.0,0.0,1.0,0.0,0.0,0.0
種市篤暉,1.0,0.0,0.0,0.0,0.0,0.0,0.0,0.0,0.0
田村龍弘,38.0,6.0,0.0,0.0,1.0,9.0,0.0,0.0,0.0
茶谷健太,36.0,8.0,2.0,0.0,0.0,10.0,3.0,0.0,0.0
寺地隆成,414.0,106.0,16.0,0.0,5.0,137.0,19.0,7.0,2.0
友杉篤輝,278.0,64.0,11.0,2.0,1.0,82.0,15.0,3.0,2.0
中村奨吾,59.0,11.0,2.0,0.0,1.0,16.0,4.0,1.0,0.0
中村稔弥,0.0,0.0,0.0,0.0,0.0,0.0,0.0,0.0,0.0
中森俊介,0.0,0.0,0.0,0.0,0.0,0.0,0.0,0.0,0.0
西川史礁,417.0,117.0,27.0,3.0,3.0,159.0,16.0,8.0,3.0
西野勇士,0.0,0.0,0.0,0.0,0.0,0.0,0.0,0.0,0.0
西村天裕,0.0,0.0,0.0,0.0,0.0,0.0,0.0,0.0,0.0
早坂響,0.0,0.0,0.0,0.0,0.0,0.0,0.0,0.0,0.0
廣池康志郎,0.0,0.0,0.0,0.0,0.0,0.0,0.0,0.0,0.0
廣畑敦也,0.0,0.0,0.0,0.0,0.0,0.0,0.0,0.0,0.0
藤岡裕大,320.0,82.0,17.0,1.0,4.0,113.0,42.0,1.0,4.0
藤原恭大,409.0,111.0,12.0,6.0,4.0,147.0,33.0,6.0,0.0
二木康太,0.0,0.0,0.0,0.0,0.0,0.0,0.0,0.0,0.0
ボス,5.0,1.0,0.0,0.0,0.0,1.0,0.0,0.0,0.0
ポランコ,139.0,28.0,3.0,0.0,5.0,46.0,14.0,0.0,1.0
益田直也,0.0,0.0,0.0,0.0,0.0,0.0,0.0,0.0,0.0
松川虎生,8.0,0.0,0.0,0.0,0.0,0.0,1.0,0.0,0.0
美馬学,0.0,0.0,0.0,0.0,0.0,0.0,0.0,0.0,0.0
宮崎竜成,98.0,19.0,3.0,0.0,0.0,22.0,3.0,4.0,0.0
八木彬,0.0,0.0,0.0,0.0,0.0,0.0,0.0,0.0,0.0
安田尚憲,317.0,77.0,15.0,0.0,0.0,92.0,25.0,4.0,4.0
山口航輝,106.0,27.0,2.0,0.0,7.0,50.0,5.0,0.0,1.0
山本大斗,385.0,79.0,18.0,0.0,11.0,130.0,24.0,6.0,1.0
横山陸人,0.0,0.0,0.0,0.0,0.0,0.0,0.0,0.0,0.0
吉川悠斗,0.0,0.0,0.0,0.0,0.0,0.0,0.0,0.0,0.0
和田康士朗,8.0,1.0,1.0,0.0,0.0,2.0,1.0,0.0,1.0
浅村栄斗,331.0,79.0,13.0,1.0,9.0,121.0,51.0,6.0,1.0
阿部寿樹,105.0,23.0,5.0,1.0,3.0,39.0,22.0,0.0,1.0
石原彪,32.0,3.0,0.0,0.0,0.0,3.0,3.0,0.0,0.0
伊藤裕季也,117.0,25.0,8.0,1.0,1.0,38.0,9.0,1.0,1.0
入江大樹,10.0,1.0,0.0,0.0,0.0,1.0,0.0,0.0,0.0
内星龍,1.0,0.0,0.0,0.0,0.0,0.0,0.0,0.0,0.0
江原雅裕,0.0,0.0,0.0,0.0,0.0,0.0,0.0,0.0,0.0
大内誠弥,1.0,0.0,0.0,0.0,0.0,0.0,0.0,0.0,0.0
太田光,188.0,33.0,7.0,2.0,1.0,47.0,23.0,5.0,1.0
岡島豪郎,1.0,1.0,0.0,0.0,0.0,1.0,0.0,0.0,0.0
小郷裕哉,173.0,30.0,7.0,2.0,2.0,47.0,16.0,1.0,2.0
加治屋蓮,0.0,0.0,0.0,0.0,0.0,0.0,0.0,0.0,0.0
辛島航,0.0,0.0,0.0,0.0,0.0,0.0,0.0,0.0,0.0
岸孝之,1.0,0.0,0.0,0.0,0.0,0.0,0.0,0.0,0.0
黒川史陽,301.0,90.0,8.0,1.0,4.0,112.0,35.0,2.0,3.0
ゴンザレス,201.0,46.0,5.0,1.0,4.0,65.0,4.0,2.0,1.0
古謝樹,0.0,0.0,0.0,0.0,0.0,0.0,0.0,0.0,0.0
小深田大翔,299.0,65.0,5.0,2.0,1.0,77.0,40.0,1.0,1.0
小孫竜二,0.0,0.0,0.0,0.0,0.0,0.0,0.0,0.0,0.0
小森航大郎,76.0,15.0,1.0,0.0,1.0,19.0,2.0,1.0,1.0
今野龍太,0.0,0.0,0.0,0.0,0.0,0.0,0.0,0.0,0.0
坂井陽翔,0.0,0.0,0.0,0.0,0.0,0.0,0.0,0.0,0.0
柴田大地,0.0,0.0,0.0,0.0,0.0,0.0,0.0,0.0,0.0
島内宏明,10.0,0.0,0.0,0.0,0.0,0.0,1.0,0.0,0.0
荘司康誠,0.0,0.0,0.0,0.0,0.0,0.0,0.0,0.0,0.0
鈴木翔天,0.0,0.0,0.0,0.0,0.0,0.0,0.0,0.0,0.0
鈴木大地,172.0,41.0,3.0,2.0,2.0,54.0,13.0,11.0,1.0
宋家豪,0.0,0.0,0.0,0.0,0.0,0.0,0.0,0.0,0.0
ターリー,0.0,0.0,0.0,0.0,0.0,0.0,0.0,0.0,0.0
泰勝利,0.0,0.0,0.0,0.0,0.0,0.0,0.0,0.0,0.0
瀧中瞭太,0.0,0.0,0.0,0.0,0.0,0.0,3.0,0.0,0.0
辰己涼介,367.0,88.0,12.0,2.0,7.0,125.0,40.0,9.0,5.0
田中和基,18.0,1.0,0.0,0.0,0.0,1.0,0.0,0.0,0.0
田中貴也,3.0,1.0,0.0,0.0,0.0,1.0,1.0,0.0,0.0
津留﨑大成,0.0,0.0,0.0,0.0,0.0,0.0,0.0,0.0,0.0
中込陽翔,0.0,0.0,0.0,0.0,0.0,0.0,0.0,0.0,0.0
中島大輔,462.0,123.0,11.0,5.0,6.0,162.0,17.0,2.0,2.0
西垣雅矢,0.0,0.0,0.0,0.0,0.0,0.0,0.0,0.0,0.0
西口直人,0.0,0.0,0.0,0.0,0.0,0.0,0.0,0.0,0.0
則本昂大,0.0,0.0,0.0,0.0,0.0,0.0,0.0,0.0,0.0
ハワード,3.0,0.0,0.0,0.0,0.0,0.0,0.0,0.0,0.0
早川隆久,3.0,0.0,0.0,0.0,0.0,0.0,0.0,0.0,0.0
林優樹,0.0,0.0,0.0,0.0,0.0,0.0,0.0,0.0,0.0
日當直喜,0.0,0.0,0.0,0.0,0.0,0.0,0.0,0.0,0.0
フランコ,317.0,75.0,9.0,0.0,7.0,105.0,24.0,1.0,5.0
藤井聖,2.0,0.0,0.0,0.0,0.0,0.0,0.0,0.0,0.0
藤平尚真,0.0,0.0,0.0,0.0,0.0,0.0,0.0,0.0,0.0
ボイト,243.0,73.0,9.0,0.0,13.0,121.0,27.0,6.0,0.0
堀内謙伍,168.0,43.0,3.0,1.0,3.0,57.0,17.0,0.0,1.0
松井友飛,1.0,0.0,0.0,0.0,0.0,0.0,0.0,0.0,0.0
松田啄磨,0.0,0.0,0.0,0.0,0.0,0.0,0.0,0.0,0.0
宮森智志,0.0,0.0,0.0,0.0,0.0,0.0,0.0,0.0,0.0
武藤敦貴,108.0,22.0,3.0,2.0,0.0,29.0,14.0,2.0,2.0
宗山塁,430.0,112.0,19.0,3.0,3.0,146.0,20.0,1.0,9.0
村林一輝,513.0,144.0,14.0,0.0,3.0,167.0,28.0,3.0,3.0
ヤフーレ,2.0,0.0,0.0,0.0,0.0,0.0,0.0,0.0,0.0
陽柏翔,2.0,1.0,0.0,0.0,0.0,1.0,0.0,0.0,0.0
吉野創士,13.0,3.0,0.0,0.0,0.0,3.0,0.0,0.0,0.0
吉納翼,3.0,0.0,0.0,0.0,0.0,0.0,0.0,0.0,0.0
渡辺翔太,0.0,0.0,0.0,0.0,0.0,0.0,0.0,0.0,0.0
渡邊佳明,147.0,41.0,4.0,0.0,0.0,45.0,12.0,0.0,6.0
東晃平,5.0,0.0,0.0,0.0,0.0,0.0,0.0,0.0,0.0
阿部翔太,0.0,0.0,0.0,0.0,0.0,0.0,0.0,0.0,0.0
井口和朋,0.0,0.0,0.0,0.0,0.0,0.0,0.0,0.0,0.0
石川亮,1.0,0.0,0.0,0.0,0.0,0.0,0.0,0.0,0.0
入山海斗,0.0,0.0,0.0,0.0,0.0,0.0,0.0,0.0,0.0
岩嵜翔,0.0,0.0,0.0,0.0,0.0,0.0,0.0,0.0,0.0
エスピノーザ,1.0,0.0,0.0,0.0,0.0,0.0,0.0,0.0,0.0
オリバレス,33.0,6.0,1.0,0.0,0.0,7.0,2.0,0.0,0.0
大里昂生,85.0,19.0,0.0,2.0,0.0,23.0,11.0,0.0,1.0
大城滉二,68.0,17.0,0.0,0.0,0.0,17.0,6.0,1.0,0.0
太田椋,448.0,127.0,10.0,0.0,10.0,167.0,33.0,5.0,4.0
片山楽生,0.0,0.0,0.0,0.0,0.0,0.0,0.0,0.0,0.0
川瀬堅斗,0.0,0.0,0.0,0.0,0.0,0.0,0.0,0.0,0.0
来田涼斗,124.0,29.0,5.0,0.0,2.0,40.0,7.0,1.0,1.0
九里亜蓮,0.0,0.0,0.0,0.0,0.0,0.0,0.0,0.0,0.0
紅林弘太郎,400.0,104.0,20.0,1.0,9.0,153.0,35.0,3.0,5.0
元謙太,7.0,1.0,0.0,0.0,0.0,1.0,2.0,0.0,0.0
古田島成龍,0.0,0.0,0.0,0.0,0.0,0.0,0.0,0.0,0.0
権田琉成,0.0,0.0,0.0,0.0,0.0,0.0,0.0,0.0,0.0
才木海翔,0.0,0.0,0.0,0.0,0.0,0.0,0.0,0.0,0.0
佐藤一磨,0.0,0.0,0.0,0.0,0.0,0.0,0.0,0.0,0.0
杉澤龍,15.0,3.0,1.0,0.0,0.0,4.0,0.0,0.0,0.0
杉本裕太郎,401.0,104.0,15.0,2.0,16.0,171.0,38.0,9.0,7.0
曽谷龍平,4.0,0.0,0.0,0.0,0.0,0.0,0.0,0.0,0.0
髙島泰都,0.0,0.0,0.0,0.0,0.0,0.0,0.0,0.0,0.0
田嶋大樹,3.0,0.0,0.0,0.0,0.0,0.0,0.0,0.0,0.0
茶野篤政,12.0,2.0,0.0,0.0,0.0,2.0,0.0,0.0,0.0
ディアス,127.0,29.0,4.0,0.0,2.0,39.0,11.0,0.0,0.0
寺西成騎,0.0,0.0,0.0,0.0,0.0,0.0,0.0,0.0,0.0
東松快征,0.0,0.0,0.0,0.0,0.0,0.0,0.0,0.0,0.0
富山凌雅,0.0,0.0,0.0,0.0,0.0,0.0,0.0,0.0,0.0
頓宮裕真,473.0,118.0,20.0,0.0,13.0,177.0,43.0,5.0,4.0
中川圭太,433.0,123.0,26.0,1.0,12.0,187.0,20.0,1.0,4.0
西川龍馬,387.0,120.0,23.0,1.0,5.0,160.0,18.0,2.0,1.0
西野真弘,230.0,66.0,9.0,3.0,7.0,102.0,15.0,1.0,0.0
野口智哉,55.0,8.0,5.0,1.0,1.0,18.0,6.0,3.0,0.0
平野佳寿,0.0,0.0,0.0,0.0,0.0,0.0,0.0,0.0,0.0
廣岡大志,402.0,102.0,15.0,1.0,7.0,140.0,39.0,0.0,4.0
博志,0.0,0.0,0.0,0.0,0.0,0.0,0.0,0.0,0.0
福田周平,54.0,9.0,1.0,0.0,0.0,10.0,4.0,0.0,0.0
福永奨,66.0,10.0,2.0,1.0,1.0,17.0,4.0,2.0,1.0
ペルドモ,0.0,0.0,0.0,0.0,0.0,0.0,0.0,0.0,0.0
堀柊那,3.0,1.0,0.0,0.0,0.0,1.0,0.0,0.0,0.0
本田圭佑,0.0,0.0,0.0,0.0,0.0,0.0,0.0,0.0,0.0
マチャド,0.0,0.0,0.0,0.0,0.0,0.0,0.0,0.0,0.0
宮城大弥,3.0,0.0,0.0,0.0,0.0,0.0,1.0,0.0,0.0
麦谷祐介,134.0,31.0,4.0,2.0,1.0,42.0,16.0,1.0,1.0
椋木蓮,0.0,0.0,0.0,0.0,0.0,0.0,0.0,0.0,0.0
宗佑磨,349.0,82.0,12.0,1.0,6.0,114.0,26.0,9.0,1.0
森友哉,161.0,33.0,8.0,0.0,1.0,44.0,26.0,3.0,1.0
山岡泰輔,0.0,0.0,0.0,0.0,0.0,0.0,0.0,0.0,0.0
山口廉王,0.0,0.0,0.0,0.0,0.0,0.0,0.0,0.0,0.0
山﨑颯一郎,0.0,0.0,0.0,0.0,0.0,0.0,0.0,0.0,0.0
山下舜平大,0.0,0.0,0.0,0.0,0.0,0.0,0.0,0.0,0.0
山田修義,0.0,0.0,0.0,0.0,0.0,0.0,0.0,0.0,0.0
山中稜真,49.0,6.0,1.0,1.0,1.0,12.0,3.0,0.0,0.0
横山楓,0.0,0.0,0.0,0.0,0.0,0.0,0.0,0.0,0.0
横山聖哉,2.0,0.0,0.0,0.0,0.0,0.0,0.0,0.0,0.0
若月健矢,368.0,100.0,16.0,2.0,6.0,138.0,16.0,7.0,1.0
渡部遼人,10.0,2.0,0.0,0.0,0.0,2.0,2.0,1.0,0.0
青山美夏人,0.0,0.0,0.0,0.0,0.0,0.0,0.0,0.0,0.0
糸川亮太,0.0,0.0,0.0,0.0,0.0,0.0,0.0,0.0,0.0
今井達也,6.0,0.0,0.0,0.0,0.0,0.0,0.0,0.0,0.0
ウィンゲンター,0.0,0.0,0.0,0.0,0.0,0.0,0.0,0.0,0.0
上田大河,0.0,0.0,0.0,0.0,0.0,0.0,0.0,0.0,0.0
甲斐野央,0.0,0.0,0.0,0.0,0.0,0.0,0.0,0.0,0.0
岸潤一郎,30.0,5.0,3.0,0.0,0.0,8.0,1.0,0.0,0.0
栗山巧,23.0,2.0,0.0,0.0,0.0,2.0,0.0,0.0,0.0
黒木優太,0.0,0.0,0.0,0.0,0.0,0.0,0.0,0.0,0.0
黒田将矢,0.0,0.0,0.0,0.0,0.0,0.0,0.0,0.0,0.0
源田壮亮,320.0,67.0,11.0,5.0,0.0,88.0,25.0,2.0,3.0
古賀悠斗,289.0,66.0,8.0,0.0,7.0,95.0,32.0,0.0,0.0
児玉亮涼,47.0,8.0,2.0,0.0,0.0,10.0,4.0,1.0,0.0
齋藤大翔,11.0,1.0,0.0,0.0,0.0,1.0,1.0,0.0,0.0
佐々木健,0.0,0.0,0.0,0.0,0.0,0.0,0.0,0.0,0.0
佐藤隼輔,0.0,0.0,0.0,0.0,0.0,0.0,0.0,0.0,0.0
佐藤太陽,30.0,5.0,1.0,1.0,0.0,8.0,2.0,1.0,0.0
篠原響,0.0,0.0,0.0,0.0,0.0,0.0,0.0,0.0,0.0
菅井信也,0.0,0.0,0.0,0.0,0.0,0.0,0.0,0.0,0.0
杉山遙希,0.0,0.0,0.0,0.0,0.0,0.0,0.0,0.0,0.0
炭谷銀仁朗,81.0,19.0,4.0,0.0,0.0,23.0,3.0,1.0,0.0
隅田知一郎,1.0,0.0,0.0,0.0,0.0,0.0,0.0,0.0,0.0
セデーニョ,224.0,51.0,6.0,1.0,7.0,80.0,15.0,2.0,2.0
平良海馬,0.0,0.0,0.0,0.0,0.0,0.0,0.0,0.0,0.0
髙橋光成,4.0,1.0,0.0,0.0,0.0,1.0,0.0,0.0,0.0
髙松渡,17.0,1.0,0.0,0.0,0.0,1.0,0.0,0.0,0.0
滝澤夏央,385.0,90.0,4.0,0.0,0.0,94.0,28.0,2.0,0.0
武内夏暉,2.0,0.0,0.0,0.0,0.0,0.0,1.0,0.0,1.0
田村伊知郎,0.0,0.0,0.0,0.0,0.0,0.0,0.0,0.0,0.0
柘植世那,16.0,2.0,0.0,0.0,0.0,2.0,1.0,0.0,0.0
デービス,113.0,23.0,3.0,0.0,3.0,35.0,17.0,1.0,0.0
外崎修汰,359.0,84.0,13.0,1.0,5.0,114.0,39.0,4.0,8.0
仲田慶介,87.0,20.0,2.0,0.0,0.0,22.0,4.0,2.0,0.0
仲三河優太,9.0,2.0,0.0,1.0,0.0,4.0,0.0,0.0,1.0
中村剛也,96.0,23.0,5.0,0.0,3.0,37.0,13.0,1.0,0.0
中村祐太,0.0,0.0,0.0,0.0,0.0,0.0,0.0,0.0,0.0
西川愛也,507.0,134.0,26.0,3.0,10.0,196.0,32.0,9.0,3.0
ネビン,509.0,141.0,24.0,0.0,21.0,228.0,45.0,11.0,5.0
野村大樹,35.0,6.0,1.0,0.0,0.0,7.0,0.0,0.0,0.0
長谷川信哉,400.0,90.0,16.0,3.0,6.0,130.0,33.0,3.0,5.0
羽田慎之介,0.0,0.0,0.0,0.0,0.0,0.0,0.0,0.0,0.0
浜屋将太,0.0,0.0,0.0,0.0,0.0,0.0,0.0,0.0,0.0
平沢大河,17.0,1.0,1.0,0.0,0.0,2.0,0.0,0.0,0.0
平沼翔太,156.0,34.0,3.0,1.0,0.0,39.0,4.0,2.0,1.0
蛭間拓哉,34.0,6.0,0.0,0.0,0.0,6.0,1.0,0.0,0.0
古市尊,18.0,8.0,0.0,0.0,0.0,8.0,1.0,0.0,0.0
古川雄大,12.0,1.0,0.0,0.0,0.0,1.0,4.0,0.0,0.0
ボー・タカハシ,0.0,0.0,0.0,0.0,0.0,0.0,0.0,0.0,0.0
牧野翔矢,61.0,13.0,0.0,1.0,0.0,15.0,2.0,0.0,0.0
松原聖弥,22.0,6.0,1.0,0.0,0.0,7.0,0.0,0.0,0.0
松本航,0.0,0.0,0.0,0.0,0.0,0.0,0.0,0.0,0.0
豆田泰志,0.0,0.0,0.0,0.0,0.0,0.0,0.0,0.0,0.0
水上由伸,0.0,0.0,0.0,0.0,0.0,0.0,0.0,0.0,0.0
村田怜音,82.0,16.0,4.0,0.0,2.0,26.0,2.0,1.0,0.0
モンテル,11.0,1.0,0.0,0.0,0.0,1.0,0.0,0.0,0.0
元山飛優,85.0,13.0,8.0,0.0,0.0,21.0,1.0,0.0,0.0
山田陽翔,0.0,0.0,0.0,0.0,0.0,0.0,0.0,0.0,0.0
山野辺翔,3.0,0.0,0.0,0.0,0.0,0.0,0.0,0.0,0.0
山村崇嘉,211.0,52.0,8.0,1.0,4.0,74.0,14.0,2.0,3.0
與座海人,2.0,0.0,0.0,0.0,0.0,0.0,0.0,0.0,0.0
Ｅ．ラミレス,0.0,0.0,0.0,0.0,0.0,0.0,0.0,0.0,0.0
渡部聖弥,425.0,110.0,16.0,3.0,12.0,168.0,21.0,4.0,2.0
渡邉勇太朗,2.0,0.0,0.0,0.0,0.0,0.0,0.0,0.0,0.0
LEAGUE_AVERAGE,79.35448275862069,19.38344827586207,3.193103448275862,0.3627586206896552,1.5117241379310344,27.837241379310345,6.288275862068965,0.8206896551724138,0.5227586206896552
