team,name,hand,ERA,K/9,HR/9,pitch_ストレート_share,pitch_フォーク_share,pitch_スライダー_share,pitch_カットボール_share,pitch_カーブ_share,pitch_ツーシーム_share,pitch_シュート_share,pitch_スローカーブ_share,pitch_チェンジアップ_share,pitch_シンカー_share,pitch_スプリット_share,pitch_ナックルカーブ_share,pitch_スラーブ_share,pitch_縦スライダー_share,pitch_パーム_share,pitch_スローボール_share,pitch_ワンシーム_share,pitch_パワーカーブ_share,pitch_スクリュー_share,pitch_高速スライダー_share
G,大勢,右投,0.88,11.85,0.0,62.7,27.0,10.3,0.0,0.0,0.0,0.0,0.0,0.0,0.0,0.0,0.0,0.0,0.0,0.0,0.0,0.0,0.0,0.0,0.0
G,西舘勇陽,右投,3.82,7.34,0.59,47.9,3.9,8.8,28.2,11.3,0.0,0.0,0.0,0.0,0.0,0.0,0.0,0.0,0.0,0.0,0.0,0.0,0.0,0.0,0.0
G,菅野智之,右投,1.67,6.38,0.34,26.7,16.1,20.8,20.3,8.1,8.1,0.0,0.0,0.0,0.0,0.0,0.0,0.0,0.0,0.0,0.0,0.0,0.0,0.0,0.0
G,山﨑伊織,右投,2.81,6.29,0.49,35.8,15.6,12.1,19.8,0.6,0.0,13.5,2.2,0.5,0.0,0.0,0.0,0.0,0.0,0.0,0.0,0.0,0.0,0.0,0.0
G,戸郷翔征,右投,1.95,7.8,0.6,48.6,28.0,18.4,0.0,4.9,0.1,0.0,0.0,0.0,0.0,0.0,0.0,0.0,0.0,0.0,0.0,0.0,0.0,0.0,0.0
G,今村信貴,左投,2.25,7.88,0.0,49.6,14.5,11.1,4.3,0.0,0.0,19.7,0.0,0.9,0.0,0.0,0.0,0.0,0.0,0.0,0.0,0.0,0.0,0.0,0.0
G,高橋礼,右投,3.66,4.24,0.58,59.2,0.0,19.6,0.0,1.2,9.9,0.0,0.0,0.6,9.4,0.0,0.0,0.0,0.0,0.0,0.0,0.0,0.0,0.0,0.0
G,グリフィン,左投,3.01,9.72,0.69,41.0,0.0,16.4,16.5,0.0,3.7,0.0,0.0,3.1,0.0,12.9,6.3,0.0,0.0,0.0,0.0,0.0,0.0,0.0,0.0
G,赤星優志,右投,3.12,5.16,0.96,42.6,14.5,5.3,10.0,16.2,2.7,8.2,0.0,0.5,0.0,0.0,0.0,0.0,0.0,0.0,0.0,0.0,0.0,0.0,0.0
G,ケラー,右投,1.53,10.34,0.96,65.9,0.0,1.2,0.0,23.5,0.0,0.0,0.0,0.0,0.0,9.4,0.0,0.0,0.0,0.0,0.0,0.0,0.0,0.0,0.0
G,馬場皐輔,右投,0.0,13.5,0.0,25.0,0.0,0.0,18.8,6.3,0.0,0.0,0.0,0.0,0.0,50.0,0.0,0.0,0.0,0.0,0.0,0.0,0.0,0.0,0.0
G,中川皓太,左投,8.76,5.11,2.19,43.4,0.0,30.1,0.0,0.0,0.0,26.5,0.0,0.0,0.0,0.0,0.0,0.0,0.0,0.0,0.0,0.0,0.0,0.0,0.0
G,畠世周,右投,3.0,9.0,3.0,64.9,8.1,13.5,13.5,0.0,0.0,0.0,0.0,0.0,0.0,0.0,0.0,0.0,0.0,0.0,0.0,0.0,0.0,0.0,0.0
G,又木鉄平,左投,6.1,6.1,1.74,55.2,0.0,3.0,0.0,1.0,0.0,0.0,0.0,18.7,0.0,0.0,0.0,22.2,0.0,0.0,0.0,0.0,0.0,0.0,0.0
G,田中千晴,右投,0.0,9.0,0.0,71.7,17.4,0.0,0.0,10.9,0.0,0.0,0.0,0.0,0.0,0.0,0.0,0.0,0.0,0.0,0.0,0.0,0.0,0.0,0.0
G,バルドナード,左投,2.44,10.97,0.17,54.9,0.0,18.4,0.0,0.0,3.2,0.0,0.0,23.5,0.0,0.0,0.0,0.0,0.0,0.0,0.0,0.0,0.0,0.0,0.0
G,伊藤優輔,右投,1.04,8.31,0.0,42.8,12.4,1.4,37.9,4.1,0.0,1.4,0.0,0.0,0.0,0.0,0.0,0.0,0.0,0.0,0.0,0.0,0.0,0.0,0.0
G,高梨雄平,左投,2.04,7.39,0.25,25.7,0.2,40.4,0.0,0.0,0.0,30.9,0.0,1.7,1.0,0.0,0.0,0.0,0.0,0.0,0.0,0.0,0.0,0.0,0.0
G,船迫大雅,右投,2.37,5.45,0.95,36.9,0.0,50.4,4.5,5.2,0.0,0.5,0.0,1.1,1.4,0.0,0.0,0.0,0.0,0.0,0.0,0.0,0.0,0.0,0.0
G,横川凱,左投,0.94,2.83,0.0,41.3,10.3,13.4,20.2,13.8,0.9,0.0,0.0,0.0,0.0,0.0,0.0,0.0,0.0,0.0,0.0,0.0,0.0,0.0,0.0
G,泉圭輔,右投,1.93,7.23,0.0,57.3,0.0,0.0,3.6,0.5,24.0,0.0,0.0,0.0,0.0,0.0,0.0,0.0,14.6,0.0,0.0,0.0,0.0,0.0,0.0
G,大江竜聖,左投,2.63,8.56,0.66,51.1,0.0,32.9,0.0,0.0,0.0,9.5,0.0,6.5,0.0,0.0,0.0,0.0,0.0,0.0,0.0,0.0,0.0,0.0,0.0
G,メンデス,左投,12.46,8.31,0.0,57.1,0.0,16.3,0.0,1.0,1.0,0.0,0.0,24.5,0.0,0.0,0.0,0.0,0.0,0.0,0.0,0.0,0.0,0.0,0.0
G,平内龍太,右投,2.16,5.94,1.08,49.4,0.0,9.8,0.2,11.3,9.0,0.0,0.0,0.0,0.0,20.3,0.0,0.0,0.0,0.0,0.0,0.0,0.0,0.0,0.0
G,堀田賢慎,右投,2.45,5.26,0.35,49.5,0.0,7.9,7.5,7.1,0.1,0.0,0.0,21.4,0.0,6.5,0.0,0.0,0.0,0.0,0.0,0.0,0.0,0.0,0.0
G,松井颯,右投,13.5,6.75,6.75,65.0,0.0,7.5,0.0,0.0,0.0,0.0,0.0,0.0,27.5,0.0,0.0,0.0,0.0,0.0,0.0,0.0,0.0,0.0,0.0
G,井上温大,左投,2.76,8.82,0.45,45.2,13.8,26.8,5.5,2.1,6.6,0.0,0.0,0.0,0.0,0.0,0.0,0.0,0.0,0.0,0.0,0.0,0.0,0.0,0.0
G,京本眞,右投,3.6,5.4,0.0,56.5,14.5,14.5,0.0,1.4,0.0,0.0,0.0,13.0,0.0,0.0,0.0,0.0,0.0,0.0,0.0,0.0,0.0,0.0,0.0
T,ゲラ,右投,1.55,7.45,0.47,43.3,0.0,52.7,0.0,0.0,4.0,0.0,0.0,0.0,0.0,0.0,0.0,0.0,0.0,0.0,0.0,0.0,0.0,0.0,0.0
T,岩崎優,左投,2.2,7.22,0.47,47.1,0.0,29.9,0.9,0.0,0.0,0.0,0.9,21.3,0.0,0.0,0.0,0.0,0.0,0.0,0.0,0.0,0.0,0.0,0.0
T,岩貞祐太,左投,5.4,10.8,0.0,33.3,0.0,66.7,0.0,0.0,0.0,0.0,0.0,0.0,0.0,0.0,0.0,0.0,0.0,0.0,0.0,0.0,0.0,0.0,0.0
T,西純矢,右投,2.7,0.0,0.0,46.9,14.8,17.3,2.5,13.6,4.9,0.0,0.0,0.0,0.0,0.0,0.0,0.0,0.0,0.0,0.0,0.0,0.0,0.0,0.0
T,西勇輝,右投,2.24,5.13,0.36,14.5,0.0,34.5,0.0,3.6,0.0,25.8,0.0,21.6,0.0,0.0,0.0,0.0,0.0,0.0,0.0,0.0,0.0,0.0,0.0
T,青柳晃洋,右投,3.69,5.16,0.3,39.5,0.0,18.5,4.4,0.5,27.8,0.0,0.0,0.0,9.3,0.0,0.0,0.0,0.0,0.0,0.0,0.0,0.0,0.0,0.0
T,伊藤将司,左投,4.62,4.01,0.61,42.0,0.0,0.0,25.9,5.2,17.5,0.0,0.0,9.4,0.0,0.0,0.0,0.0,0.0,0.0,0.0,0.0,0.0,0.0,0.0
T,髙橋遥人,左投,1.52,8.49,0.0,37.5,0.0,17.8,12.9,0.2,29.6,0.0,0.0,2.0,0.0,0.0,0.0,0.0,0.0,0.0,0.0,0.0,0.0,0.0,0.0
T,門別啓人,左投,4.5,6.0,0.75,60.6,4.4,18.2,2.0,2.5,12.3,0.0,0.0,0.0,0.0,0.0,0.0,0.0,0.0,0.0,0.0,0.0,0.0,0.0,0.0
T,漆原大晟,右投,3.89,5.71,0.0,48.5,25.7,0.0,18.4,0.0,0.0,0.0,0.0,0.0,0.0,0.0,7.4,0.0,0.0,0.0,0.0,0.0,0.0,0.0,0.0
T,才木浩人,右投,1.83,7.35,0.21,50.4,19.5,23.5,0.0,6.6,0.0,0.0,0.0,0.0,0.0,0.0,0.0,0.0,0.0,0.0,0.0,0.0,0.0,0.0,0.0
T,浜地真澄,右投,2.11,3.8,0.84,59.7,0.0,2.2,24.8,11.0,0.0,0.0,0.0,0.3,0.0,0.0,0.0,0.0,0.0,1.9,0.0,0.0,0.0,0.0,0.0
T,及川雅貴,左投,2.76,7.06,0.61,40.2,0.0,23.4,19.7,4.1,12.7,0.0,0.0,0.0,0.0,0.0,0.0,0.0,0.0,0.0,0.0,0.0,0.0,0.0,0.0
T,村上頌樹,右投,2.58,7.61,0.41,45.2,19.1,0.5,21.2,4.6,5.7,0.0,3.6,0.0,0.0,0.0,0.0,0.0,0.0,0.0,0.0,0.0,0.0,0.0,0.0
T,島本浩也,左投,2.81,3.51,0.35,48.7,20.9,25.5,0.0,1.8,0.0,2.1,0.0,1.0,0.0,0.0,0.0,0.0,0.0,0.0,0.0,0.0,0.0,0.0,0.0
T,桐敷拓馬,左投,1.79,8.27,0.0,45.1,19.7,23.4,0.0,0.0,11.9,0.0,0.0,0.0,0.0,0.0,0.0,0.0,0.0,0.0,0.0,0.0,0.0,0.0,0.0
T,大竹耕太郎,左投,2.8,5.66,0.5,46.3,1.6,6.3,15.5,2.6,13.3,0.0,0.0,13.5,0.0,0.0,0.0,0.0,0.0,0.0,0.9,0.0,0.0,0.0,0.0
T,富田蓮,左投,0.76,5.55,0.25,48.1,5.9,11.6,23.3,0.0,0.2,0.0,0.0,3.0,0.0,0.0,8.0,0.0,0.0,0.0,0.0,0.0,0.0,0.0,0.0
T,加治屋蓮,右投,4.5,9.0,0.0,43.6,21.5,4.6,22.6,7.7,0.0,0.0,0.0,0.0,0.0,0.0,0.0,0.0,0.0,0.0,0.0,0.0,0.0,0.0,0.0
T,石黒佑弥,右投,5.4,8.1,0.0,58.1,17.7,0.0,24.2,0.0,0.0,0.0,0.0,0.0,0.0,0.0,0.0,0.0,0.0,0.0,0.0,0.0,0.0,0.0,0.0
T,岡留英貴,右投,2.84,5.68,0.24,37.1,0.0,32.1,7.3,0.0,22.5,0.0,0.0,0.0,1.0,0.0,0.0,0.0,0.0,0.0,0.0,0.0,0.0,0.0,0.0
T,石井大智,右投,1.48,10.73,0.0,48.8,13.6,22.5,0.0,0.0,0.0,0.0,0.0,0.0,9.5,0.0,5.6,0.0,0.0,0.0,0.0,0.0,0.0,0.0,0.0
T,川原陸,左投,0.0,18.0,0.0,54.2,33.3,12.5,0.0,0.0,0.0,0.0,0.0,0.0,0.0,0.0,0.0,0.0,0.0,0.0,0.0,0.0,0.0,0.0,0.0
T,佐藤蓮,右投,0.0,9.0,0.0,47.1,11.8,0.0,0.0,35.3,0.0,5.9,0.0,0.0,0.0,0.0,0.0,0.0,0.0,0.0,0.0,0.0,0.0,0.0,0.0
T,ビーズリー,右投,2.47,8.8,0.7,32.1,0.0,25.7,30.4,0.2,0.7,0.0,0.0,0.0,0.0,10.8,0.0,0.0,0.0,0.0,0.0,0.0,0.0,0.0,0.0
DB,東克樹,左投,2.16,6.89,0.54,40.8,0.0,20.0,10.4,3.0,5.3,0.0,0.0,20.5,0.0,0.0,0.0,0.0,0.0,0.0,0.0,0.0,0.0,0.0,0.0
DB,伊勢大夢,右投,3.62,7.79,1.39,59.0,26.1,10.2,4.5,0.2,0.0,0.0,0.0,0.0,0.0,0.0,0.0,0.0,0.0,0.0,0.0,0.0,0.0,0.0,0.0
DB,石田健大,左投,3.38,6.75,1.41,37.7,0.2,15.9,18.4,7.4,0.0,0.0,0.0,20.4,0.0,0.0,0.0,0.0,0.0,0.0,0.0,0.0,0.0,0.0,0.0
DB,徳山壮磨,右投,2.45,3.68,0.31,67.5,23.6,0.0,1.2,7.8,0.0,0.0,0.0,0.0,0.0,0.0,0.0,0.0,0.0,0.0,0.0,0.0,0.0,0.0,0.0
DB,大貫晋一,右投,2.85,5.91,0.61,28.6,0.0,16.8,8.9,6.4,14.1,0.0,0.0,0.3,0.0,25.0,0.0,0.0,0.0,0.0,0.0,0.0,0.0,0.0,0.0
DB,三嶋一輝,右投,5.14,9.0,1.29,51.1,3.7,39.3,0.0,5.9,0.0,0.0,0.0,0.0,0.0,0.0,0.0,0.0,0.0,0.0,0.0,0.0,0.0,0.0,0.0
DB,小園健太,右投,16.88,10.13,0.0,53.9,0.0,3.9,14.5,15.8,0.0,0.0,0.0,0.0,0.0,11.8,0.0,0.0,0.0,0.0,0.0,0.0,0.0,0.0,0.0
DB,山﨑康晃,右投,3.35,6.93,0.96,57.1,0.0,0.0,2.3,0.0,5.2,0.0,0.0,0.8,0.0,34.6,0.0,0.0,0.0,0.0,0.0,0.0,0.0,0.0,0.0
DB,坂本裕哉,左投,2.2,7.8,0.6,51.6,0.0,2.5,17.4,0.0,0.0,0.0,0.0,28.5,0.0,0.0,0.0,0.0,0.0,0.0,0.0,0.0,0.0,0.0,0.0
DB,吉野光樹,右投,4.31,8.33,1.44,44.5,16.2,3.4,27.0,8.9,0.0,0.0,0.0,0.0,0.0,0.0,0.0,0.0,0.0,0.0,0.0,0.0,0.0,0.0,0.0
DB,濵口遥大,左投,3.25,7.69,0.51,48.9,4.1,21.9,0.0,2.1,0.0,0.0,0.0,23.1,0.0,0.0,0.0,0.0,0.0,0.0,0.0,0.0,0.0,0.0,0.0
DB,上茶谷大河,右投,4.37,6.35,1.19,47.0,3.0,11.6,32.0,0.2,0.0,1.2,0.0,3.0,0.0,0.0,2.0,0.0,0.0,0.0,0.0,0.0,0.0,0.0,0.0
DB,松本凌人,右投,5.91,2.53,0.0,59.2,0.0,19.6,8.2,0.0,13.0,0.0,0.0,0.0,0.0,0.0,0.0,0.0,0.0,0.0,0.0,0.0,0.0,0.0,0.0
DB,森唯斗,右投,7.52,6.96,1.11,17.6,13.8,4.7,32.6,0.0,9.4,0.0,0.0,5.3,0.0,0.0,16.6,0.0,0.0,0.0,0.0,0.0,0.0,0.0,0.0
DB,松本隆之介,左投,3.6,7.2,0.0,50.6,46.8,2.5,0.0,0.0,0.0,0.0,0.0,0.0,0.0,0.0,0.0,0.0,0.0,0.0,0.0,0.0,0.0,0.0,0.0
DB,佐々木千隼,右投,1.95,6.81,0.73,37.5,8.2,51.2,0.0,0.0,0.0,0.0,0.0,0.0,3.1,0.0,0.0,0.0,0.0,0.0,0.0,0.0,0.0,0.0,0.0
DB,ジャクソン,右投,2.9,7.62,0.5,53.1,0.0,4.0,8.6,0.0,0.0,0.0,0.0,23.9,0.0,0.0,10.5,0.0,0.0,0.0,0.0,0.0,0.0,0.0,0.0
DB,森原康平,右投,2.41,8.9,0.45,55.9,35.9,8.2,0.0,0.1,0.0,0.0,0.0,0.0,0.0,0.0,0.0,0.0,0.0,0.0,0.0,0.0,0.0,0.0,0.0
DB,石川達也,左投,1.93,5.14,0.64,58.9,0.0,0.0,16.4,4.8,0.0,0.0,0.0,19.8,0.0,0.0,0.0,0.0,0.0,0.0,0.0,0.0,0.0,0.0,0.0
DB,京山将弥,右投,2.01,8.06,0.0,75.7,0.0,0.0,2.9,0.0,0.0,0.0,0.0,1.0,0.0,20.4,0.0,0.0,0.0,0.0,0.0,0.0,0.0,0.0,0.0
DB,ウェンデルケン,右投,1.71,8.54,0.34,57.4,0.0,0.0,0.0,0.0,1.9,0.0,0.0,35.8,0.0,0.0,4.8,0.0,0.0,0.0,0.0,0.0,0.0,0.0,0.0
DB,中川颯,右投,4.42,5.68,0.47,31.3,0.0,29.8,0.0,2.4,36.4,0.0,0.0,0.1,0.0,0.0,0.0,0.0,0.0,0.0,0.0,0.0,0.0,0.0,0.0
DB,石田裕太郎,右投,3.97,5.95,0.61,51.4,7.5,13.7,5.3,2.3,5.6,0.0,0.0,0.0,14.2,0.0,0.0,0.0,0.0,0.0,0.0,0.0,0.0,0.0,0.0
DB,平良拳太郎,右投,1.21,6.67,0.3,35.5,0.0,26.2,12.6,0.3,0.0,0.0,0.0,0.0,25.4,0.0,0.0,0.0,0.0,0.0,0.0,0.0,0.0,0.0,0.0
DB,ウィック,右投,2.6,10.0,0.6,66.3,0.0,0.6,17.0,15.3,0.0,0.0,0.0,0.0,0.0,0.6,0.2,0.0,0.0,0.0,0.0,0.0,0.0,0.0,0.0
DB,中川虎大,右投,3.19,8.71,0.58,50.4,38.0,0.0,0.0,0.0,0.0,0.0,0.0,0.4,0.0,0.0,11.2,0.0,0.0,0.0,0.0,0.0,0.0,0.0,0.0
DB,宮城滝太,右投,13.5,18.0,0.0,59.6,25.5,0.0,0.0,14.9,0.0,0.0,0.0,0.0,0.0,0.0,0.0,0.0,0.0,0.0,0.0,0.0,0.0,0.0,0.0
DB,ケイ,左投,3.42,7.84,0.4,42.9,0.0,13.7,28.6,0.0,1.0,0.0,0.0,13.8,0.0,0.0,0.0,0.0,0.0,0.0,0.0,0.0,0.0,0.0,0.0
DB,堀岡隼人,右投,0.0,9.0,0.0,62.0,36.7,0.0,0.0,0.0,0.0,0.0,0.0,0.0,0.0,0.0,1.3,0.0,0.0,0.0,0.0,0.0,0.0,0.0,0.0
DB,ディアス,左投,0.0,1.93,0.0,59.7,0.0,31.3,0.0,0.0,1.5,0.0,0.0,1.5,0.0,6.0,0.0,0.0,0.0,0.0,0.0,0.0,0.0,0.0,0.0
C,九里亜蓮,右投,3.21,6.49,0.82,23.8,0.0,16.3,11.5,0.0,5.1,11.8,0.0,28.1,0.0,0.0,3.3,0.0,0.0,0.0,0.0,0.0,0.0,0.0,0.0
C,大道温貴,右投,10.38,4.15,6.23,64.0,0.0,0.0,15.1,8.1,0.0,0.0,0.0,0.0,0.0,12.8,0.0,0.0,0.0,0.0,0.0,0.0,0.0,0.0,0.0
C,森浦大輔,左投,2.51,8.29,0.19,54.2,0.0,2.7,1.9,8.6,0.0,0.0,0.0,32.5,0.0,0.0,0.0,0.0,0.0,0.0,0.0,0.0,0.0,0.0,0.0
C,大瀬良大地,右投,1.86,5.69,0.29,29.8,10.3,8.6,36.3,6.5,0.0,7.6,0.0,0.8,0.0,0.0,0.0,0.0,0.0,0.0,0.0,0.0,0.0,0.0,0.0
C,森翔平,左投,2.7,5.74,0.34,33.4,7.9,13.8,24.2,3.6,1.3,0.0,0.0,15.8,0.0,0.0,0.0,0.0,0.0,0.0,0.0,0.0,0.0,0.0,0.0
C,常廣羽也斗,右投,2.45,5.73,0.0,54.8,30.6,0.0,10.2,4.3,0.0,0.0,0.0,0.0,0.0,0.0,0.0,0.0,0.0,0.0,0.0,0.0,0.0,0.0,0.0
C,森下暢仁,右投,2.55,5.82,0.36,43.2,5.4,0.0,25.7,8.3,0.0,0.0,0.0,17.4,0.0,0.0,0.0,0.0,0.0,0.0,0.0,0.0,0.0,0.0,0.0
C,野村祐輔,右投,2.45,6.55,0.82,21.9,0.0,11.5,23.5,4.9,18.6,0.0,0.0,19.7,0.0,0.0,0.0,0.0,0.0,0.0,0.0,0.0,0.0,0.0,0.0
C,栗林良吏,右投,1.96,10.64,0.49,32.0,33.5,0.0,21.8,12.7,0.0,0.0,0.0,0.0,0.0,0.0,0.0,0.0,0.0,0.0,0.0,0.0,0.0,0.0,0.0
C,中﨑翔太,右投,1.96,6.26,0.39,43.5,35.5,16.5,0.0,1.1,3.3,0.0,0.0,0.0,0.0,0.0,0.0,0.0,0.0,0.0,0.0,0.0,0.0,0.0,0.0
C,髙太一,左投,0.0,9.0,0.0,75.8,0.0,0.0,12.1,3.0,9.1,0.0,0.0,0.0,0.0,0.0,0.0,0.0,0.0,0.0,0.0,0.0,0.0,0.0,0.0
C,黒原拓未,左投,2.11,10.11,0.3,47.7,0.0,0.0,16.7,6.6,0.0,0.0,0.0,17.5,0.0,11.5,0.0,0.0,0.0,0.0,0.0,0.0,0.0,0.0,0.0
C,益田武尚,右投,6.48,9.72,2.16,54.6,12.9,25.2,0.6,0.0,6.7,0.0,0.0,0.0,0.0,0.0,0.0,0.0,0.0,0.0,0.0,0.0,0.0,0.0,0.0
C,床田寛樹,左投,2.48,5.12,0.49,30.9,0.0,8.1,23.1,4.2,25.1,0.0,0.0,1.3,0.0,0.0,0.0,0.0,0.0,7.4,0.0,0.0,0.0,0.0,0.0
C,ケムナ誠,右投,1.8,9.0,0.0,53.3,11.4,15.2,0.0,20.0,0.0,0.0,0.0,0.0,0.0,0.0,0.0,0.0,0.0,0.0,0.0,0.0,0.0,0.0,0.0
C,滝田一希,左投,2.25,11.25,0.0,40.5,0.0,34.2,0.0,1.3,0.0,0.0,0.0,2.5,0.0,21.5,0.0,0.0,0.0,0.0,0.0,0.0,0.0,0.0,0.0
C,高橋昂也,左投,0.0,9.0,0.0,71.4,14.3,0.0,14.3,0.0,0.0,0.0,0.0,0.0,0.0,0.0,0.0,0.0,0.0,0.0,0.0,0.0,0.0,0.0,0.0
C,塹江敦哉,左投,1.57,8.55,0.0,71.7,1.7,19.0,5.6,0.0,0.0,0.0,0.0,2.0,0.0,0.0,0.0,0.0,0.0,0.0,0.0,0.0,0.0,0.0,0.0
C,長谷部銀次,左投,0.0,5.14,0.0,60.6,9.6,0.0,21.2,0.0,7.7,1.0,0.0,0.0,0.0,0.0,0.0,0.0,0.0,0.0,0.0,0.0,0.0,0.0,0.0
C,矢崎拓也,右投,3.6,6.12,0.72,50.0,44.2,5.8,0.0,0.0,0.0,0.0,0.0,0.0,0.0,0.0,0.0,0.0,0.0,0.0,0.0,0.0,0.0,0.0,0.0
C,ハッチ,右投,7.36,7.36,2.05,38.1,0.0,24.1,13.3,1.9,8.7,0.0,0.0,14.0,0.0,0.0,0.0,0.0,0.0,0.0,0.0,0.0,0.0,0.0,0.0
C,島内颯太郎,右投,2.77,8.62,0.33,60.2,1.1,0.2,0.2,0.2,0.0,0.0,0.0,38.1,0.0,0.0,0.0,0.0,0.0,0.0,0.0,0.0,0.0,0.0,0.0
C,松本竜也,右投,2.84,7.11,0.71,59.5,5.9,0.0,16.1,8.3,0.0,0.0,0.0,10.2,0.0,0.0,0.0,0.0,0.0,0.0,0.0,0.0,0.0,0.0,0.0
C,河野佳,右投,2.16,9.18,0.54,55.3,10.5,14.6,5.1,6.4,0.0,8.1,0.0,0.0,0.0,0.0,0.0,0.0,0.0,0.0,0.0,0.0,0.0,0.0,0.0
C,アドゥワ誠,右投,3.13,5.16,0.76,54.7,10.6,17.7,1.1,4.1,0.2,0.0,0.0,11.7,0.0,0.0,0.0,0.0,0.0,0.0,0.0,0.0,0.0,0.0,0.0
C,玉村昇悟,左投,2.96,6.87,0.36,41.2,0.0,30.1,0.0,8.3,0.0,6.0,0.0,14.5,0.0,0.0,0.0,0.0,0.0,0.0,0.0,0.0,0.0,0.0,0.0
C,遠藤淳志,右投,4.5,0.0,0.0,57.1,0.0,9.5,0.0,9.5,1.6,0.0,0.0,22.2,0.0,0.0,0.0,0.0,0.0,0.0,0.0,0.0,0.0,0.0,0.0
C,ハーン,左投,1.29,6.69,0.26,65.3,0.0,21.9,0.0,0.0,4.5,0.0,0.0,0.0,0.0,8.3,0.0,0.0,0.0,0.0,0.0,0.0,0.0,0.0,0.0
C,コルニエル,右投,2.65,7.41,0.53,62.6,0.0,29.1,0.4,1.1,0.0,0.0,0.0,0.0,0.0,6.8,0.0,0.0,0.0,0.0,0.0,0.0,0.0,0.0,0.0
S,石山泰稚,右投,4.35,8.49,0.44,39.4,6.7,32.8,0.0,4.3,0.0,0.0,0.0,0.0,0.0,0.0,0.0,0.0,0.0,0.0,0.0,16.8,0.0,0.0,0.0
S,原樹理,右投,1.8,1.8,0.9,28.8,2.0,21.6,18.3,4.6,0.0,24.8,0.0,0.0,0.0,0.0,0.0,0.0,0.0,0.0,0.0,0.0,0.0,0.0,0.0
S,清水昇,右投,7.27,4.15,0.52,50.5,31.1,0.0,10.7,6.7,1.0,0.0,0.0,0.0,0.0,0.0,0.0,0.0,0.0,0.0,0.0,0.0,0.0,0.0,0.0
S,奥川恭伸,右投,2.76,3.31,1.1,43.8,17.4,26.8,0.0,12.1,0.0,0.0,0.0,0.0,0.0,0.0,0.0,0.0,0.0,0.0,0.0,0.0,0.0,0.0,0.0
S,石川雅規,左投,4.1,2.41,0.96,29.4,0.0,14.0,12.7,8.1,0.0,10.2,0.0,7.4,18.0,0.0,0.0,0.0,0.0,0.0,0.0,0.0,0.0,0.0,0.0
S,木澤尚文,右投,3.06,7.81,0.68,1.8,0.0,8.4,25.5,5.9,0.0,51.1,0.0,0.0,0.0,7.3,0.0,0.0,0.0,0.0,0.0,0.0,0.0,0.0,0.0
S,吉村貢司郎,右投,3.19,7.42,0.52,47.6,22.6,10.9,9.2,8.8,0.8,0.0,0.0,0.0,0.0,0.0,0.0,0.0,0.0,0.0,0.0,0.0,0.0,0.0,0.0
S,星知弥,右投,3.62,7.96,0.96,56.6,22.5,15.9,5.0,0.0,0.0,0.0,0.0,0.0,0.0,0.0,0.0,0.0,0.0,0.0,0.0,0.0,0.0,0.0,0.0
S,山野太一,左投,6.08,5.72,1.43,38.9,11.6,18.5,12.0,8.0,0.0,0.0,0.0,4.6,0.0,0.0,0.0,0.0,0.0,0.0,0.0,6.5,0.0,0.0,0.0
S,松本健吾,右投,4.4,7.53,1.26,44.7,0.0,11.8,11.0,11.0,0.0,0.0,0.0,0.0,0.0,21.5,0.0,0.0,0.0,0.0,0.0,0.0,0.0,0.0,0.0
S,小川泰弘,右投,4.65,5.81,0.87,41.0,17.6,14.3,10.2,3.6,0.0,0.0,0.0,6.8,0.0,0.0,0.0,0.0,0.0,0.0,0.0,6.6,0.0,0.0,0.0
S,田口麗斗,左投,2.94,5.88,0.53,39.2,4.4,44.2,0.7,0.4,0.0,7.0,0.0,4.1,0.0,0.0,0.0,0.0,0.0,0.0,0.0,0.0,0.0,0.0,0.0
S,石原勇輝,左投,9.0,0.0,0.0,41.7,0.0,29.2,0.0,16.7,0.0,0.0,0.0,12.5,0.0,0.0,0.0,0.0,0.0,0.0,0.0,0.0,0.0,0.0,0.0
S,ロドリゲス,右投,1.8,8.8,0.2,51.4,0.0,12.8,9.4,0.0,3.8,0.0,0.0,8.3,0.0,0.0,14.4,0.0,0.0,0.0,0.0,0.0,0.0,0.0,0.0
S,エスパーダ,右投,5.0,5.33,1.0,54.9,0.0,0.0,0.8,0.0,0.0,0.0,0.0,0.0,0.0,22.1,22.1,0.0,0.0,0.0,0.0,0.0,0.0,0.0,0.0
S,高梨裕稔,右投,4.14,9.0,1.7,42.7,23.1,4.0,15.0,9.6,0.0,5.1,0.0,0.0,0.5,0.0,0.0,0.0,0.0,0.0,0.0,0.0,0.0,0.0,0.0
S,柴田大地,右投,4.5,9.0,0.0,58.8,0.0,0.0,11.8,0.0,0.0,0.0,0.0,0.0,0.0,29.4,0.0,0.0,0.0,0.0,0.0,0.0,0.0,0.0,0.0
S,山本大貴,左投,1.42,8.81,0.0,30.0,5.5,34.0,3.6,0.0,24.9,0.0,0.0,0.0,1.8,0.0,0.2,0.0,0.0,0.0,0.0,0.0,0.0,0.0,0.0
S,大西広樹,右投,1.34,4.62,0.45,18.6,8.2,28.2,7.7,0.0,0.0,28.8,0.0,4.7,3.5,0.0,0.4,0.0,0.0,0.0,0.0,0.0,0.0,0.0,0.0
S,小澤怜史,右投,2.55,7.65,0.7,57.7,20.0,10.4,4.9,3.0,0.1,0.0,0.0,3.9,0.0,0.0,0.0,0.0,0.0,0.0,0.0,0.0,0.0,0.0,0.0
S,高橋奎二,左投,3.58,8.25,0.93,51.8,0.0,13.7,9.8,7.3,0.0,0.0,0.0,17.1,0.2,0.0,0.0,0.0,0.0,0.0,0.0,0.0,0.0,0.0,0.0
S,金久保優斗,右投,3.52,9.39,1.17,61.8,9.6,26.5,0.0,0.7,0.0,0.0,0.0,0.0,1.5,0.0,0.0,0.0,0.0,0.0,0.0,0.0,0.0,0.0,0.0
S,嘉弥真新也,左投,14.54,8.31,0.0,16.0,0.0,52.1,0.0,0.0,0.0,24.5,0.0,7.4,0.0,0.0,0.0,0.0,0.0,0.0,0.0,0.0,0.0,0.0,0.0
S,尾仲祐哉,右投,18.0,0.0,4.5,45.8,4.2,35.4,0.0,6.3,0.0,8.3,0.0,0.0,0.0,0.0,0.0,0.0,0.0,0.0,0.0,0.0,0.0,0.0,0.0
S,長谷川宙輝,左投,4.71,9.0,1.71,52.7,0.6,18.6,0.9,5.0,0.0,0.0,0.0,22.2,0.0,0.0,0.0,0.0,0.0,0.0,0.0,0.0,0.0,0.0,0.0
S,サイスニード,右投,5.03,6.67,1.2,50.1,0.0,11.0,11.1,0.0,0.0,0.0,0.0,11.8,0.0,8.3,7.7,0.0,0.0,0.0,0.0,0.0,0.0,0.0,0.0
S,阪口皓亮,右投,10.8,6.48,0.0,28.6,0.0,19.5,9.2,5.9,18.9,0.0,0.0,0.0,0.0,17.8,0.0,0.0,0.0,0.0,0.0,0.0,0.0,0.0,0.0
S,宮川哲,右投,6.75,9.0,0.0,48.9,14.4,1.1,12.2,0.0,0.0,0.0,0.0,0.0,0.0,0.0,0.0,0.0,0.0,0.0,0.0,0.0,23.3,0.0,0.0
S,丸山翔大,右投,0.57,6.61,0.0,46.9,26.7,18.4,0.0,7.9,0.0,0.0,0.0,0.0,0.0,0.0,0.0,0.0,0.0,0.0,0.0,0.0,0.0,0.0,0.0
S,今野龍太,右投,0.0,5.68,0.0,49.1,4.5,0.0,26.8,6.3,0.0,0.0,0.0,13.4,0.0,0.0,0.0,0.0,0.0,0.0,0.0,0.0,0.0,0.0,0.0
S,ヤフーレ,右投,3.34,5.85,0.56,14.4,0.0,4.9,15.6,0.0,24.4,0.0,0.0,23.5,0.0,0.6,16.4,0.0,0.0,0.0,0.0,0.0,0.0,0.0,0.0
D,小笠原慎之介,左投,3.12,5.11,0.56,51.6,3.1,13.4,0.0,0.0,0.1,0.0,0.0,14.7,0.0,0.0,17.2,0.0,0.0,0.0,0.0,0.0,0.0,0.0,0.0
D,田島慎二,右投,108.0,27.0,0.0,18.2,0.0,27.3,0.0,0.0,0.0,27.3,0.0,0.0,0.0,27.3,0.0,0.0,0.0,0.0,0.0,0.0,0.0,0.0,0.0
D,橋本侑樹,左投,1.73,9.35,0.0,55.8,7.6,36.6,0.0,0.0,0.0,0.0,0.0,0.0,0.0,0.0,0.0,0.0,0.0,0.0,0.0,0.0,0.0,0.0,0.0
D,岩嵜翔,右投,5.85,8.1,0.0,57.6,32.7,0.8,0.0,0.0,0.0,0.0,0.0,0.0,0.0,0.0,8.9,0.0,0.0,0.0,0.0,0.0,0.0,0.0,0.0
D,柳裕也,右投,3.76,4.57,0.67,39.5,9.9,0.0,22.5,6.4,0.0,1.5,0.0,6.9,0.0,0.0,0.0,0.0,13.4,0.0,0.0,0.0,0.0,0.0,0.0
D,梅津晃大,右投,4.07,8.38,0.35,55.7,15.9,26.3,0.0,2.1,0.0,0.0,0.0,0.0,0.0,0.0,0.0,0.0,0.0,0.0,0.0,0.0,0.0,0.0,0.0
D,髙橋宏斗,右投,1.38,8.14,0.06,51.5,0.0,0.0,9.7,0.0,0.0,0.0,0.0,0.0,0.0,30.9,7.8,0.0,0.0,0.0,0.0,0.0,0.0,0.0,0.0
D,涌井秀章,右投,3.07,4.87,0.42,43.9,6.8,23.7,0.2,6.6,0.0,0.0,0.0,5.4,13.4,0.0,0.0,0.0,0.0,0.0,0.0,0.0,0.0,0.0,0.0
D,大野雄大,左投,4.87,5.48,1.02,51.6,4.3,2.6,14.8,0.0,26.8,0.0,0.0,0.0,0.0,0.0,0.0,0.0,0.0,0.0,0.0,0.0,0.0,0.0,0.0
D,福谷浩司,右投,3.72,4.97,0.93,45.3,8.6,22.7,0.0,6.3,8.0,0.0,0.0,9.1,0.0,0.0,0.0,0.0,0.0,0.0,0.0,0.0,0.0,0.0,0.0
D,仲地礼亜,右投,0.0,18.0,0.0,27.3,0.0,9.1,9.1,36.4,9.1,0.0,0.0,9.1,0.0,0.0,0.0,0.0,0.0,0.0,0.0,0.0,0.0,0.0,0.0
D,祖父江大輔,右投,2.86,4.76,1.27,38.8,17.1,36.9,0.0,0.0,0.0,7.2,0.0,0.0,0.0,0.0,0.0,0.0,0.0,0.0,0.0,0.0,0.0,0.0,0.0
D,福敬登,左投,1.54,5.4,0.0,47.6,0.0,41.1,0.0,2.2,8.1,0.0,0.0,0.0,0.0,0.0,0.0,0.0,0.0,0.0,0.0,0.0,0.0,1.1,0.0
D,松葉貴大,左投,3.09,4.82,0.77,31.0,0.0,8.7,24.5,7.2,10.5,0.0,0.0,10.3,0.0,7.8,0.0,0.0,0.0,0.0,0.0,0.0,0.0,0.0,0.0
D,勝野昌慶,右投,3.51,7.24,0.22,59.3,30.9,5.8,2.2,0.0,1.8,0.0,0.0,0.0,0.0,0.0,0.0,0.0,0.0,0.0,0.0,0.0,0.0,0.0,0.0
D,梅野雄吾,右投,4.15,4.98,0.0,54.7,8.8,21.3,1.2,13.4,0.0,0.0,0.0,0.6,0.0,0.0,0.0,0.0,0.0,0.0,0.0,0.0,0.0,0.0,0.0
D,土生翔太,右投,6.0,6.75,0.0,62.7,8.2,28.6,0.0,0.5,0.0,0.0,0.0,0.0,0.0,0.0,0.0,0.0,0.0,0.0,0.0,0.0,0.0,0.0,0.0
D,清水達也,右投,1.4,8.07,0.16,58.1,33.1,0.0,0.0,8.6,0.1,0.0,0.0,0.0,0.0,0.0,0.0,0.0,0.0,0.0,0.0,0.0,0.0,0.0,0.0
D,藤嶋健人,右投,2.2,8.45,0.92,56.0,0.0,1.6,0.0,0.0,0.0,0.0,0.0,0.0,0.0,31.4,11.1,0.0,0.0,0.0,0.0,0.0,0.0,0.0,0.0
D,齋藤綱記,左投,2.09,8.37,0.19,38.0,4.6,44.6,0.0,0.0,0.0,12.8,0.0,0.0,0.0,0.0,0.0,0.0,0.0,0.0,0.0,0.0,0.0,0.0,0.0
D,松木平優太,右投,3.7,7.4,0.92,44.0,0.0,0.0,25.2,10.8,0.0,0.0,0.0,20.0,0.0,0.0,0.0,0.0,0.0,0.0,0.0,0.0,0.0,0.0,0.0
D,松山晋也,右投,1.33,9.44,0.0,63.1,36.1,0.0,0.7,0.0,0.1,0.0,0.0,0.0,0.0,0.0,0.0,0.0,0.0,0.0,0.0,0.0,0.0,0.0,0.0
D,メヒア,右投,4.88,6.07,0.83,51.3,0.0,22.4,0.0,0.0,3.3,0.0,0.0,13.0,0.0,0.5,9.5,0.0,0.0,0.0,0.0,0.0,0.0,0.0,0.0
D,マルティネス,右投,1.09,9.16,0.16,56.3,0.0,13.0,0.0,0.0,1.6,0.0,0.0,4.7,0.0,24.5,0.0,0.0,0.0,0.0,0.0,0.0,0.0,0.0,0.0
D,フェリス,右投,5.19,5.19,1.04,62.5,0.0,29.7,0.0,0.0,0.0,0.0,0.0,7.8,0.0,0.0,0.0,0.0,0.0,0.0,0.0,0.0,0.0,0.0,0.0
B,エスピノーザ,右投,2.63,7.61,0.13,5.1,0.0,20.4,5.5,0.0,52.0,0.0,0.0,0.3,0.0,0.5,16.2,0.0,0.0,0.0,0.0,0.0,0.0,0.0,0.0
B,山下舜平大,右投,3.38,11.67,0.7,56.4,18.6,0.0,0.0,24.9,0.0,0.0,0.0,0.1,0.0,0.0,0.0,0.0,0.0,0.0,0.0,0.0,0.0,0.0,0.0
B,東晃平,右投,2.61,5.83,0.46,45.6,0.0,5.0,17.8,7.9,13.7,0.0,0.0,3.7,6.4,0.0,0.0,0.0,0.0,0.0,0.0,0.0,0.0,0.0,0.0
B,宮城大弥,左投,1.91,8.83,0.44,49.5,10.9,29.2,0.0,0.0,0.0,0.0,3.3,7.1,0.0,0.0,0.0,0.0,0.0,0.0,0.0,0.0,0.0,0.0,0.0
B,宇田川優希,右投,2.31,10.8,0.0,67.5,31.0,0.0,0.0,0.0,0.0,0.0,0.0,0.0,0.0,0.0,0.0,0.0,1.5,0.0,0.0,0.0,0.0,0.0,0.0
B,椋木蓮,右投,5.54,4.85,0.0,51.5,11.1,6.6,12.6,1.0,17.2,0.0,0.0,0.0,0.0,0.0,0.0,0.0,0.0,0.0,0.0,0.0,0.0,0.0,0.0
B,平野佳寿,右投,4.22,9.28,0.84,51.9,44.8,3.3,0.0,0.0,0.0,0.0,0.0,0.0,0.0,0.0,0.0,0.0,0.0,0.0,0.0,0.0,0.0,0.0,0.0
B,曽谷龍平,左投,2.34,8.85,0.3,44.4,26.9,21.0,7.5,0.1,0.0,0.0,0.0,0.0,0.0,0.0,0.0,0.0,0.0,0.0,0.0,0.0,0.0,0.0,0.0
B,山岡泰輔,右投,3.38,8.44,1.69,38.5,0.0,0.0,17.9,0.0,0.0,1.3,0.0,2.6,0.0,0.0,2.6,0.0,37.2,0.0,0.0,0.0,0.0,0.0,0.0
B,阿部翔太,右投,1.84,7.98,0.0,48.0,1.6,0.0,20.2,1.6,0.0,0.0,0.0,0.0,0.0,28.6,0.0,0.0,0.0,0.0,0.0,0.0,0.0,0.0,0.0
B,山﨑颯一郎,右投,1.35,2.7,0.0,54.2,15.6,29.2,0.0,0.0,0.0,0.0,0.0,0.0,0.0,0.0,1.0,0.0,0.0,0.0,0.0,0.0,0.0,0.0,0.0
B,村西良太,右投,9.0,0.0,9.0,57.7,0.0,38.5,0.0,0.0,0.0,0.0,0.0,3.8,0.0,0.0,0.0,0.0,0.0,0.0,0.0,0.0,0.0,0.0,0.0
B,吉田輝星,右投,3.32,6.64,0.22,48.3,14.4,20.8,0.9,2.8,0.0,7.4,0.0,5.4,0.0,0.0,0.0,0.0,0.0,0.0,0.0,0.0,0.0,0.0,0.0
B,齋藤響介,右投,4.06,6.69,0.48,48.0,23.0,8.3,11.5,9.2,0.0,0.0,0.0,0.0,0.0,0.0,0.0,0.0,0.0,0.0,0.0,0.0,0.0,0.0,0.0
B,富山凌雅,左投,3.27,6.55,0.0,51.6,0.0,18.7,0.5,0.0,29.2,0.0,0.0,0.0,0.0,0.0,0.0,0.0,0.0,0.0,0.0,0.0,0.0,0.0,0.0
B,田嶋大樹,左投,3.68,6.67,0.77,46.0,7.9,10.2,16.6,3.1,12.3,0.0,0.0,3.6,0.0,0.0,0.2,0.0,0.0,0.0,0.0,0.0,0.0,0.0,0.0
B,比嘉幹貴,右投,0.0,7.36,0.0,49.3,9.0,28.4,0.0,0.0,0.0,1.5,10.4,0.0,1.5,0.0,0.0,0.0,0.0,0.0,0.0,0.0,0.0,0.0,0.0
B,マチャド,右投,2.02,9.79,0.17,41.0,0.0,14.0,0.0,0.0,16.3,0.0,0.0,28.7,0.0,0.0,0.0,0.0,0.0,0.0,0.0,0.0,0.0,0.0,0.0
B,前佑囲斗,右投,7.2,9.0,1.8,60.7,8.4,29.9,0.0,0.9,0.0,0.0,0.0,0.0,0.0,0.0,0.0,0.0,0.0,0.0,0.0,0.0,0.0,0.0,0.0
B,本田仁海,右投,2.86,8.59,0.41,55.4,33.6,9.9,0.0,0.8,0.0,0.0,0.0,0.3,0.0,0.0,0.0,0.0,0.0,0.0,0.0,0.0,0.0,0.0,0.0
B,カスティーヨ,右投,2.96,7.06,0.48,43.1,0.0,21.0,0.0,0.0,1.5,0.0,0.0,31.8,0.0,2.6,0.0,0.0,0.0,0.0,0.0,0.0,0.0,0.0,0.0
B,小木田敦也,右投,1.38,7.62,0.0,46.2,0.0,27.2,16.2,0.0,0.0,0.0,0.0,0.6,0.0,9.8,0.0,0.0,0.0,0.0,0.0,0.0,0.0,0.0,0.0
B,山田修義,左投,2.08,9.14,0.21,59.6,4.1,17.8,16.0,0.0,0.0,2.3,0.0,0.1,0.0,0.0,0.0,0.0,0.0,0.0,0.0,0.0,0.0,0.0,0.0
B,井口和朋,右投,4.18,6.96,0.0,40.5,11.5,16.5,22.9,3.1,0.0,5.5,0.0,0.0,0.0,0.0,0.0,0.0,0.0,0.0,0.0,0.0,0.0,0.0,0.0
B,ペルドモ,右投,0.64,6.11,0.32,0.3,0.0,33.8,0.0,0.0,50.3,0.0,0.0,15.7,0.0,0.0,0.0,0.0,0.0,0.0,0.0,0.0,0.0,0.0,0.0
B,鈴木博志,右投,2.97,7.32,0.92,19.9,0.0,0.5,39.6,0.5,39.1,0.0,0.0,0.0,0.0,0.5,0.0,0.0,0.0,0.0,0.0,0.0,0.0,0.0,0.0
B,佐藤一磨,左投,5.4,3.86,0.77,52.0,17.2,26.5,0.0,4.4,0.0,0.0,0.0,0.0,0.0,0.0,0.0,0.0,0.0,0.0,0.0,0.0,0.0,0.0,0.0
B,川瀬堅斗,右投,3.48,2.61,0.0,47.1,0.0,7.3,0.0,27.2,1.0,0.0,0.0,17.3,0.0,0.0,0.0,0.0,0.0,0.0,0.0,0.0,0.0,0.0,0.0
B,才木海翔,右投,5.09,5.87,0.78,58.6,34.1,0.3,0.0,4.4,0.0,0.0,0.0,2.7,0.0,0.0,0.0,0.0,0.0,0.0,0.0,0.0,0.0,0.0,0.0
B,髙島泰都,右投,4.02,4.82,0.48,42.0,0.0,1.4,23.3,3.8,3.9,0.0,0.0,25.7,0.0,0.0,0.0,0.0,0.0,0.0,0.0,0.0,0.0,0.0,0.0
B,古田島成龍,右投,0.79,8.47,0.39,54.0,0.0,1.3,16.6,3.8,0.0,0.0,0.0,0.4,23.9,0.0,0.0,0.0,0.0,0.0,0.0,0.0,0.0,0.0,0.0
M,澤村拓一,右投,3.34,6.69,0.77,59.4,0.0,3.9,0.0,0.0,0.0,0.0,0.0,0.0,0.0,36.7,0.0,0.0,0.0,0.0,0.0,0.0,0.0,0.0,0.0
M,石川歩,右投,3.7,4.07,0.74,32.2,0.0,0.0,14.1,14.6,10.4,0.0,0.0,0.0,28.7,0.0,0.0,0.0,0.0,0.0,0.0,0.0,0.0,0.0,0.0
M,小島和哉,左投,3.58,7.27,0.83,46.9,12.1,24.2,6.1,0.2,0.0,0.0,0.0,10.6,0.0,0.0,0.0,0.0,0.0,0.0,0.0,0.0,0.0,0.0,0.0
M,美馬学,右投,7.42,5.4,1.35,29.5,15.6,18.9,17.6,6.6,0.0,8.6,0.0,3.3,0.0,0.0,0.0,0.0,0.0,0.0,0.0,0.0,0.0,0.0,0.0
M,種市篤暉,右投,3.05,9.04,0.31,53.7,27.7,17.0,0.0,0.0,0.0,0.0,0.0,0.0,0.0,0.0,1.6,0.0,0.0,0.0,0.0,0.0,0.0,0.0,0.0
M,佐々木朗希,右投,2.35,10.46,0.16,46.2,27.4,26.4,0.0,0.0,0.0,0.0,0.0,0.0,0.0,0.0,0.0,0.0,0.0,0.0,0.0,0.0,0.0,0.0,0.0
M,唐川侑己,右投,2.37,7.34,1.18,0.2,0.5,5.6,67.0,12.3,0.0,0.0,0.0,14.4,0.0,0.0,0.0,0.0,0.0,0.0,0.0,0.0,0.0,0.0,0.0
M,東妻勇輔,右投,11.05,8.59,2.45,3.3,11.6,44.6,0.0,0.0,40.5,0.0,0.0,0.0,0.0,0.0,0.0,0.0,0.0,0.0,0.0,0.0,0.0,0.0,0.0
M,菊地吏玖,右投,2.25,10.13,1.13,58.3,28.1,6.1,0.0,7.5,0.0,0.0,0.0,0.0,0.0,0.0,0.0,0.0,0.0,0.0,0.0,0.0,0.0,0.0,0.0
M,西野勇士,右投,3.24,5.66,0.59,29.9,21.4,26.4,0.0,3.9,18.1,0.0,0.3,0.0,0.0,0.0,0.0,0.0,0.0,0.0,0.0,0.0,0.0,0.0,0.0
M,廣畑敦也,右投,3.18,7.15,0.0,51.6,0.0,3.2,19.7,13.4,0.0,5.1,0.0,0.0,0.0,7.0,0.0,0.0,0.0,0.0,0.0,0.0,0.0,0.0,0.0
M,大谷輝龍,右投,0.0,27.0,0.0,73.3,26.7,0.0,0.0,0.0,0.0,0.0,0.0,0.0,0.0,0.0,0.0,0.0,0.0,0.0,0.0,0.0,0.0,0.0,0.0
M,八木彬,右投,4.09,7.36,0.82,19.3,26.5,5.4,0.0,0.0,0.0,48.8,0.0,0.0,0.0,0.0,0.0,0.0,0.0,0.0,0.0,0.0,0.0,0.0,0.0
M,高野脩汰,左投,3.68,9.82,0.61,43.4,45.3,9.8,0.0,0.0,0.0,0.0,0.0,1.6,0.0,0.0,0.0,0.0,0.0,0.0,0.0,0.0,0.0,0.0,0.0
M,田中晴也,右投,1.8,7.65,0.9,61.1,14.5,24.4,0.0,0.0,0.0,0.0,0.0,0.0,0.0,0.0,0.0,0.0,0.0,0.0,0.0,0.0,0.0,0.0,0.0
M,坂本光士郎,左投,5.73,9.27,0.82,50.0,2.1,33.4,4.9,0.0,0.0,9.5,0.0,0.0,0.0,0.0,0.0,0.0,0.0,0.0,0.0,0.0,0.0,0.0,0.0
M,小野郁,右投,3.0,3.0,0.0,56.6,1.9,35.8,0.0,1.9,0.0,0.0,0.0,3.8,0.0,0.0,0.0,0.0,0.0,0.0,0.0,0.0,0.0,0.0,0.0
M,西村天裕,右投,6.62,7.64,0.51,43.1,0.0,0.0,0.3,0.0,0.0,0.0,0.0,0.0,0.0,38.4,0.0,0.0,18.2,0.0,0.0,0.0,0.0,0.0,0.0
M,カイケル,左投,3.6,6.53,0.68,1.1,0.0,10.1,13.0,0.0,56.2,0.0,0.0,19.6,0.0,0.0,0.0,0.0,0.0,0.0,0.0,0.0,0.0,0.0,0.0
M,メルセデス,左投,2.71,6.48,0.85,58.5,0.0,19.0,0.0,13.3,1.7,0.0,0.0,7.6,0.0,0.0,0.0,0.0,0.0,0.0,0.0,0.0,0.0,0.0,0.0
M,岩下大輝,右投,2.91,5.4,0.83,60.3,24.5,15.2,0.0,0.0,0.0,0.0,0.0,0.0,0.0,0.0,0.0,0.0,0.0,0.0,0.0,0.0,0.0,0.0,0.0
M,鈴木昭汰,左投,0.73,7.66,0.36,57.1,0.0,30.8,0.0,0.1,10.8,0.0,0.0,0.0,0.0,1.2,0.0,0.0,0.0,0.0,0.0,0.0,0.0,0.0,0.0
M,中村稔弥,左投,3.71,4.5,0.26,49.1,0.0,1.3,0.0,1.8,40.0,0.0,0.0,0.0,0.0,0.0,0.0,0.0,0.0,0.0,0.0,0.0,7.9,0.0,0.0
M,益田直也,右投,2.59,7.56,0.43,63.5,0.0,15.7,0.0,0.0,0.0,0.0,0.0,0.0,20.8,0.0,0.0,0.0,0.0,0.0,0.0,0.0,0.0,0.0,0.0
M,中森俊介,右投,2.63,4.88,0.0,55.6,8.2,11.0,8.2,7.7,0.0,0.0,0.0,9.2,0.0,0.0,0.0,0.0,0.0,0.0,0.0,0.0,0.0,0.0,0.0
M,横山陸人,右投,1.71,7.93,0.21,65.5,0.0,16.1,8.6,0.0,0.0,0.0,0.0,0.0,9.8,0.0,0.0,0.0,0.0,0.0,0.0,0.0,0.0,0.0,0.0
M,澤田圭佑,右投,3.6,3.6,0.0,74.5,2.8,5.7,3.1,0.0,0.0,0.0,0.0,10.5,0.0,0.0,3.4,0.0,0.0,0.0,0.0,0.0,0.0,0.0,0.0
M,コルデロ,右投,7.2,1.8,1.8,40.3,0.0,12.5,0.0,0.0,31.9,0.0,0.0,15.3,0.0,0.0,0.0,0.0,0.0,0.0,0.0,0.0,0.0,0.0,0.0
M,二保旭,右投,12.19,3.48,0.87,26.3,22.5,8.0,20.7,1.9,19.7,0.0,0.0,0.9,0.0,0.0,0.0,0.0,0.0,0.0,0.0,0.0,0.0,0.0,0.0
M,国吉佑樹,右投,1.51,4.54,0.43,46.5,17.4,0.0,34.9,1.2,0.0,0.0,0.0,0.0,0.0,0.0,0.0,0.0,0.0,0.0,0.0,0.0,0.0,0.0,0.0
M,吉田凌,右投,6.17,8.49,2.31,27.6,2.2,55.2,0.0,0.4,0.0,14.7,0.0,0.0,0.0,0.0,0.0,0.0,0.0,0.0,0.0,0.0,0.0,0.0,0.0
H,スチュワート・ジュニア,右投,1.95,7.88,0.45,46.4,0.0,0.0,15.9,13.8,0.0,0.0,0.0,0.0,0.0,23.9,0.0,0.0,0.0,0.0,0.0,0.0,0.0,0.0,0.0
H,津森宥紀,右投,2.13,8.08,0.21,66.1,9.6,23.6,0.0,0.0,0.5,0.0,0.0,0.0,0.1,0.0,0.0,0.0,0.0,0.0,0.0,0.0,0.0,0.0,0.0
H,又吉克樹,右投,3.54,5.31,0.44,28.5,0.0,21.9,35.2,0.0,0.0,10.0,0.0,4.4,0.0,0.0,0.0,0.0,0.0,0.0,0.0,0.0,0.0,0.0,0.0
H,東浜巨,右投,3.38,6.27,1.13,37.4,0.0,20.1,8.2,8.4,0.0,0.0,0.0,1.8,24.2,0.0,0.0,0.0,0.0,0.0,0.0,0.0,0.0,0.0,0.0
H,有原航平,右投,2.36,6.75,0.59,20.2,16.5,5.8,21.8,7.6,10.4,0.0,0.0,17.7,0.0,0.0,0.0,0.0,0.0,0.0,0.0,0.0,0.0,0.0,0.0
H,中村亮太,右投,18.0,9.0,18.0,42.1,0.0,0.0,26.3,15.8,0.0,0.0,0.0,0.0,15.8,0.0,0.0,0.0,0.0,0.0,0.0,0.0,0.0,0.0,0.0
H,和田毅,左投,3.76,6.15,0.68,42.1,0.0,29.0,4.7,6.3,5.6,0.0,0.0,12.4,0.0,0.0,0.0,0.0,0.0,0.0,0.0,0.0,0.0,0.0,0.0
H,大津亮介,右投,2.87,7.32,0.83,29.8,2.0,13.6,13.2,4.9,0.0,0.0,0.0,22.0,0.0,0.0,0.0,0.0,0.0,0.0,0.0,14.6,0.0,0.0,0.0
H,岩井俊介,右投,3.46,6.92,1.38,56.5,11.8,28.0,0.0,0.0,0.0,0.0,0.0,0.0,0.0,0.0,0.0,3.8,0.0,0.0,0.0,0.0,0.0,0.0,0.0
H,石川柊太,右投,2.56,7.39,0.57,53.6,11.6,0.2,14.2,0.0,0.0,0.0,0.0,0.0,0.0,0.0,0.0,0.0,0.0,0.0,0.0,0.0,20.3,0.0,0.0
H,村田賢一,右投,18.0,0.0,9.0,72.2,0.0,5.6,11.1,0.0,0.0,0.0,0.0,0.0,5.6,0.0,5.6,0.0,0.0,0.0,0.0,0.0,0.0,0.0,0.0
H,モイネロ,左投,1.88,8.56,0.61,46.2,0.0,20.4,0.0,14.5,0.0,0.0,0.0,18.9,0.0,0.0,0.0,0.0,0.0,0.0,0.0,0.0,0.0,0.0,0.0
H,澤柳亮太郎,右投,3.38,7.59,0.0,60.0,12.6,0.0,22.9,4.6,0.0,0.0,0.0,0.0,0.0,0.0,0.0,0.0,0.0,0.0,0.0,0.0,0.0,0.0,0.0
H,尾形崇斗,右投,2.31,11.57,0.0,63.9,4.9,24.0,1.6,4.4,0.0,0.0,0.0,1.1,0.0,0.0,0.0,0.0,0.0,0.0,0.0,0.0,0.0,0.0,0.0
H,杉山一樹,右投,1.61,10.91,0.36,59.8,33.4,0.0,0.0,6.7,0.0,0.0,0.0,0.0,0.0,0.0,0.0,0.0,0.0,0.0,0.0,0.0,0.0,0.0,0.0
H,前田悠伍,左投,18.0,0.0,3.0,58.9,0.0,21.4,0.0,5.4,3.6,0.0,0.0,10.7,0.0,0.0,0.0,0.0,0.0,0.0,0.0,0.0,0.0,0.0,0.0
H,三浦瑞樹,左投,0.0,7.2,0.0,58.8,0.0,23.7,0.0,0.0,0.0,6.2,0.0,11.3,0.0,0.0,0.0,0.0,0.0,0.0,0.0,0.0,0.0,0.0,0.0
H,大関友久,左投,2.5,5.66,0.74,37.2,26.5,22.7,0.0,8.2,4.8,0.0,0.0,0.5,0.0,0.0,0.0,0.0,0.0,0.0,0.0,0.0,0.0,0.0,0.0
H,藤井皓哉,右投,1.8,10.13,0.45,61.7,26.6,7.9,0.0,3.8,0.0,0.0,0.0,0.0,0.0,0.0,0.0,0.0,0.0,0.0,0.0,0.0,0.0,0.0,0.0
H,松本晴,左投,2.81,9.56,0.56,55.3,0.0,13.0,7.6,13.4,0.0,0.4,0.0,10.3,0.0,0.0,0.0,0.0,0.0,0.0,0.0,0.0,0.0,0.0,0.0
H,前田純,左投,0.0,7.5,0.0,55.6,0.0,0.0,0.0,25.9,0.0,0.0,0.0,18.5,0.0,0.0,0.0,0.0,0.0,0.0,0.0,0.0,0.0,0.0,0.0
H,大山凌,右投,3.25,7.48,0.65,46.2,0.0,13.4,11.2,7.2,0.0,0.0,0.0,5.5,0.0,16.5,0.0,0.0,0.0,0.0,0.0,0.0,0.0,0.0,0.0
H,オスナ,右投,3.76,5.4,0.7,42.3,0.0,12.1,19.2,0.0,8.8,0.0,0.0,17.6,0.0,0.0,0.0,0.0,0.0,0.0,0.0,0.0,0.0,0.0,0.0
H,田浦文丸,左投,2.45,2.45,0.0,32.3,0.0,41.5,0.0,0.0,13.8,0.0,0.0,12.3,0.0,0.0,0.0,0.0,0.0,0.0,0.0,0.0,0.0,0.0,0.0
H,長谷川威展,左投,2.49,7.46,0.36,41.7,5.3,43.4,0.0,0.0,9.6,0.0,0.0,0.0,0.0,0.0,0.0,0.0,0.0,0.0,0.0,0.0,0.0,0.0,0.0
H,ヘルナンデス,左投,2.25,13.5,0.38,84.8,0.0,12.7,0.0,2.1,0.0,0.0,0.0,0.4,0.0,0.0,0.0,0.0,0.0,0.0,0.0,0.0,0.0,0.0,0.0
H,松本裕樹,右投,2.89,9.06,0.58,58.5,16.5,12.2,6.2,6.6,0.0,0.0,0.0,0.0,0.0,0.0,0.0,0.0,0.0,0.0,0.0,0.0,0.0,0.0,0.0
H,木村光,右投,1.5,12.0,0.0,49.0,0.0,26.5,0.0,0.0,0.0,1.0,0.0,0.0,0.0,23.5,0.0,0.0,0.0,0.0,0.0,0.0,0.0,0.0,0.0
E,岸孝之,右投,2.83,4.58,0.82,51.7,0.0,16.9,0.0,12.8,0.4,0.0,0.0,18.2,0.0,0.0,0.0,0.0,0.0,0.0,0.0,0.0,0.0,0.0,0.0
E,ポンセ,右投,6.72,7.52,0.81,51.9,0.0,3.9,15.7,11.3,3.9,0.0,0.0,7.9,0.0,5.3,0.0,0.0,0.0,0.0,0.0,0.0,0.0,0.0,0.0
E,則本昂大,右投,3.46,7.62,0.35,47.8,27.8,15.0,1.5,6.1,0.0,0.0,0.0,1.7,0.0,0.0,0.0,0.0,0.0,0.0,0.0,0.0,0.0,0.0,0.0
E,古謝樹,左投,4.32,6.26,1.08,46.6,0.0,28.2,2.4,1.7,16.9,0.0,0.0,4.3,0.0,0.0,0.0,0.0,0.0,0.0,0.0,0.0,0.0,0.0,0.0
E,田中将大,右投,7.2,1.8,1.8,32.3,0.0,29.0,0.0,3.2,20.4,0.0,0.0,7.5,0.0,7.5,0.0,0.0,0.0,0.0,0.0,0.0,0.0,0.0,0.0
E,荘司康誠,右投,6.98,7.89,1.21,42.0,0.0,0.2,20.0,11.7,0.0,0.0,0.0,0.0,0.0,26.1,0.0,0.0,0.0,0.0,0.0,0.0,0.0,0.0,0.0
E,ターリー,左投,2.93,7.63,1.17,71.1,0.0,13.9,0.0,0.0,0.0,0.0,0.0,6.4,0.0,0.0,8.6,0.0,0.0,0.0,0.0,0.0,0.0,0.0,0.0
E,早川隆久,左投,2.54,8.45,0.53,42.1,7.7,9.4,16.0,11.5,0.0,0.0,0.0,13.2,0.0,0.0,0.0,0.0,0.0,0.0,0.0,0.0,0.0,0.0,0.0
E,小孫竜二,右投,0.0,0.0,0.0,60.0,0.0,6.7,26.7,6.7,0.0,0.0,0.0,0.0,0.0,0.0,0.0,0.0,0.0,0.0,0.0,0.0,0.0,0.0,0.0
E,酒居知史,右投,2.33,5.63,0.0,44.7,38.6,8.1,4.0,3.6,0.0,0.9,0.0,0.0,0.0,0.0,0.0,0.0,0.0,0.0,0.0,0.0,0.0,0.0,0.0
E,高田孝一,右投,6.97,3.48,1.74,48.3,0.0,0.6,26.7,4.7,0.0,0.0,0.0,1.2,0.0,18.6,0.0,0.0,0.0,0.0,0.0,0.0,0.0,0.0,0.0
E,渡辺翔太,右投,3.04,7.8,0.38,37.3,0.0,8.8,29.9,0.1,0.0,0.0,0.0,0.0,0.0,4.0,0.0,0.0,0.0,19.8,0.0,0.0,0.0,0.0,0.0
E,弓削隼人,左投,5.94,7.56,0.27,38.4,6.1,5.1,37.7,7.4,0.0,5.2,0.0,0.0,0.0,0.0,0.0,0.0,0.0,0.0,0.0,0.0,0.0,0.0,0.0
E,櫻井周斗,左投,8.44,7.59,0.0,46.7,7.7,4.6,26.2,0.0,12.3,0.0,0.0,0.0,0.0,0.0,2.6,0.0,0.0,0.0,0.0,0.0,0.0,0.0,0.0
E,伊藤茉央,右投,7.94,9.53,0.0,55.6,0.0,23.1,0.0,0.0,0.0,0.0,0.0,0.0,21.3,0.0,0.0,0.0,0.0,0.0,0.0,0.0,0.0,0.0,0.0
E,宋家豪,右投,3.18,4.99,0.68,36.9,0.0,13.0,0.0,2.3,21.6,0.0,0.0,26.2,0.0,0.0,0.0,0.0,0.0,0.0,0.0,0.0,0.0,0.0,0.0
E,松井友飛,右投,6.75,3.97,0.4,41.3,1.3,0.0,28.3,16.6,0.0,2.2,0.0,10.3,0.0,0.0,0.0,0.0,0.0,0.0,0.0,0.0,0.0,0.0,0.0
E,藤平尚真,右投,1.75,11.27,0.78,62.1,31.9,0.9,0.0,5.1,0.0,0.0,0.0,0.0,0.0,0.0,0.0,0.0,0.0,0.0,0.0,0.0,0.0,0.0,0.0
E,藤井聖,左投,2.93,5.29,0.57,40.1,0.0,28.4,0.0,4.8,15.3,3.9,0.0,7.4,0.0,0.0,0.0,0.0,0.0,0.0,0.0,0.0,0.0,0.0,0.0
E,西垣雅矢,右投,7.5,6.5,1.0,51.7,33.1,14.6,0.0,0.6,0.0,0.0,0.0,0.0,0.0,0.0,0.0,0.0,0.0,0.0,0.0,0.0,0.0,0.0,0.0
E,津留﨑大成,右投,6.85,5.32,0.0,33.9,4.3,2.9,25.5,13.3,0.0,19.2,0.0,0.9,0.0,0.0,0.0,0.0,0.0,0.0,0.0,0.0,0.0,0.0,0.0
E,坂井陽翔,右投,0.0,0.0,0.0,73.1,15.4,0.0,11.5,0.0,0.0,0.0,0.0,0.0,0.0,0.0,0.0,0.0,0.0,0.0,0.0,0.0,0.0,0.0,0.0
E,日當直喜,右投,0.0,9.0,0.0,25.0,75.0,0.0,0.0,0.0,0.0,0.0,0.0,0.0,0.0,0.0,0.0,0.0,0.0,0.0,0.0,0.0,0.0,0.0,0.0
E,鈴木翔天,左投,1.66,8.88,0.0,64.1,0.0,23.7,0.0,1.7,10.5,0.0,0.0,0.0,0.0,0.0,0.0,0.0,0.0,0.0,0.0,0.0,0.0,0.0,0.0
E,瀧中瞭太,右投,4.16,3.28,0.76,37.5,7.7,19.0,5.5,11.9,0.0,10.7,0.0,1.8,4.9,0.0,1.1,0.0,0.0,0.0,0.0,0.0,0.0,0.0,0.0
E,松田啄磨,右投,3.6,4.8,1.2,44.5,0.0,0.0,20.8,19.1,9.3,0.0,0.0,0.0,0.0,6.4,0.0,0.0,0.0,0.0,0.0,0.0,0.0,0.0,0.0
E,内星龍,右投,3.58,3.66,0.65,52.9,0.0,12.0,0.0,7.6,0.0,0.0,0.0,0.0,0.0,27.5,0.0,0.0,0.0,0.0,0.0,0.0,0.0,0.0,0.0
E,吉川雄大,右投,5.4,7.65,0.9,30.7,0.0,0.0,30.2,8.3,0.9,5.5,0.0,21.0,0.0,0.0,3.4,0.0,0.0,0.0,0.0,0.0,0.0,0.0,0.0
E,宮森智志,右投,1.0,5.0,0.0,57.6,20.5,12.9,0.0,9.1,0.0,0.0,0.0,0.0,0.0,0.0,0.0,0.0,0.0,0.0,0.0,0.0,0.0,0.0,0.0
E,清宮虎多朗,右投,12.0,3.0,0.0,89.1,1.8,9.1,0.0,0.0,0.0,0.0,0.0,0.0,0.0,0.0,0.0,0.0,0.0,0.0,0.0,0.0,0.0,0.0,0.0
L,ヤン,左投,5.58,10.27,0.88,55.0,0.0,40.5,0.0,0.0,0.8,0.0,0.0,3.7,0.0,0.0,0.0,0.0,0.0,0.0,0.0,0.0,0.0,0.0,0.0
L,上田大河,右投,2.7,4.24,0.77,42.3,0.0,10.2,17.3,13.6,0.0,0.0,0.0,3.1,0.0,13.4,0.0,0.0,0.0,0.0,0.0,0.0,0.0,0.0,0.0
L,渡邉勇太朗,右投,2.67,5.13,0.51,45.4,0.0,11.3,19.7,11.0,0.0,0.0,0.0,0.0,0.0,12.5,0.0,0.0,0.0,0.0,0.0,0.0,0.0,0.0,0.0
L,髙橋光成,右投,3.87,6.75,0.55,39.4,24.5,2.0,13.5,0.1,0.0,1.2,0.0,0.0,0.0,0.0,1.3,0.0,17.9,0.0,0.0,0.0,0.0,0.0,0.0
L,増田達至,右投,4.09,4.09,0.82,54.3,8.1,26.6,0.0,11.0,0.0,0.0,0.0,0.0,0.0,0.0,0.0,0.0,0.0,0.0,0.0,0.0,0.0,0.0,0.0
L,與座海人,右投,4.81,4.81,1.48,46.5,0.0,21.3,0.0,14.0,16.5,0.0,0.0,1.8,0.0,0.0,0.0,0.0,0.0,0.0,0.0,0.0,0.0,0.0,0.0
L,隅田知一郎,左投,2.76,7.73,0.55,39.3,0.0,2.1,0.8,20.4,0.0,0.0,0.0,20.0,0.0,17.5,0.0,0.0,0.0,0.0,0.0,0.0,0.0,0.0,0.0
L,松本航,右投,3.93,5.56,1.49,55.1,9.6,6.7,17.5,10.6,0.6,0.0,0.0,0.0,0.0,0.0,0.0,0.0,0.0,0.0,0.0,0.0,0.0,0.0,0.0
L,佐藤隼輔,左投,1.69,7.47,0.24,61.3,0.0,13.6,0.0,0.2,3.1,0.0,0.0,15.6,0.0,0.0,0.0,0.0,0.0,6.2,0.0,0.0,0.0,0.0,0.0
L,田村伊知郎,右投,1.82,7.28,0.3,47.9,43.2,0.0,5.1,0.0,0.0,0.0,0.0,0.0,0.0,0.0,3.7,0.0,0.0,0.0,0.0,0.0,0.0,0.0,0.0
L,武内夏暉,左投,2.17,6.63,0.37,46.1,0.0,9.1,0.0,13.4,20.6,0.0,0.0,10.9,0.0,0.0,0.0,0.0,0.0,0.0,0.0,0.0,0.0,0.0,0.0
L,糸川亮太,右投,9.82,2.45,0.0,41.9,0.0,3.5,0.0,5.8,0.0,0.0,0.0,0.0,48.8,0.0,0.0,0.0,0.0,0.0,0.0,0.0,0.0,0.0,0.0
L,平井克典,右投,4.66,5.59,0.93,35.3,12.1,46.8,0.6,0.0,0.0,4.6,0.0,0.0,0.0,0.0,0.6,0.0,0.0,0.0,0.0,0.0,0.0,0.0,0.0
L,青山美夏人,右投,2.78,3.62,0.84,50.1,0.0,0.0,13.4,10.9,1.5,0.0,0.0,0.0,0.0,24.0,0.0,0.0,0.0,0.0,0.0,0.0,0.0,0.0,0.0
L,甲斐野央,右投,2.95,7.36,0.98,33.2,32.0,8.9,0.0,0.3,25.5,0.0,0.0,0.0,0.0,0.0,0.0,0.0,0.0,0.0,0.0,0.0,0.0,0.0,0.0
L,浜屋将太,左投,11.57,3.86,0.0,36.8,8.8,10.5,3.5,14.0,15.8,0.0,0.0,10.5,0.0,0.0,0.0,0.0,0.0,0.0,0.0,0.0,0.0,0.0,0.0
L,ボー・タカハシ,右投,3.22,5.94,0.5,45.5,0.0,22.0,0.0,12.8,0.0,0.0,0.0,6.6,0.0,13.1,0.0,0.0,0.0,0.0,0.0,0.0,0.0,0.0,0.0
L,羽田慎之介,左投,2.76,6.06,0.0,62.0,0.0,19.5,5.5,0.0,0.0,0.0,0.0,0.0,0.0,13.0,0.0,0.0,0.0,0.0,0.0,0.0,0.0,0.0,0.0
L,本田圭佑,右投,4.11,5.28,0.88,48.3,0.0,9.9,0.0,11.4,0.0,0.0,0.0,15.5,14.9,0.0,0.0,0.0,0.0,0.0,0.0,0.0,0.0,0.0,0.0
L,杉山遙希,左投,0.0,6.0,0.0,44.8,0.0,32.8,0.0,8.6,6.9,0.0,0.0,6.9,0.0,0.0,0.0,0.0,0.0,0.0,0.0,0.0,0.0,0.0,0.0
L,今井達也,右投,2.34,9.71,0.42,46.2,2.8,39.4,0.1,2.3,0.0,0.0,0.0,9.2,0.0,0.0,0.0,0.0,0.0,0.0,0.0,0.0,0.0,0.0,0.0
L,アブレイユ,右投,2.39,6.06,0.18,41.3,0.0,24.1,0.0,0.1,30.2,0.0,0.0,4.2,0.0,0.0,0.0,0.0,0.0,0.0,0.0,0.0,0.0,0.0,0.0
L,中村祐太,右投,3.09,4.78,0.56,45.9,0.0,20.0,21.4,2.7,0.0,0.0,0.0,10.0,0.0,0.0,0.0,0.0,0.0,0.0,0.0,0.0,0.0,0.0,0.0
L,平良海馬,右投,1.66,7.95,0.18,42.1,0.0,23.1,10.3,3.0,5.5,0.0,0.0,0.0,0.0,13.6,0.0,0.0,0.0,0.0,0.0,0.0,0.0,0.0,2.5
L,水上由伸,右投,5.28,4.03,0.31,21.0,1.8,42.3,0.0,0.0,0.0,34.9,0.0,0.0,0.0,0.0,0.0,0.0,0.0,0.0,0.0,0.0,0.0,0.0,0.0
L,豆田泰志,右投,6.32,6.89,0.57,71.1,6.6,8.1,0.0,14.2,0.0,0.0,0.0,0.0,0.0,0.0,0.0,0.0,0.0,0.0,0.0,0.0,0.0,0.0,0.0
L,菅井信也,左投,5.25,8.25,1.5,62.1,0.0,19.1,0.9,5.3,0.0,0.0,0.0,12.6,0.0,0.0,0.0,0.0,0.0,0.0,0.0,0.0,0.0,0.0,0.0
F,生田目翼,右投,3.89,7.34,0.22,34.4,17.5,1.1,25.8,0.0,21.2,0.0,0.0,0.0,0.0,0.0,0.0,0.0,0.0,0.0,0.0,0.0,0.0,0.0,0.0
F,加藤貴之,左投,2.7,5.56,0.81,24.8,20.0,10.3,27.5,0.8,0.0,8.3,3.3,4.8,0.0,0.0,0.0,0.0,0.0,0.0,0.0,0.0,0.0,0.0,0.0
F,達孝太,右投,0.0,7.2,0.0,51.3,21.1,14.5,6.6,5.3,0.0,0.0,0.0,1.3,0.0,0.0,0.0,0.0,0.0,0.0,0.0,0.0,0.0,0.0,0.0
F,伊藤大海,右投,2.65,8.22,0.71,33.8,1.7,22.1,13.0,4.4,8.0,0.0,0.0,1.7,0.0,15.3,0.0,0.0,0.0,0.0,0.0,0.0,0.0,0.0,0.0
F,山﨑福也,左投,3.17,4.51,1.04,26.5,11.2,12.6,19.2,1.6,0.0,6.2,0.0,22.7,0.0,0.0,0.0,0.0,0.0,0.0,0.0,0.0,0.0,0.0,0.0
F,上原健太,左投,9.24,4.62,0.71,39.9,17.6,6.2,21.6,0.0,0.0,0.0,0.0,14.7,0.0,0.0,0.0,0.0,0.0,0.0,0.0,0.0,0.0,0.0,0.0
F,杉浦稔大,右投,1.56,5.97,0.26,63.7,16.5,1.6,17.4,0.2,0.0,0.0,0.0,0.5,0.0,0.0,0.0,0.0,0.0,0.0,0.0,0.0,0.0,0.0,0.0
F,金村尚真,右投,2.38,6.49,0.73,37.8,0.0,10.5,15.8,3.3,4.3,0.0,0.0,2.6,0.0,22.2,0.0,0.0,0.0,0.0,0.0,0.0,3.6,0.0,0.0
F,宮西尚生,左投,2.1,8.42,0.7,40.9,0.0,28.2,0.0,0.0,0.0,0.0,0.0,30.9,0.0,0.0,0.0,0.0,0.0,0.0,0.0,0.0,0.0,0.0,0.0
F,田中正義,右投,2.17,8.52,0.72,77.5,13.9,8.1,0.0,0.3,0.0,0.1,0.0,0.0,0.0,0.0,0.0,0.0,0.0,0.0,0.0,0.0,0.0,0.0,0.0
F,河野竜生,左投,2.13,7.02,1.06,40.1,0.0,2.0,47.5,2.3,0.0,0.0,0.0,8.2,0.0,0.0,0.0,0.0,0.0,0.0,0.0,0.0,0.0,0.0,0.0
F,細野晴希,左投,3.86,8.68,0.96,53.8,0.0,19.9,12.3,0.0,8.8,0.0,0.0,0.0,0.0,5.3,0.0,0.0,0.0,0.0,0.0,0.0,0.0,0.0,0.0
F,マーフィー,右投,3.26,6.98,0.47,39.4,0.0,0.0,16.6,0.0,19.6,0.0,0.0,1.9,0.0,2.0,0.0,0.0,0.0,0.0,0.0,0.0,20.5,0.0,0.0
F,黒木優太,右投,4.5,4.5,0.0,38.9,30.6,0.0,5.6,0.0,0.0,0.0,0.0,0.0,0.0,0.0,25.0,0.0,0.0,0.0,0.0,0.0,0.0,0.0,0.0
F,堀瑞輝,左投,8.64,15.12,2.16,56.3,7.1,36.6,0.0,0.0,0.0,0.0,0.0,0.0,0.0,0.0,0.0,0.0,0.0,0.0,0.0,0.0,0.0,0.0,0.0
F,福田俊,左投,0.0,4.5,0.0,46.9,9.4,43.8,0.0,0.0,0.0,0.0,0.0,0.0,0.0,0.0,0.0,0.0,0.0,0.0,0.0,0.0,0.0,0.0,0.0
F,ロドリゲス,右投,2.08,3.12,0.0,0.0,0.0,26.5,0.0,0.0,61.4,0.0,0.0,9.8,0.0,0.0,2.3,0.0,0.0,0.0,0.0,0.0,0.0,0.0,0.0
F,ザバラ,右投,1.2,9.0,0.6,68.5,0.0,21.3,0.0,0.0,0.0,0.0,0.0,0.0,0.0,10.2,0.0,0.0,0.0,0.0,0.0,0.0,0.0,0.0,0.0
F,バーヘイゲン,右投,3.12,7.53,0.92,11.4,0.0,38.1,3.3,1.5,31.8,0.0,0.0,13.9,0.0,0.0,0.0,0.0,0.0,0.0,0.0,0.0,0.0,0.0,0.0
F,畔柳亨丞,右投,4.5,1.5,1.5,48.5,14.4,8.2,0.0,27.8,0.0,0.0,0.0,1.0,0.0,0.0,0.0,0.0,0.0,0.0,0.0,0.0,0.0,0.0,0.0
F,鈴木健矢,右投,2.74,2.35,1.17,26.0,0.0,48.1,0.0,8.6,0.0,0.0,0.0,4.1,13.3,0.0,0.0,0.0,0.0,0.0,0.0,0.0,0.0,0.0,0.0
F,齋藤友貴哉,右投,1.71,8.54,0.68,61.3,0.0,14.6,0.0,0.4,0.0,0.0,0.0,0.0,0.0,23.6,0.0,0.0,0.0,0.0,0.0,0.0,0.0,0.0,0.0
F,池田隆英,右投,3.8,8.37,1.52,44.7,15.6,13.5,23.3,0.0,2.9,0.0,0.0,0.0,0.0,0.0,0.0,0.0,0.0,0.0,0.0,0.0,0.0,0.0,0.0
F,松浦慶斗,左投,2.25,11.25,0.0,76.2,10.5,1.9,11.4,0.0,0.0,0.0,0.0,0.0,0.0,0.0,0.0,0.0,0.0,0.0,0.0,0.0,0.0,0.0,0.0
F,北山亘基,右投,2.31,9.59,0.55,53.5,15.5,1.1,9.8,0.0,0.0,0.1,0.0,5.2,0.0,0.0,14.8,0.0,0.0,0.0,0.0,0.0,0.0,0.0,0.0
F,根本悠楓,左投,14.54,8.31,0.0,51.3,11.3,32.2,0.0,1.7,0.0,0.0,0.0,3.5,0.0,0.0,0.0,0.0,0.0,0.0,0.0,0.0,0.0,0.0,0.0
F,鍵谷陽平,右投,0.0,0.0,0.0,44.4,33.3,22.2,0.0,0.0,0.0,0.0,0.0,0.0,0.0,0.0,0.0,0.0,0.0,0.0,0.0,0.0,0.0,0.0,0.0
F,北浦竜次,左投,3.18,4.76,1.59,57.0,6.7,10.3,0.0,0.6,25.5,0.0,0.0,0.0,0.0,0.0,0.0,0.0,0.0,0.0,0.0,0.0,0.0,0.0,0.0
F,山本拓実,右投,1.82,6.81,0.45,51.3,0.0,9.4,17.8,6.5,0.0,3.8,0.0,0.0,11.3,0.0,0.0,0.0,0.0,0.0,0.0,0.0,0.0,0.0,0.0
F,田中瑛斗,右投,11.25,4.5,4.5,41.5,24.4,26.8,0.0,0.0,0.0,4.9,0.0,2.4,0.0,0.0,0.0,0.0,0.0,0.0,0.0,0.0,0.0,0.0,0.0
F,福島蓮,右投,3.54,5.16,0.89,64.1,17.1,12.0,0.0,2.3,4.5,0.0,0.0,0.0,0.0,0.0,0.0,0.0,0.0,0.0,0.0,0.0,0.0,0.0,0.0
F,柳川大晟,右投,4.09,8.18,0.0,67.5,20.4,0.0,12.1,0.0,0.0,0.0,0.0,0.0,0.0,0.0,0.0,0.0,0.0,0.0,0.0,0.0,0.0,0.0,0.0
