Game_ID,Team,Opponent,Order_1,Order_2,Order_3,Order_4,Order_5,Order_6,Order_7,Order_8,Order_9
cl2025032801,ヤクルト,巨人,西川,岩田,長岡,サンタナ,オスナ,赤羽,茂木,中村悠,奥川
cl2025032801,巨人,ヤクルト,若林,キャベッジ,吉川,岡本,ヘルナンデス,坂本,甲斐,門脇,戸郷
cl2025032802,中日,ＤｅＮＡ,岡林,山本,カリステ,石川昂,細川,中田,村松,木下,高橋宏
cl2025032802,ＤｅＮＡ,中日,梶原,牧,筒香,オースティン,宮崎,蝦名,山本,森敬,東
cl2025032803,阪神,広島,近本,中野,佐藤輝,森下,大山,前川,坂本,木浪,村上
cl2025032803,広島,阪神,二俣,矢野,小園,モンテロ,秋山,ファビアン,菊池,森下,会沢
cl2025032901,ヤクルト,巨人,西川,岩田,長岡,サンタナ,オスナ,赤羽,茂木,中村悠,吉村
cl2025032901,巨人,ヤクルト,若林,キャベッジ,吉川,岡本,ヘルナンデス,中山,甲斐,門脇,赤星
cl2025032902,中日,ＤｅＮＡ,岡林,村松,上林,石川昂,細川,カリステ,板山,木下,松葉
cl2025032902,ＤｅＮＡ,中日,梶原,牧,筒香,オースティン,宮崎,蝦名,山本,森敬,バウアー
cl2025032903,阪神,広島,近本,中野,佐藤輝,森下,大山,前川,坂本,木浪,富田
cl2025032903,広島,阪神,二俣,矢野,小園,モンテロ,秋山,ファビアン,菊池,石原,床田
cl2025033001,ヤクルト,巨人,赤羽,西川,サンタナ,オスナ,長岡,浜田,茂木,松本直,高橋
cl2025033001,巨人,ヤクルト,若林,キャベッジ,吉川,岡本,ヘルナンデス,坂本,甲斐,門脇,石川
cl2025033002,中日,ＤｅＮＡ,岡林,駿太,上林,石川昂,板山,カリステ,村松,木下,メヒア
cl2025033002,ＤｅＮＡ,中日,梶原,牧,佐野,筒香,宮崎,松尾,蝦名,森敬,平良
cl2025033003,阪神,広島,近本,中野,佐藤輝,森下,大山,前川,梅野,木浪,門別
cl2025033003,広島,阪神,二俣,矢野,小園,モンテロ,秋山,ファビアン,菊池,石原,森
cl2025040102,巨人,中日,オコエ,キャベッジ,吉川,岡本,ヘルナンデス,甲斐,中山,門脇,井上
cl2025040102,中日,巨人,岡林,山本,細川,石川昂,カリステ,中田,村松,木下,マラー
cl2025040103,ＤｅＮＡ,阪神,梶原,牧,三森,筒香,宮崎,佐野,山本,森敬,ジャクソン
cl2025040103,阪神,ＤｅＮＡ,近本,中野,佐藤輝,森下,大山,井上,木浪,坂本,才木
cl2025040201,広島,ヤクルト,二俣,矢野,小園,堂林,末包,菊池,ファビアン,会沢,大瀬良
cl2025040201,ヤクルト,広島,赤羽,長岡,サンタナ,オスナ,茂木,山田,宮本,古賀,山野
cl2025040202,巨人,中日,中山,キャベッジ,吉川,岡本,ヘルナンデス,甲斐,萩尾,門脇,山崎
cl2025040202,中日,巨人,岡林,上林,細川,石川昂,板山,カリステ,村松,石伊,柳
cl2025040203,ＤｅＮＡ,阪神,梶原,牧,三森,オースティン,宮崎,佐野,戸柱,森敬,大貫
cl2025040203,阪神,ＤｅＮＡ,近本,中野,佐藤輝,森下,大山,前川,木浪,梅野,ビーズリー
cl2025040301,広島,ヤクルト,二俣,矢野,小園,堂林,末包,ファビアン,菊池,石原,玉村
cl2025040301,ヤクルト,広島,赤羽,長岡,サンタナ,オスナ,茂木,山田,浜田,中村悠,小川
cl2025040302,巨人,中日,若林,キャベッジ,吉川,岡本,ヘルナンデス,甲斐,坂本,門脇,田中将
cl2025040302,中日,巨人,岡林,上林,細川,石川昂,板山,カリステ,村松,木下,大野
cl2025040303,ＤｅＮＡ,阪神,梶原,牧,三森,オースティン,宮崎,佐野,山本,森敬,ケイ
cl2025040303,阪神,ＤｅＮＡ,近本,中野,佐藤輝,森下,大山,前川,栄枝,小幡,デュプランティエ
cl2025040401,阪神,巨人,近本,中野,佐藤輝,森下,大山,前川,木浪,坂本,村上
cl2025040401,巨人,阪神,若林,キャベッジ,吉川,岡本,ヘルナンデス,甲斐,中山,門脇,戸郷
cl2025040402,中日,ヤクルト,岡林,村松,上林,石川昂,板山,中田,大島,加藤匠,高橋宏
cl2025040402,ヤクルト,中日,赤羽,長岡,西川,サンタナ,オスナ,茂木,浜田,松本直,高梨
cl2025040403,ＤｅＮＡ,広島,梶原,牧,三森,オースティン,佐野,京田,山本,森敬,石田裕
cl2025040403,広島,ＤｅＮＡ,二俣,矢野,小園,堂林,野間,ファビアン,田村,森下,会沢
cl2025040501,阪神,巨人,近本,中野,佐藤輝,森下,大山,前川,木浪,坂本,富田
cl2025040501,巨人,阪神,若林,キャベッジ,吉川,岡本,ヘルナンデス,甲斐,坂本,門脇,赤星
cl2025040502,中日,ヤクルト,岡林,上林,細川,石川昂,板山,中田,木下,村松,松葉
cl2025040502,ヤクルト,中日,赤羽,西川,サンタナ,オスナ,山田,長岡,中村悠,浜田,ランバート
cl2025040503,ＤｅＮＡ,広島,梶原,牧,佐野,オースティン,宮崎,蝦名,山本,森敬,東
cl2025040503,広島,ＤｅＮＡ,二俣,矢野,小園,堂林,ファビアン,末包,菊池,石原,床田
cl2025040601,阪神,巨人,近本,中野,佐藤輝,森下,大山,前川,木浪,梅野,門別
cl2025040601,巨人,阪神,萩尾,キャベッジ,吉川,岡本,甲斐,ヘルナンデス,中山,門脇,石川
cl2025040602,中日,ヤクルト,岡林,ブライト,カリステ,石川昂,板山,細川,村松,木下,メヒア
cl2025040602,ヤクルト,中日,赤羽,茂木,サンタナ,オスナ,山田,長岡,古賀,丸山和,奥川
cl2025040603,ＤｅＮＡ,広島,梶原,牧,三森,宮崎,佐野,松尾,蝦名,森敬,平良
cl2025040603,広島,ＤｅＮＡ,野間,矢野,小園,田村,末包,ファビアン,菊池,石原,森
cl2025040801,巨人,ＤｅＮＡ,若林,キャベッジ,吉川,岡本,ヘルナンデス,甲斐,中山,門脇,井上
cl2025040801,ＤｅＮＡ,巨人,梶原,牧,佐野,筒香,宮崎,山本,蝦名,森敬,ジャクソン
cl2025040802,広島,中日,二俣,矢野,小園,堂林,末包,ファビアン,菊池,石原,ドミンゲス
cl2025040802,中日,広島,岡林,ブライト,カリステ,石川昂,板山,細川,村松,木下,マラー
cl2025040803,ヤクルト,阪神,丸山和,長岡,サンタナ,オスナ,山田,茂木,赤羽,中村悠,高橋
cl2025040803,阪神,ヤクルト,近本,中野,渡辺,森下,大山,前川,梅野,木浪,才木
cl2025040901,巨人,ＤｅＮＡ,若林,キャベッジ,吉川,岡本,ヘルナンデス,甲斐,坂本,泉口,山崎
cl2025040901,ＤｅＮＡ,巨人,梶原,牧,三森,佐野,戸柱,筒香,度会,森敬,大貫
cl2025040902,広島,中日,田村,矢野,小園,末包,野間,ファビアン,菊池,大瀬良,会沢
cl2025040902,中日,広島,岡林,カリステ,板山,石川昂,細川,中田,村松,木下,柳
cl2025040903,ヤクルト,阪神,西川,長岡,サンタナ,オスナ,山田,茂木,赤羽,中村悠,石川
cl2025040903,阪神,ヤクルト,近本,中野,森下,大山,前川,木浪,梅野,小幡,ビーズリー
cl2025041001,広島,中日,二俣,矢野,小園,末包,ファビアン,菊池,田村,石原,玉村
cl2025041001,中日,広島,岡林,辻本,カリステ,石川昂,細川,中田,村松,石伊,大野
cl2025041102,中日,阪神,岡林,山本,上林,石川昂,ボスラー,細川,村松,加藤匠,高橋宏
cl2025041102,阪神,中日,近本,中野,佐藤輝,森下,大山,前川,木浪,坂本,村上
cl2025041103,巨人,広島,若林,坂本,吉川,岡本,キャベッジ,ヘルナンデス,甲斐,泉口,戸郷
cl2025041103,広島,巨人,田村,矢野,小園,末包,野間,ファビアン,菊池,森下,会沢
cl2025041201,ヤクルト,ＤｅＮＡ,赤羽,長岡,サンタナ,オスナ,山田,増田,茂木,中村悠,ランバート
cl2025041201,ＤｅＮＡ,ヤクルト,梶原,牧,佐野,宮崎,度会,山本,筒香,森敬,ケイ
cl2025041202,中日,阪神,岡林,板山,上林,細川,ボスラー,高橋周,村松,木下,松葉
cl2025041202,阪神,中日,近本,中野,佐藤輝,森下,大山,前川,坂本,木浪,西勇
cl2025041203,巨人,広島,若林,中山,吉川,岡本,キャベッジ,甲斐,ヘルナンデス,泉口,赤星
cl2025041203,広島,巨人,田村,矢野,小園,末包,野間,ファビアン,菊池,床田,石原
cl2025041303,巨人,広島,泉口,長野,吉川,岡本,ヘルナンデス,甲斐,坂本,若林,石川
cl2025041303,広島,巨人,二俣,矢野,小園,末包,ファビアン,菊池,田村,石原,森
cl2025041501,ＤｅＮＡ,巨人,梶原,牧,佐野,宮崎,度会,山本,筒香,森敬,ジャクソン
cl2025041501,巨人,ＤｅＮＡ,泉口,甲斐,吉川,岡本,大城卓,ヘルナンデス,佐々木,若林,井上
cl2025041502,阪神,ヤクルト,近本,中野,森下,佐藤輝,大山,前川,梅野,木浪,才木
cl2025041502,ヤクルト,阪神,西川,長岡,サンタナ,オスナ,茂木,山田,中村悠,丸山和,奥川
cl2025041503,中日,広島,岡林,板山,上林,細川,ボスラー,高橋周,村松,木下,マラー
cl2025041503,広島,中日,二俣,矢野,小園,末包,ファビアン,野間,菊池,石原,ドミンゲス
cl2025041601,ＤｅＮＡ,巨人,梶原,牧,佐野,宮崎,度会,戸柱,筒香,林,バウアー
cl2025041601,巨人,ＤｅＮＡ,泉口,甲斐,吉川,岡本,大城卓,オコエ,佐々木,笹原,山崎
cl2025041602,中日,広島,岡林,樋口,上林,細川,ボスラー,高橋周,村松,石伊,柳
cl2025041602,広島,中日,二俣,矢野,小園,末包,ファビアン,田村,菊池,会沢,大瀬良
cl2025041701,ＤｅＮＡ,巨人,梶原,三森,度会,牧,佐野,山本,筒香,林,東
cl2025041701,巨人,ＤｅＮＡ,泉口,甲斐,吉川,岡本,大城卓,ヘルナンデス,若林,笹原,田中将
cl2025041702,阪神,ヤクルト,近本,中野,森下,佐藤輝,大山,前川,梅野,木浪,ビーズリー
cl2025041702,ヤクルト,阪神,西川,長岡,サンタナ,村上,オスナ,茂木,山田,松本直,吉村
cl2025041801,巨人,ヤクルト,泉口,若林,吉川,岡本,甲斐,荒巻,ヘルナンデス,岡田,赤星
cl2025041801,ヤクルト,巨人,茂木,西川,サンタナ,オスナ,長岡,山田,赤羽,中村悠,小川
cl2025041802,広島,阪神,二俣,矢野,小園,末包,野間,ファビアン,菊池,会沢,森下
cl2025041802,阪神,広島,近本,小幡,森下,佐藤輝,大山,前川,坂本,中野,村上
cl2025041901,巨人,ヤクルト,泉口,若林,吉川,岡本,甲斐,ヘルナンデス,荒巻,笹原,石川
cl2025041901,ヤクルト,巨人,赤羽,サンタナ,増田,オスナ,長岡,山田,古賀,山野,並木
cl2025041902,ＤｅＮＡ,中日,梶原,度会,佐野,牧,宮崎,山本,筒香,林,ケイ
cl2025041902,中日,ＤｅＮＡ,岡林,山本,ブライト,細川,カリステ,中田,村松,加藤匠,高橋宏
cl2025041903,広島,阪神,矢野,羽月,小園,末包,野間,ファビアン,田村,石原,床田
cl2025041903,阪神,広島,近本,中野,森下,佐藤輝,大山,前川,坂本,木浪,デュプランティエ
cl2025042001,巨人,ヤクルト,泉口,若林,吉川,岡本,甲斐,ヘルナンデス,荒巻,笹原,ケラー
cl2025042001,ヤクルト,巨人,西川,サンタナ,茂木,オスナ,長岡,山田,中村悠,ランバート,岩田
cl2025042002,ＤｅＮＡ,中日,梶原,三森,度会,牧,佐野,宮崎,松尾,林,平良
cl2025042002,中日,ＤｅＮＡ,岡林,樋口,上林,細川,高橋周,ボスラー,村松,木下,松葉
cl2025042003,広島,阪神,二俣,矢野,小園,末包,ファビアン,中村奨,菊池,石原,森
cl2025042003,阪神,広島,近本,中野,森下,佐藤輝,大山,前川,坂本,小幡,伊原
cl2025042201,中日,巨人,岡林,山本,ブライト,細川,ボスラー,中田,村松,石伊,マラー
cl2025042201,巨人,中日,泉口,若林,吉川,岡本,大城卓,甲斐,ヘルナンデス,中山,井上
cl2025042202,阪神,ＤｅＮＡ,近本,中野,森下,佐藤輝,大山,前川,梅野,小幡,才木
cl2025042202,ＤｅＮＡ,阪神,梶原,三森,佐野,牧,宮崎,度会,山本,林,バウアー
cl2025042301,中日,巨人,岡林,ボスラー,高橋周,細川,中田,板山,木下,柳,村松
cl2025042301,巨人,中日,泉口,若林,吉川,岡本,大城卓,甲斐,ヘルナンデス,佐々木,山崎
cl2025042302,阪神,ＤｅＮＡ,近本,中野,森下,佐藤輝,大山,前川,梅野,小幡,門別
cl2025042302,ＤｅＮＡ,阪神,三森,京田,佐野,牧,宮崎,山本,蝦名,梶原,ジャクソン
cl2025042303,ヤクルト,広島,西川,サンタナ,茂木,オスナ,長岡,山田,赤羽,中村悠,石川
cl2025042303,広島,ヤクルト,中村奨,矢野,小園,末包,ファビアン,堂林,菊池,会沢,大瀬良
cl2025042401,阪神,ＤｅＮＡ,近本,中野,森下,佐藤輝,大山,前川,坂本,小幡,富田
cl2025042401,ＤｅＮＡ,阪神,三森,蝦名,京田,牧,佐野,宮崎,戸柱,梶原,大貫
cl2025042501,広島,ＤｅＮＡ,中村奨,矢野,小園,末包,ファビアン,堂林,菊池,会沢,森下
cl2025042501,ＤｅＮＡ,広島,三森,蝦名,度会,牧,佐野,京田,筒香,山本,東
cl2025042502,ヤクルト,中日,西川,サンタナ,茂木,オスナ,長岡,山田,古賀,赤羽,吉村
cl2025042502,中日,ヤクルト,岡林,上林,ボスラー,細川,高橋周,板山,土田,加藤匠,高橋宏
cl2025042503,巨人,阪神,泉口,若林,吉川,岡本,大城卓,甲斐,キャベッジ,岡田,赤星
cl2025042503,阪神,巨人,近本,中野,森下,佐藤輝,大山,前川,坂本,小幡,村上
cl2025042601,広島,ＤｅＮＡ,中村奨,矢野,小園,末包,ファビアン,二俣,菊池,石原,床田
cl2025042601,ＤｅＮＡ,広島,三森,蝦名,度会,牧,佐野,京田,筒香,山本,ケイ
cl2025042602,ヤクルト,中日,内山,サンタナ,赤羽,オスナ,長岡,山田,古賀,増田,奥川
cl2025042602,中日,ヤクルト,岡林,山本,上林,細川,カリステ,ボスラー,土田,木下,松葉
cl2025042603,巨人,阪神,泉口,若林,吉川,岡本,甲斐,キャベッジ,佐々木,門脇,石川
cl2025042603,阪神,巨人,近本,中野,森下,佐藤輝,大山,前川,坂本,小幡,デュプランティエ
cl2025042701,広島,ＤｅＮＡ,田村,羽月,小園,末包,ファビアン,矢野,林,石原,玉村
cl2025042701,ＤｅＮＡ,広島,三森,蝦名,度会,牧,宮崎,佐野,松尾,石上,バウアー
cl2025042702,ヤクルト,中日,西川,サンタナ,茂木,オスナ,赤羽,山田,中村悠,小川,武岡
cl2025042702,中日,ヤクルト,岡林,山本,上林,細川,ボスラー,中田,土田,木下,メヒア
cl2025042703,巨人,阪神,泉口,若林,吉川,岡本,甲斐,キャベッジ,萩尾,門脇,堀田
cl2025042703,阪神,巨人,近本,中野,森下,佐藤輝,大山,前川,坂本,小幡,伊原
cl2025042901,広島,巨人,中村奨,二俣,小園,末包,ファビアン,菊池,田村,石原,森
cl2025042901,巨人,広島,泉口,若林,吉川,岡本,大城卓,甲斐,キャベッジ,中山,井上
cl2025042902,ＤｅＮＡ,ヤクルト,三森,蝦名,度会,牧,筒香,宮崎,石上,山本,ジャクソン
cl2025042902,ヤクルト,ＤｅＮＡ,西川,サンタナ,茂木,オスナ,赤羽,山田,中村悠,ランバート,武岡
cl2025042903,阪神,中日,近本,中野,森下,佐藤輝,大山,前川,梅野,小幡,才木
cl2025042903,中日,阪神,岡林,板山,上林,ボスラー,中田,細川,土田,木下,涌井
cl2025043001,広島,巨人,田村,矢野,小園,末包,野間,ファビアン,菊池,会沢,大瀬良
cl2025043001,巨人,広島,泉口,若林,吉川,岡本,キャベッジ,甲斐,増田陸,萩尾,山崎
cl2025043002,ＤｅＮＡ,ヤクルト,三森,蝦名,度会,牧,佐野,宮崎,石上,山本,吉野
cl2025043002,ヤクルト,ＤｅＮＡ,西川,サンタナ,茂木,オスナ,赤羽,古賀,山田,山野,武岡
cl2025043003,阪神,中日,近本,中野,森下,佐藤輝,大山,前川,坂本,小幡,門別
cl2025043003,中日,阪神,岡林,板山,上林,ボスラー,中田,細川,土田,木下,大野
cl2025050101,広島,巨人,小園,矢野,野間,末包,坂倉,ファビアン,菊池,田村,ドミンゲス
cl2025050101,巨人,広島,泉口,キャベッジ,吉川,岡本,甲斐,増田陸,佐々木,萩尾,田中将
cl2025050102,ＤｅＮＡ,ヤクルト,三森,蝦名,度会,牧,佐野,梶原,石上,山本,平良
cl2025050102,ヤクルト,ＤｅＮＡ,西川,サンタナ,茂木,オスナ,赤羽,古賀,山田,高梨,武岡
cl2025050103,阪神,中日,近本,中野,森下,佐藤輝,大山,前川,坂本,小幡,大竹
cl2025050103,中日,阪神,岡林,山本,上林,カリステ,高橋周,細川,木下,土田,三浦
cl2025050202,ヤクルト,阪神,西川,サンタナ,茂木,オスナ,赤羽,古賀,山田,武岡,吉村
cl2025050202,阪神,ヤクルト,近本,中野,森下,佐藤輝,大山,前川,坂本,小幡,村上
cl2025050203,中日,広島,岡林,山本,上林,ボスラー,カリステ,細川,木下,土田,高橋宏
cl2025050203,広島,中日,小園,羽月,野間,末包,坂倉,ファビアン,堂林,矢野,森下
cl2025050301,巨人,ＤｅＮＡ,泉口,キャベッジ,吉川,岡本,甲斐,増田陸,中山,萩尾,赤星
cl2025050301,ＤｅＮＡ,巨人,三森,蝦名,度会,牧,佐野,松尾,梶原,石上,バウアー
cl2025050302,ヤクルト,阪神,岩田,西川,サンタナ,茂木,オスナ,赤羽,武岡,中村悠,奥川
cl2025050302,阪神,ヤクルト,近本,中野,森下,佐藤輝,大山,前川,坂本,小幡,デュプランティエ
cl2025050303,中日,広島,岡林,山本,上林,ボスラー,カリステ,中田,木下,土田,松葉
cl2025050303,広島,中日,中村奨,菊池,小園,末包,坂倉,ファビアン,堂林,矢野,床田
cl2025050401,巨人,ＤｅＮＡ,泉口,ヘルナンデス,吉川,岡本,キャベッジ,岸田,増田陸,秋広,グリフィン
cl2025050401,ＤｅＮＡ,巨人,勝又,蝦名,度会,牧,佐野,京田,山本,石上,東
cl2025050402,ヤクルト,阪神,内山,赤羽,サンタナ,山田,オスナ,茂木,古賀,岩田,石川
cl2025050402,阪神,ヤクルト,近本,中野,森下,佐藤輝,大山,前川,坂本,小幡,伊原
cl2025050403,中日,広島,岡林,山本,上林,ボスラー,カリステ,細川,木下,土田,岡田
cl2025050403,広島,中日,中村奨,菊池,ファビアン,末包,坂倉,堂林,山足,矢野,玉村
cl2025050501,阪神,巨人,近本,中野,森下,佐藤輝,大山,前川,坂本,小幡,富田
cl2025050501,巨人,阪神,泉口,若林,吉川,岡本,キャベッジ,増田陸,大城卓,ヘルナンデス,戸郷
cl2025050502,広島,ヤクルト,野間,羽月,ファビアン,末包,坂倉,小園,田村,矢野,高橋
cl2025050502,ヤクルト,広島,岩田,内山,サンタナ,山田,オスナ,赤羽,中村悠,武岡,小川
cl2025050503,ＤｅＮＡ,中日,桑原,牧,度会,オースティン,蝦名,三森,山本,林,ケイ
cl2025050503,中日,ＤｅＮＡ,岡林,山本,上林,カリステ,中田,細川,木下,ロドリゲス,金丸
cl2025050601,阪神,巨人,近本,中野,森下,佐藤輝,大山,小幡,中川,梅野,才木
cl2025050601,巨人,阪神,泉口,若林,吉川,岡本,甲斐,キャベッジ,長野,浦田,井上
cl2025050603,ＤｅＮＡ,中日,桑原,牧,度会,オースティン,佐野,三森,石上,山本,ジャクソン
cl2025050603,中日,ＤｅＮＡ,岡林,田中,上林,カリステ,高橋周,鵜飼,板山,木下,涌井
cl2025050701,阪神,巨人,近本,中野,森下,佐藤輝,大山,前川,梅野,小幡,門別
cl2025050701,巨人,阪神,泉口,キャベッジ,若林,吉川,甲斐,ヘルナンデス,坂本,増田陸,山崎
cl2025050702,広島,ヤクルト,中村奨,菊池,ファビアン,末包,坂倉,小園,二俣,矢野,大瀬良
cl2025050702,ヤクルト,広島,西川,赤羽,サンタナ,茂木,オスナ,古賀,山田,岩田,山野
cl2025050703,ＤｅＮＡ,中日,桑原,牧,度会,オースティン,佐野,三森,戸柱,石上,大貫
cl2025050703,中日,ＤｅＮＡ,岡林,山本,上林,ボスラー,中田,鵜飼,木下,土田,大野
cl2025050901,巨人,ヤクルト,泉口,キャベッジ,若林,吉川,甲斐,ヘルナンデス,坂本,増田陸,赤星
cl2025050901,ヤクルト,巨人,岩田,サンタナ,茂木,内山,オスナ,古賀,赤羽,武岡,高梨
cl2025050902,広島,ＤｅＮＡ,中村奨,菊池,ファビアン,末包,坂倉,小園,矢野,田村,森下
cl2025050902,ＤｅＮＡ,広島,桑原,牧,度会,オースティン,佐野,三森,松尾,京田,バウアー
cl2025051001,巨人,ヤクルト,泉口,若林,吉川,キャベッジ,岸田,増田陸,坂本,浅野,グリフィン
cl2025051001,ヤクルト,巨人,岩田,赤羽,サンタナ,内山,オスナ,茂木,古賀,伊藤,ランバート
cl2025051002,広島,ＤｅＮＡ,中村奨,菊池,ファビアン,末包,坂倉,小園,堂林,矢野,床田
cl2025051002,ＤｅＮＡ,広島,桑原,牧,度会,オースティン,佐野,山本,京田,林,平良
cl2025051003,中日,阪神,岡林,田中,上林,ボスラー,高橋周,鵜飼,木下,土田,高橋宏
cl2025051003,阪神,中日,近本,中野,森下,佐藤輝,大山,小幡,坂本,前川,村上
cl2025051101,巨人,ヤクルト,泉口,若林,吉川,キャベッジ,甲斐,増田陸,坂本,浅野,堀田
cl2025051101,ヤクルト,巨人,岩田,サンタナ,茂木,内山,オスナ,山田,武岡,中村悠,吉村
cl2025051102,広島,ＤｅＮＡ,中村奨,菊池,ファビアン,末包,坂倉,小園,堂林,山足,玉村
cl2025051102,ＤｅＮＡ,広島,桑原,牧,度会,オースティン,佐野,山本,三森,林,東
cl2025051103,中日,阪神,岡林,カリステ,上林,中田,高橋周,田中,木下,土田,松葉
cl2025051103,阪神,中日,近本,中野,森下,佐藤輝,大山,中川,小幡,坂本,伊原
cl2025051301,阪神,ＤｅＮＡ,近本,中野,森下,佐藤輝,大山,高寺,梅野,中川,才木
cl2025051301,ＤｅＮＡ,阪神,桑原,牧,度会,オースティン,佐野,三森,山本,林,ケイ
cl2025051302,ヤクルト,中日,岩田,サンタナ,茂木,オスナ,内山,山田,北村拓,中村悠,小川
cl2025051302,中日,ヤクルト,岡林,鵜飼,上林,ボスラー,カリステ,田中,宇佐見,山本,三浦
cl2025051303,巨人,広島,泉口,若林,吉川,大城卓,増田陸,キャベッジ,リチャード,浅野,戸郷
cl2025051303,広島,巨人,中村奨,菊池,ファビアン,末包,坂倉,小園,モンテロ,矢野,森
cl2025051401,ヤクルト,中日,岩田,北村拓,茂木,サンタナ,オスナ,赤羽,西川,古賀,アビラ
cl2025051401,中日,ヤクルト,岡林,鵜飼,上林,ボスラー,カリステ,田中,宇佐見,山本,涌井
cl2025051402,巨人,広島,泉口,増田陸,吉川,キャベッジ,リチャード,若林,甲斐,浅野,井上
cl2025051402,広島,巨人,中村奨,菊池,ファビアン,末包,坂倉,小園,モンテロ,矢野,大瀬良
cl2025051501,阪神,ＤｅＮＡ,近本,中野,森下,佐藤輝,大山,高寺,木浪,坂本,デュプランティエ
cl2025051501,ＤｅＮＡ,阪神,桑原,牧,度会,オースティン,佐野,三森,山本,林,ジャクソン
cl2025051502,巨人,広島,泉口,ヘルナンデス,吉川,キャベッジ,リチャード,増田陸,甲斐,浅野,山崎
cl2025051502,広島,巨人,中村奨,菊池,ファビアン,末包,坂倉,小園,モンテロ,矢野,ドミンゲス
cl2025051601,中日,巨人,岡林,鵜飼,上林,カリステ,ボスラー,田中,木下,山本,金丸
cl2025051601,巨人,中日,浅野,泉口,吉川,キャベッジ,増田陸,リチャード,ヘルナンデス,甲斐,赤星
cl2025051602,ＤｅＮＡ,ヤクルト,桑原,牧,度会,オースティン,松尾,佐野,宮崎,林,バウアー
cl2025051602,ヤクルト,ＤｅＮＡ,岩田,武岡,サンタナ,オスナ,内山,北村拓,山田,古賀,山野
cl2025051603,広島,阪神,秋山,菊池,ファビアン,末包,坂倉,小園,モンテロ,矢野,森下
cl2025051603,阪神,広島,近本,中野,森下,佐藤輝,大山,前川,坂本,木浪,村上
cl2025051701,中日,巨人,岡林,田中,上林,カリステ,ブライト,山本,ボスラー,木下,高橋宏
cl2025051701,巨人,中日,浅野,泉口,吉川,キャベッジ,増田陸,中山,ヘルナンデス,岸田,グリフィン
cl2025051702,ＤｅＮＡ,ヤクルト,桑原,牧,度会,オースティン,松尾,佐野,宮崎,林,平良
cl2025051702,ヤクルト,ＤｅＮＡ,岩田,サンタナ,茂木,オスナ,内山,北村拓,山田,中村悠,高梨
cl2025051703,広島,阪神,中村奨,菊池,ファビアン,末包,坂倉,小園,モンテロ,矢野,床田
cl2025051703,阪神,広島,近本,中野,森下,佐藤輝,大山,前川,坂本,木浪,大竹
cl2025051801,中日,巨人,岡林,田中,上林,ボスラー,カリステ,高橋周,山本,木下,松葉
cl2025051801,巨人,中日,若林,泉口,吉川,キャベッジ,増田陸,中山,ヘルナンデス,甲斐,堀田
cl2025051802,ＤｅＮＡ,ヤクルト,桑原,牧,度会,オースティン,佐野,宮崎,林,山本,東
cl2025051802,ヤクルト,ＤｅＮＡ,岩田,サンタナ,茂木,オスナ,内山,北村拓,山田,中村悠,石川
cl2025051803,広島,阪神,中村奨,菊池,ファビアン,末包,坂倉,モンテロ,小園,矢野,玉村
cl2025051803,阪神,広島,近本,中野,森下,佐藤輝,大山,高寺,坂本,木浪,伊原
cl2025052001,中日,ＤｅＮＡ,岡林,田中,上林,カリステ,木下,ボスラー,山本,鵜飼,大野
cl2025052001,ＤｅＮＡ,中日,桑原,牧,度会,オースティン,佐野,宮崎,山本,石上,ケイ
cl2025052002,巨人,阪神,泉口,若林,吉川,キャベッジ,ヘルナンデス,中山,リチャード,岸田,戸郷
cl2025052002,阪神,巨人,近本,中野,森下,佐藤輝,大山,前川,梅野,木浪,才木
cl2025052003,ヤクルト,広島,岩田,北村拓,サンタナ,茂木,オスナ,増田,山田,中村悠,ランバート
cl2025052003,広島,ヤクルト,秋山,小園,ファビアン,末包,坂倉,モンテロ,佐々木,矢野,森
cl2025052101,中日,ＤｅＮＡ,岡林,田中,上林,ボスラー,カリステ,板山,山本,宇佐見,三浦
cl2025052101,ＤｅＮＡ,中日,桑原,牧,佐野,オースティン,松尾,宮崎,度会,石上,バウアー
cl2025052102,巨人,阪神,増田陸,門脇,吉川,キャベッジ,ヘルナンデス,中山,甲斐,浅野,井上
cl2025052102,阪神,巨人,近本,中野,森下,佐藤輝,大山,前川,梅野,木浪,ビーズリー
cl2025052201,中日,ＤｅＮＡ,岡林,田中,上林,ボスラー,カリステ,板山,山本,宇佐見,マラー
cl2025052201,ＤｅＮＡ,中日,桑原,牧,佐野,オースティン,松尾,蝦名,京田,三森,石田裕
cl2025052202,巨人,阪神,増田陸,門脇,吉川,キャベッジ,甲斐,中山,泉口,浅野,山崎
cl2025052202,阪神,巨人,近本,中野,森下,佐藤輝,大山,高寺,坂本,島田,デュプランティエ
cl2025052203,ヤクルト,広島,岩田,北村拓,サンタナ,宮本,オスナ,茂木,山田,中村悠,小川
cl2025052203,広島,ヤクルト,秋山,菊池,ファビアン,末包,坂倉,モンテロ,佐々木,矢野,大瀬良
cl2025052301,ヤクルト,巨人,岩田,北村拓,サンタナ,宮本,オスナ,茂木,山田,古賀,山野
cl2025052301,巨人,ヤクルト,増田陸,門脇,吉川,キャベッジ,甲斐,ヘルナンデス,泉口,浅野,赤星
cl2025052302,阪神,中日,近本,中野,森下,佐藤輝,大山,木浪,豊田,坂本,村上
cl2025052302,中日,阪神,岡林,樋口,上林,ボスラー,カリステ,高橋周,宇佐見,山本,涌井
cl2025052303,ＤｅＮＡ,広島,桑原,牧,佐野,オースティン,蝦名,山本,三森,京田,ジャクソン
cl2025052303,広島,ＤｅＮＡ,秋山,小園,ファビアン,末包,坂倉,モンテロ,佐々木,矢野,森下
cl2025052401,ヤクルト,巨人,岩田,伊藤,北村拓,オスナ,山田,増田,内山,中村悠,吉村
cl2025052401,巨人,ヤクルト,増田陸,門脇,吉川,キャベッジ,岸田,ヘルナンデス,泉口,浅野,グリフィン
cl2025052402,阪神,中日,近本,中野,森下,佐藤輝,大山,木浪,高寺,坂本,大竹
cl2025052402,中日,阪神,岡林,田中,上林,カリステ,高橋周,ボスラー,木下,山本,高橋宏
cl2025052501,ヤクルト,巨人,岩田,西川,サンタナ,オスナ,山田,茂木,北村拓,古賀,アビラ
cl2025052501,巨人,ヤクルト,増田陸,門脇,吉川,キャベッジ,岸田,ヘルナンデス,泉口,浅野,戸郷
cl2025052502,阪神,中日,近本,中野,森下,佐藤輝,大山,ヘルナンデス,木浪,坂本,伊原
cl2025052502,中日,阪神,岡林,田中,上林,カリステ,高橋周,鵜飼,木下,山本,松葉
cl2025052503,ＤｅＮＡ,広島,桑原,牧,佐野,オースティン,宮崎,蝦名,山本,京田,東
cl2025052503,広島,ＤｅＮＡ,中村奨,菊池,ファビアン,末包,坂倉,モンテロ,小園,佐々木,床田
cl2025052701,広島,巨人,秋山,菊池,ファビアン,末包,坂倉,モンテロ,小園,佐々木,玉村
cl2025052701,巨人,広島,増田陸,門脇,吉川,キャベッジ,甲斐,ヘルナンデス,泉口,浅野,井上
cl2025052702,中日,ヤクルト,岡林,村松,上林,福永,川越,ボスラー,板山,木下,金丸
cl2025052702,ヤクルト,中日,岩田,北村拓,沢井,オスナ,内山,山田,茂木,古賀,ランバート
cl2025052703,ＤｅＮＡ,阪神,桑原,牧,佐野,オースティン,松尾,宮崎,蝦名,京田,バウアー
cl2025052703,阪神,ＤｅＮＡ,近本,中野,森下,佐藤輝,大山,ヘルナンデス,木浪,梅野,才木
cl2025052801,広島,巨人,野間,小園,ファビアン,末包,坂倉,モンテロ,菊池,矢野,大瀬良
cl2025052801,巨人,広島,増田陸,門脇,泉口,キャベッジ,吉川,甲斐,ヘルナンデス,浅野,山崎
cl2025052802,中日,ヤクルト,上林,田中,岡林,ボスラー,高橋周,川越,木下,村松,三浦
cl2025052802,ヤクルト,中日,岩田,北村拓,内山,オスナ,山田,茂木,沢井,古賀,高梨
cl2025052803,ＤｅＮＡ,阪神,桑原,牧,佐野,オースティン,宮崎,蝦名,山本,柴田,ケイ
cl2025052803,阪神,ＤｅＮＡ,近本,中野,森下,佐藤輝,大山,ヘルナンデス,木浪,梅野,門別
cl2025052901,中日,ヤクルト,大島,田中,岡林,カリステ,高橋周,上林,木下,村松,マラー
cl2025052901,ヤクルト,中日,増田,伊藤,北村拓,オスナ,内山,沢井,山田,中村悠,小川
cl2025052902,ＤｅＮＡ,阪神,桑原,牧,佐野,オースティン,度会,山本,三森,石上,ジャクソン
cl2025052902,阪神,ＤｅＮＡ,近本,中野,森下,佐藤輝,大山,ヘルナンデス,木浪,坂本,デュプランティエ
cl2025053001,ヤクルト,ＤｅＮＡ,岩田,北村拓,宮本,オスナ,沢井,山田,赤羽,古賀,山野
cl2025053001,ＤｅＮＡ,ヤクルト,桑原,度会,佐野,牧,宮崎,蝦名,戸柱,石上,大貫
cl2025053002,巨人,中日,増田陸,吉川,泉口,キャベッジ,丸,若林,リチャード,甲斐,赤星
cl2025053002,中日,巨人,上林,田中,岡林,カリステ,高橋周,板山,宇佐見,村松,大野
cl2025053003,阪神,広島,近本,中野,森下,佐藤輝,大山,ヘルナンデス,坂本,木浪,村上
cl2025053003,広島,阪神,秋山,小園,ファビアン,末包,坂倉,モンテロ,佐々木,矢野,森下
cl2025053101,ヤクルト,ＤｅＮＡ,北村拓,茂木,沢井,オスナ,内山,岩田,赤羽,中村悠,吉村
cl2025053101,ＤｅＮＡ,ヤクルト,桑原,オースティン,佐野,牧,宮崎,松尾,度会,石上,石田裕
cl2025053102,巨人,中日,丸,吉川,泉口,キャベッジ,若林,中山,リチャード,岸田,グリフィン
cl2025053102,中日,巨人,上林,山本,岡林,カリステ,ブライト,石川昂,村松,加藤匠,高橋宏
cl2025053103,阪神,広島,近本,中野,森下,佐藤輝,大山,ヘルナンデス,坂本,木浪,大竹
cl2025053103,広島,阪神,中村奨,菊池,ファビアン,末包,モンテロ,小園,石原,矢野,床田
cl2025060101,ヤクルト,ＤｅＮＡ,北村拓,茂木,内山,オスナ,沢井,赤羽,中村悠,岩田,下川
cl2025060101,ＤｅＮＡ,ヤクルト,桑原,オースティン,佐野,牧,松尾,三森,度会,森敬,バウアー
cl2025060102,巨人,中日,増田陸,吉川,泉口,キャベッジ,ヘルナンデス,岸田,若林,リチャード,戸郷
cl2025060102,中日,巨人,上林,板山,岡林,カリステ,ボスラー,石川昂,村松,石伊,松葉
cl2025060103,阪神,広島,近本,中野,森下,佐藤輝,大山,ヘルナンデス,坂本,木浪,伊原
cl2025060103,広島,阪神,中村奨,菊池,ファビアン,末包,坂倉,モンテロ,小園,佐々木,森
cl2025062701,ＤｅＮＡ,巨人,度会,佐野,筒香,牧,宮崎,山本,梶原,京田,ケイ
cl2025062701,巨人,ＤｅＮＡ,丸,オコエ,泉口,吉川,増田陸,中山,甲斐,荒巻,山崎
cl2025062702,阪神,ヤクルト,近本,中野,森下,佐藤輝,大山,小幡,ヘルナンデス,坂本,村上
cl2025062702,ヤクルト,阪神,並木,武岡,内山,オスナ,宮本,山田,古賀,伊藤,ランバート
cl2025062703,広島,中日,大盛,ファビアン,小園,モンテロ,坂倉,末包,菊池,矢野,森下
cl2025062703,中日,広島,上林,村松,岡林,細川,ボスラー,佐藤,山本,石伊,大野
cl2025062801,ＤｅＮＡ,巨人,桑原,度会,佐野,牧,宮崎,伊藤,蝦名,森敬,バウアー
cl2025062801,巨人,ＤｅＮＡ,丸,オコエ,泉口,吉川,増田陸,中山,岸田,門脇,グリフィン
cl2025062802,阪神,ヤクルト,近本,中野,森下,佐藤輝,大山,ヘルナンデス,小幡,坂本,デュプランティエ
cl2025062802,ヤクルト,阪神,並木,武岡,内山,オスナ,宮本,山田,中村悠,伊藤,高橋
cl2025062803,広島,中日,大盛,ファビアン,小園,モンテロ,坂倉,末包,田中,矢野,玉村
cl2025062803,中日,広島,上林,山本,岡林,細川,ボスラー,佐藤,村松,宇佐見,涌井
cl2025062901,ＤｅＮＡ,巨人,佐野,度会,宮崎,牧,筒香,山本,桑原,森敬,ジャクソン
cl2025062901,巨人,ＤｅＮＡ,丸,オコエ,泉口,吉川,増田陸,中山,門脇,小林,赤星
cl2025062902,阪神,ヤクルト,近本,中野,森下,佐藤輝,大山,前川,坂本,小幡,伊藤将
cl2025062902,ヤクルト,阪神,並木,赤羽,内山,オスナ,増田,山田,古賀,伊藤,アビラ
cl2025062903,広島,中日,中村奨,上本,小園,ファビアン,末包,モンテロ,菊池,会沢,佐藤柳
cl2025062903,中日,広島,岡林,田中,上林,細川,ボスラー,佐藤,山本,石伊,松葉
cl2025070101,中日,ＤｅＮＡ,岡林,辻本,上林,細川,ボスラー,山本,佐藤,石伊,金丸
cl2025070101,ＤｅＮＡ,中日,佐野,度会,宮崎,牧,筒香,蝦名,山本,森敬,東
cl2025070102,巨人,阪神,丸,オコエ,泉口,吉川,増田陸,中山,坂本,岸田,西舘
cl2025070102,阪神,巨人,近本,中野,森下,佐藤輝,大山,前川,梅野,小幡,才木
cl2025070103,ヤクルト,広島,並木,武岡,内山,オスナ,山田,沢井,古賀,伊藤,吉村
cl2025070103,広島,ヤクルト,大盛,末包,小園,ファビアン,坂倉,モンテロ,菊池,矢野,床田
cl2025070201,中日,ＤｅＮＡ,上林,岡林,佐藤,細川,ボスラー,山本,板山,石伊,高橋宏
cl2025070201,ＤｅＮＡ,中日,佐野,度会,宮崎,牧,松尾,井上,蝦名,森敬,石田裕
cl2025070202,巨人,阪神,丸,オコエ,泉口,吉川,増田陸,中山,坂本,甲斐,井上
cl2025070202,阪神,巨人,近本,中野,森下,佐藤輝,大山,豊田,小幡,坂本,大竹
cl2025070203,ヤクルト,広島,並木,岩田,内山,オスナ,山田,茂木,松本直,伊藤,奥川
cl2025070203,広島,ヤクルト,中村奨,矢野,小園,ファビアン,坂倉,末包,モンテロ,菊池,大瀬良
cl2025070301,中日,ＤｅＮＡ,上林,田中,岡林,細川,ボスラー,板山,村松,石伊,マラー
cl2025070301,ＤｅＮＡ,中日,桑原,佐野,宮崎,牧,松尾,井上,蝦名,京田,小園
cl2025070302,巨人,阪神,丸,オコエ,泉口,増田陸,キャベッジ,坂本,岸田,門脇,横川
cl2025070302,阪神,巨人,近本,中野,森下,佐藤輝,大山,豊田,小幡,坂本,伊原
cl2025070303,ヤクルト,広島,並木,岩田,赤羽,オスナ,内山,北村拓,伊藤,中村悠,中村優
cl2025070303,広島,ヤクルト,中村奨,田中,小園,ファビアン,坂倉,末包,モンテロ,矢野,森
cl2025070401,広島,巨人,中村奨,田中,小園,ファビアン,坂倉,末包,モンテロ,矢野,森下
cl2025070401,巨人,広島,丸,オコエ,泉口,増田陸,坂本,中山,甲斐,門脇,山崎
cl2025070402,阪神,ＤｅＮＡ,近本,中野,森下,佐藤輝,ヘルナンデス,小幡,前川,坂本,村上
cl2025070402,ＤｅＮＡ,阪神,桑原,佐野,宮崎,牧,井上,山本,梶原,京田,ケイ
cl2025070403,ヤクルト,中日,並木,岩田,赤羽,オスナ,内山,山田,古賀,伊藤,ランバート
cl2025070403,中日,ヤクルト,岡林,田中,上林,ボスラー,細川,佐藤,山本,石伊,大野
cl2025070501,広島,巨人,末包,中村奨,ファビアン,小園,坂倉,菊池,モンテロ,矢野,玉村
cl2025070501,巨人,広島,丸,オコエ,泉口,増田陸,坂本,キャベッジ,岸田,門脇,グリフィン
cl2025070502,阪神,ＤｅＮＡ,近本,中野,森下,佐藤輝,大山,前川,熊谷,坂本,デュプランティエ
cl2025070502,ＤｅＮＡ,阪神,桑原,度会,佐野,牧,井上,戸柱,京田,石上,大貫
cl2025070503,ヤクルト,中日,並木,山野辺,赤羽,オスナ,内山,沢井,伊藤,中村悠,高橋
cl2025070503,中日,ヤクルト,岡林,田中,上林,ボスラー,細川,佐藤,山本,宇佐見,涌井
cl2025070601,広島,巨人,中村奨,矢野,ファビアン,小園,野間,モンテロ,菊池,会沢,佐藤柳
cl2025070601,巨人,広島,丸,オコエ,泉口,吉川,増田陸,坂本,キャベッジ,小林,赤星
cl2025070602,阪神,ＤｅＮＡ,近本,中野,森下,佐藤輝,大山,前川,小幡,坂本,伊藤将
cl2025070602,ＤｅＮＡ,阪神,桑原,佐野,宮崎,牧,井上,山本,蝦名,石上,ジャクソン
cl2025070603,ヤクルト,中日,増田,岩田,赤羽,オスナ,内山,山田,伊藤,中村悠,アビラ
cl2025070603,中日,ヤクルト,岡林,辻本,上林,ボスラー,細川,山本,板山,石伊,松葉
cl2025070801,中日,巨人,岡林,村松,上林,ボスラー,細川,山本,佐藤,石伊,金丸
cl2025070801,巨人,中日,丸,オコエ,吉川,増田陸,坂本,泉口,キャベッジ,岸田,西舘
cl2025070802,ＤｅＮＡ,ヤクルト,桑原,佐野,宮崎,牧,井上,山本,関根,林,東
cl2025070802,ヤクルト,ＤｅＮＡ,並木,岩田,赤羽,オスナ,内山,山田,古賀,伊藤,吉村
cl2025070803,阪神,広島,近本,中野,森下,佐藤輝,大山,前川,熊谷,梅野,才木
cl2025070803,広島,阪神,中村奨,野間,小園,ファビアン,坂倉,菊池,モンテロ,矢野,床田
cl2025070901,中日,巨人,岡林,辻本,上林,細川,ボスラー,佐藤,山本,石伊,高橋宏
cl2025070901,巨人,中日,丸,中山,吉川,坂本,泉口,キャベッジ,荒巻,甲斐,井上
cl2025070902,ＤｅＮＡ,ヤクルト,桑原,佐野,宮崎,牧,松尾,井上,関根,林,バウアー
cl2025070902,ヤクルト,ＤｅＮＡ,岩田,並木,内山,オスナ,山田,伊藤,中村悠,武岡,奥川
cl2025070903,阪神,広島,近本,中野,森下,佐藤輝,大山,前川,熊谷,坂本,大竹
cl2025070903,広島,阪神,野間,中村奨,ファビアン,小園,モンテロ,坂倉,菊池,田中,大瀬良
cl2025071001,阪神,広島,近本,中野,森下,佐藤輝,大山,豊田,熊谷,坂本,伊原
cl2025071001,広島,阪神,大盛,菊池,小園,ファビアン,坂倉,秋山,モンテロ,田中,森
cl2025071101,巨人,ＤｅＮＡ,丸,オコエ,吉川,坂本,増田陸,泉口,キャベッジ,甲斐,山崎
cl2025071101,ＤｅＮＡ,巨人,関根,桑原,佐野,牧,山本,度会,林,三森,ケイ
cl2025071102,広島,中日,秋山,菊池,小園,ファビアン,坂倉,モンテロ,中村健,矢野,森下
cl2025071102,中日,広島,岡林,辻本,上林,細川,ボスラー,佐藤,村松,石伊,マラー
cl2025071103,ヤクルト,阪神,岩田,太田,内山,オスナ,山田,伊藤,古賀,武岡,ランバート
cl2025071103,阪神,ヤクルト,近本,中野,森下,佐藤輝,大山,豊田,小幡,坂本,村上
cl2025071201,巨人,ＤｅＮＡ,丸,佐々木,吉川,坂本,泉口,荒巻,フルプ,岸田,グリフィン
cl2025071201,ＤｅＮＡ,巨人,桑原,佐野,宮崎,牧,松尾,度会,蝦名,林,大貫
cl2025071202,広島,中日,中村奨,中村健,小園,ファビアン,坂倉,末包,菊池,上本,玉村
cl2025071202,中日,広島,岡林,田中,上林,細川,ボスラー,佐藤,山本,石伊,大野
cl2025071203,ヤクルト,阪神,岩田,武岡,内山,オスナ,太田,伊藤,中村悠,山野辺,石川
cl2025071203,阪神,ヤクルト,近本,中野,森下,佐藤輝,大山,小幡,坂本,豊田,デュプランティエ
cl2025071301,巨人,ＤｅＮＡ,丸,佐々木,吉川,坂本,泉口,荒巻,中山,小林,赤星
cl2025071301,ＤｅＮＡ,巨人,関根,桑原,佐野,牧,宮崎,戸柱,度会,林,ジャクソン
cl2025071302,広島,中日,中村奨,羽月,小園,ファビアン,末包,モンテロ,菊池,会沢,佐藤柳
cl2025071302,中日,広島,岡林,田中,ブライト,細川,ボスラー,佐藤,山本,石伊,松葉
cl2025071303,ヤクルト,阪神,岩田,赤羽,内山,オスナ,山田,増田,伊藤,松本直,アビラ
cl2025071303,阪神,ヤクルト,近本,中野,森下,佐藤輝,大山,小幡,坂本,島田,伊藤将
cl2025071502,中日,阪神,岡林,田中,ブライト,細川,ボスラー,佐藤,山本,石伊,柳
cl2025071502,阪神,中日,近本,中野,森下,佐藤輝,大山,小幡,島田,梅野,高橋
cl2025071503,ＤｅＮＡ,広島,桑原,蝦名,佐野,牧,宮崎,山本,度会,林,東
cl2025071503,広島,ＤｅＮＡ,中村奨,菊池,ファビアン,小園,坂倉,末包,モンテロ,二俣,床田
cl2025071601,中日,阪神,岡林,田中,上林,細川,ボスラー,山本,板山,石伊,高橋宏
cl2025071601,阪神,中日,近本,中野,森下,佐藤輝,大山,前川,小幡,梅野,才木
cl2025071602,ＤｅＮＡ,広島,桑原,蝦名,佐野,牧,松尾,度会,京田,林,バウアー
cl2025071602,広島,ＤｅＮＡ,中村奨,大盛,小園,ファビアン,坂倉,モンテロ,羽月,二俣,大瀬良
cl2025071701,巨人,ヤクルト,丸,佐々木,吉川,坂本,泉口,荒巻,中山,岸田,西舘
cl2025071701,ヤクルト,巨人,岩田,赤羽,内山,オスナ,山田,沢井,古賀,伊藤,吉村
cl2025071703,ＤｅＮＡ,広島,桑原,蝦名,佐野,牧,宮崎,山本,度会,林,ケイ
cl2025071703,広島,ＤｅＮＡ,野間,大盛,小園,ファビアン,坂倉,モンテロ,羽月,矢野,森
cl2025071901,阪神,巨人,近本,中野,森下,佐藤輝,大山,小幡,坂本,高寺,村上
cl2025071901,巨人,阪神,丸,佐々木,吉川,増田陸,泉口,中山,荒巻,甲斐,山崎
cl2025071902,広島,ヤクルト,大盛,羽月,小園,ファビアン,坂倉,モンテロ,末包,菊池,森下
cl2025071902,ヤクルト,広島,岩田,古賀,内山,オスナ,赤羽,山田,沢井,伊藤,奥川
cl2025071903,ＤｅＮＡ,中日,桑原,佐野,フォード,牧,宮崎,山本,蝦名,林,ジャクソン
cl2025071903,中日,ＤｅＮＡ,岡林,田中,上林,細川,ボスラー,山本,板山,石伊,マラー
cl2025072001,阪神,巨人,近本,中野,森下,佐藤輝,大山,小幡,坂本,高寺,デュプランティエ
cl2025072001,巨人,阪神,丸,佐々木,吉川,増田陸,荒巻,泉口,中山,小林,赤星
cl2025072002,広島,ヤクルト,大盛,羽月,小園,ファビアン,野間,坂倉,モンテロ,林,玉村
cl2025072002,ヤクルト,広島,岩田,赤羽,内山,オスナ,山田,沢井,伊藤,中村悠,中村優
cl2025072003,ＤｅＮＡ,中日,桑原,林,佐野,牧,宮崎,フォード,戸柱,井上,大貫
cl2025072003,中日,ＤｅＮＡ,岡林,田中,上林,細川,ボスラー,山本,板山,石伊,大野
cl2025072101,阪神,巨人,近本,中野,森下,佐藤輝,大山,小幡,中川,坂本,伊藤将
cl2025072101,巨人,阪神,丸,佐々木,吉川,増田陸,泉口,中山,リチャード,甲斐,井上
cl2025072102,広島,ヤクルト,大盛,羽月,小園,ファビアン,野間,二俣,林,石原,床田
cl2025072102,ヤクルト,広島,岩田,赤羽,内山,オスナ,山田,沢井,古賀,伊藤,ランバート
cl2025072103,ＤｅＮＡ,中日,桑原,蝦名,佐野,牧,宮崎,フォード,山本,林,東
cl2025072103,中日,ＤｅＮＡ,岡林,田中,上林,細川,ボスラー,山本,佐藤,石伊,金丸
cl2025072601,中日,ヤクルト,岡林,田中,上林,細川,ボスラー,山本,村松,石伊,高橋宏
cl2025072601,ヤクルト,中日,岩田,赤羽,内山,オスナ,山田,沢井,古賀,伊藤,吉村
cl2025072602,ＤｅＮＡ,阪神,桑原,林,佐野,牧,宮崎,フォード,山本,関根,ケイ
cl2025072602,阪神,ＤｅＮＡ,近本,中野,森下,佐藤輝,大山,小幡,坂本,高寺,才木
cl2025072603,巨人,広島,丸,佐々木,吉川,キャベッジ,増田陸,泉口,リチャード,岸田,横川
cl2025072603,広島,巨人,秋山,二俣,小園,ファビアン,坂倉,末包,菊池,林,森下
cl2025072701,中日,ヤクルト,岡林,田中,上林,細川,ボスラー,山本,板山,石伊,松葉
cl2025072701,ヤクルト,中日,岩田,赤羽,内山,オスナ,山田,沢井,中村悠,伊藤,奥川
cl2025072702,ＤｅＮＡ,阪神,桑原,佐野,宮崎,牧,フォード,蝦名,京田,松尾,石田裕
cl2025072702,阪神,ＤｅＮＡ,近本,中野,森下,佐藤輝,大山,小幡,坂本,高寺,高橋
cl2025072703,巨人,広島,丸,佐々木,吉川,キャベッジ,岸田,泉口,リチャード,荒巻,赤星
cl2025072703,広島,巨人,秋山,大盛,小園,ファビアン,坂倉,二俣,林,会沢,佐藤柳
cl2025072901,ヤクルト,ＤｅＮＡ,岩田,赤羽,内山,村上,オスナ,山田,古賀,伊藤,ランバート
cl2025072901,ＤｅＮＡ,ヤクルト,桑原,蝦名,佐野,牧,宮崎,山本,京田,神里,東
cl2025072902,巨人,中日,丸,佐々木,泉口,キャベッジ,岸田,吉川,増田陸,リチャード,西舘
cl2025072902,中日,巨人,岡林,田中,上林,細川,ボスラー,佐藤,村松,石伊,大野
cl2025072903,広島,阪神,大盛,菊池,小園,ファビアン,坂倉,モンテロ,末包,矢野,床田
cl2025072903,阪神,広島,近本,中野,森下,佐藤輝,大山,小幡,坂本,熊谷,大竹
cl2025073001,ヤクルト,ＤｅＮＡ,岩田,赤羽,内山,村上,オスナ,山田,古賀,伊藤,アビラ
cl2025073001,ＤｅＮＡ,ヤクルト,桑原,京田,佐野,牧,フォード,蝦名,三森,松尾,バウアー
cl2025073002,巨人,中日,丸,佐々木,泉口,キャベッジ,岸田,増田陸,リチャード,門脇,戸郷
cl2025073002,中日,巨人,岡林,田中,上林,細川,ボスラー,板山,石伊,村松,柳
cl2025073003,広島,阪神,秋山,羽月,小園,ファビアン,坂倉,末包,矢野,林,大瀬良
cl2025073003,阪神,広島,近本,中野,森下,佐藤輝,大山,小幡,坂本,高寺,村上
cl2025073101,ヤクルト,ＤｅＮＡ,岩田,赤羽,内山,村上,オスナ,沢井,中村悠,伊藤,中村優
cl2025073101,ＤｅＮＡ,ヤクルト,桑原,京田,佐野,牧,フォード,戸柱,蝦名,林,平良
cl2025073102,巨人,中日,丸,佐々木,泉口,キャベッジ,増田陸,リチャード,甲斐,門脇,井上
cl2025073102,中日,巨人,岡林,田中,ボスラー,細川,チェイビス,上林,山本,石伊,金丸
cl2025073103,広島,阪神,秋山,ファビアン,小園,末包,坂倉,モンテロ,菊池,矢野,森
cl2025073103,阪神,広島,近本,中野,森下,佐藤輝,大山,中川,栄枝,熊谷,伊原
cl2025080101,ＤｅＮＡ,巨人,桑原,京田,佐野,フォード,宮崎,山本,蝦名,林,ジャクソン
cl2025080101,巨人,ＤｅＮＡ,丸,佐々木,泉口,キャベッジ,増田陸,中山,リチャード,甲斐,山崎
cl2025080102,阪神,ヤクルト,近本,中野,森下,佐藤輝,大山,小幡,坂本,熊谷,伊藤将
cl2025080102,ヤクルト,阪神,岩田,赤羽,内山,村上,オスナ,太田,古賀,長岡,高梨
cl2025080103,中日,広島,岡林,辻本,ボスラー,細川,チェイビス,上林,山本,石伊,マラー
cl2025080103,広島,中日,羽月,ファビアン,小園,末包,坂倉,モンテロ,大盛,矢野,高
cl2025080201,ＤｅＮＡ,巨人,桑原,京田,佐野,宮崎,山本,ビシエド,蝦名,林,ケイ
cl2025080201,巨人,ＤｅＮＡ,丸,佐々木,増田陸,キャベッジ,岸田,リチャード,泉口,門脇,グリフィン
cl2025080202,阪神,ヤクルト,近本,中野,森下,佐藤輝,大山,小幡,坂本,高寺,才木
cl2025080202,ヤクルト,阪神,岩田,赤羽,内山,村上,オスナ,太田,古賀,長岡,吉村
cl2025080203,中日,広島,岡林,田中,上林,細川,ボスラー,チェイビス,山本,加藤匠,高橋宏
cl2025080203,広島,中日,羽月,ファビアン,小園,末包,坂倉,モンテロ,秋山,矢野,森下
cl2025080301,ＤｅＮＡ,巨人,桑原,京田,佐野,宮崎,戸柱,ビシエド,関根,林,石田裕
cl2025080301,巨人,ＤｅＮＡ,丸,佐々木,増田陸,キャベッジ,岸田,リチャード,泉口,門脇,赤星
cl2025080302,阪神,ヤクルト,近本,中野,森下,佐藤輝,大山,小幡,高寺,梅野,ビーズリー
cl2025080302,ヤクルト,阪神,太田,岩田,内山,村上,オスナ,長岡,赤羽,中村悠,奥川
cl2025080303,中日,広島,岡林,田中,上林,細川,ボスラー,チェイビス,石伊,土田,松葉
cl2025080303,広島,中日,久保,ファビアン,小園,末包,坂倉,モンテロ,菊池,矢野,遠藤
cl2025080501,ヤクルト,巨人,岩田,赤羽,内山,村上,オスナ,山田,長岡,古賀,ランバート
cl2025080501,巨人,ヤクルト,丸,泉口,若林,キャベッジ,岸田,坂本,リチャード,門脇,戸郷
cl2025080502,広島,ＤｅＮＡ,中村奨,ファビアン,小園,末包,坂倉,モンテロ,羽月,二俣,床田
cl2025080502,ＤｅＮＡ,広島,桑原,京田,佐野,宮崎,オースティン,蝦名,松尾,林,バウアー
cl2025080503,阪神,中日,近本,中野,森下,佐藤輝,大山,小幡,坂本,熊谷,高橋
cl2025080503,中日,阪神,岡林,田中,上林,細川,ボスラー,チェイビス,山本,石伊,大野
cl2025080601,ヤクルト,巨人,赤羽,岩田,内山,村上,オスナ,山田,古賀,伊藤,アビラ
cl2025080601,巨人,ヤクルト,丸,佐々木,泉口,キャベッジ,岸田,大城卓,リチャード,門脇,森田
cl2025080602,広島,ＤｅＮＡ,中村奨,ファビアン,小園,末包,坂倉,モンテロ,菊池,二俣,大瀬良
cl2025080602,ＤｅＮＡ,広島,三森,京田,佐野,オースティン,蝦名,山本,梶原,林,東
cl2025080603,阪神,中日,近本,中野,森下,佐藤輝,大山,高寺,坂本,熊谷,村上
cl2025080603,中日,阪神,上林,田中,岡林,細川,ボスラー,チェイビス,石伊,山本,柳
cl2025080701,ヤクルト,巨人,太田,岩田,内山,村上,オスナ,北村恵,長岡,中村悠,石川
cl2025080701,巨人,ヤクルト,丸,若林,泉口,キャベッジ,岸田,坂本,リチャード,増田大,田中将
cl2025080702,広島,ＤｅＮＡ,羽月,ファビアン,小園,末包,坂倉,中村奨,モンテロ,菊池,森
cl2025080702,ＤｅＮＡ,広島,梶原,蝦名,佐野,宮崎,ビシエド,山本,京田,林,吉野
cl2025080703,阪神,中日,近本,中野,森下,佐藤輝,中川,ヘルナンデス,坂本,熊谷,伊原
cl2025080703,中日,阪神,ブライト,田中,岡林,細川,ボスラー,チェイビス,山本,加藤匠,金丸
cl2025080801,巨人,ＤｅＮＡ,丸,佐々木,泉口,キャベッジ,甲斐,中山,リチャード,門脇,山崎
cl2025080801,ＤｅＮＡ,巨人,桑原,蝦名,佐野,宮崎,オースティン,山本,林,京田,ジャクソン
cl2025080802,広島,中日,中村奨,矢野,ファビアン,末包,坂倉,モンテロ,二俣,前川,高
cl2025080802,中日,広島,ブライト,田中,岡林,細川,ボスラー,チェイビス,石伊,山本,マラー
cl2025080803,ヤクルト,阪神,太田,赤羽,内山,村上,オスナ,古賀,山田,長岡,高梨
cl2025080803,阪神,ヤクルト,近本,中野,中川,佐藤輝,大山,小幡,坂本,島田,伊藤将
cl2025080901,巨人,ＤｅＮＡ,丸,佐々木,泉口,キャベッジ,岸田,増田陸,リチャード,門脇,又木
cl2025080901,ＤｅＮＡ,巨人,梶原,蝦名,佐野,宮崎,ビシエド,山本,林,京田,ケイ
cl2025080902,広島,中日,大盛,羽月,野間,坂倉,秋山,前川,モンテロ,矢野,森下
cl2025080902,中日,広島,上林,田中,岡林,細川,ボスラー,チェイビス,土田,加藤匠,高橋宏
cl2025080903,ヤクルト,阪神,太田,長岡,内山,村上,オスナ,山田,中村悠,岩田,吉村
cl2025080903,阪神,ヤクルト,近本,中野,森下,佐藤輝,大山,小幡,坂本,高寺,デュプランティエ
cl2025081002,広島,中日,中村奨,前川,ファビアン,末包,坂倉,菊池,モンテロ,二俣,玉村
cl2025081002,中日,広島,ブライト,田中,岡林,細川,ボスラー,チェイビス,石伊,山本,松葉
cl2025081003,ヤクルト,阪神,太田,長岡,内山,村上,オスナ,山田,中村悠,丸山和,奥川
cl2025081003,阪神,ヤクルト,近本,中野,森下,佐藤輝,大山,高寺,坂本,小幡,才木
cl2025081101,中日,巨人,上林,田中,ボスラー,細川,チェイビス,石伊,岡林,山本,メヒア
cl2025081101,巨人,中日,丸,佐々木,泉口,キャベッジ,岸田,大城卓,リチャード,門脇,戸郷
cl2025081102,ＤｅＮＡ,ヤクルト,桑原,蝦名,佐野,オースティン,宮崎,山本,林,京田,平良
cl2025081102,ヤクルト,ＤｅＮＡ,太田,岩田,内山,村上,オスナ,山田,中村悠,伊藤,小川
cl2025081201,中日,巨人,ブライト,田中,ボスラー,細川,チェイビス,石伊,岡林,山本,大野
cl2025081201,巨人,中日,丸,佐々木,泉口,キャベッジ,岸田,坂本,リチャード,門脇,森田
cl2025081202,ＤｅＮＡ,ヤクルト,梶原,蝦名,佐野,宮崎,戸柱,フォード,林,京田,石田裕
cl2025081202,ヤクルト,ＤｅＮＡ,太田,岩田,内山,村上,北村恵,長岡,古賀,赤羽,ランバート
cl2025081203,阪神,広島,近本,熊谷,森下,前川,大山,木浪,坂本,植田,大竹
cl2025081203,広島,阪神,中村奨,ファビアン,小園,末包,モンテロ,菊池,佐々木,石原,床田
cl2025081301,中日,巨人,岡林,山本,上林,細川,ボスラー,石伊,チェイビス,柳,土田
cl2025081301,巨人,中日,丸,佐々木,泉口,キャベッジ,岸田,中山,リチャード,門脇,田中将
cl2025081302,ＤｅＮＡ,ヤクルト,蝦名,林,佐野,オースティン,山本,梶原,三森,京田,東
cl2025081302,ヤクルト,ＤｅＮＡ,太田,長岡,内山,村上,北村恵,山田,古賀,岩田,アビラ
cl2025081303,阪神,広島,近本,中野,森下,佐藤輝,大山,高寺,坂本,小幡,高橋
cl2025081303,広島,阪神,中村奨,ファビアン,小園,末包,モンテロ,前川,佐々木,石原,大瀬良
cl2025081501,阪神,巨人,近本,中野,森下,佐藤輝,大山,高寺,坂本,小幡,伊藤将
cl2025081501,巨人,阪神,丸,佐々木,泉口,キャベッジ,甲斐,増田陸,リチャード,門脇,山崎
cl2025081502,ＤｅＮＡ,中日,蝦名,桑原,佐野,オースティン,宮崎,山本,林,京田,ジャクソン
cl2025081502,中日,ＤｅＮＡ,岡林,田中,上林,細川,ボスラー,チェイビス,山本,石伊,金丸
cl2025081503,ヤクルト,広島,太田,伊藤,内山,村上,オスナ,山田,古賀,岩田,高梨
cl2025081503,広島,ヤクルト,中村奨,ファビアン,小園,末包,坂倉,モンテロ,佐々木,前川,森
cl2025081601,阪神,巨人,近本,中野,森下,佐藤輝,大山,小幡,中川,坂本,村上
cl2025081601,巨人,阪神,丸,ヘルナンデス,泉口,岡本,キャベッジ,中山,リチャード,甲斐,井上
cl2025081602,ＤｅＮＡ,中日,蝦名,桑原,佐野,オースティン,宮崎,山本,林,京田,竹田
cl2025081602,中日,ＤｅＮＡ,岡林,田中,上林,細川,ボスラー,チェイビス,山本,加藤匠,高橋宏
cl2025081603,ヤクルト,広島,太田,長岡,内山,村上,オスナ,山田,中村悠,岩田,吉村
cl2025081603,広島,ヤクルト,秋山,中村奨,小園,末包,坂倉,モンテロ,佐々木,菊池,森下
cl2025081701,阪神,巨人,近本,中野,森下,佐藤輝,大山,高寺,坂本,小幡,才木
cl2025081701,巨人,阪神,丸,若林,泉口,岡本,キャベッジ,岸田,大城卓,中山,赤星
cl2025081702,ＤｅＮＡ,中日,蝦名,桑原,佐野,宮崎,ビシエド,戸柱,林,京田,藤浪
cl2025081702,中日,ＤｅＮＡ,岡林,樋口,上林,ボスラー,板山,駿太,宇佐見,松葉,土田
cl2025081703,ヤクルト,広島,太田,長岡,内山,村上,オスナ,山田,古賀,赤羽,奥川
cl2025081703,広島,ヤクルト,中村奨,ファビアン,小園,末包,坂倉,モンテロ,佐々木,菊池,遠藤
cl2025081901,巨人,ヤクルト,泉口,キャベッジ,丸,岡本,岸田,中山,リチャード,佐々木,戸郷
cl2025081901,ヤクルト,巨人,太田,長岡,内山,村上,オスナ,山田,古賀,赤羽,ランバート
cl2025081902,広島,ＤｅＮＡ,中村奨,ファビアン,小園,末包,坂倉,モンテロ,菊池,佐々木,床田
cl2025081902,ＤｅＮＡ,広島,蝦名,桑原,佐野,オースティン,宮崎,山本,林,京田,平良
cl2025081903,中日,阪神,上林,板山,岡林,細川,ボスラー,チェイビス,山本,石伊,マラー
cl2025081903,阪神,中日,熊谷,中野,森下,佐藤輝,大山,中川,栄枝,井坪,ビーズリー
cl2025082001,巨人,ヤクルト,泉口,キャベッジ,丸,岡本,岸田,中山,リチャード,佐々木,森田
cl2025082001,ヤクルト,巨人,増田,伊藤,内山,村上,オスナ,山田,古賀,岩田,アビラ
cl2025082002,広島,ＤｅＮＡ,中村奨,ファビアン,小園,末包,坂倉,モンテロ,菊池,佐々木,大瀬良
cl2025082002,ＤｅＮＡ,広島,蝦名,林,佐野,オースティン,山本,梶原,三森,京田,東
cl2025082003,中日,阪神,ブライト,田中,岡林,細川,ボスラー,チェイビス,山本,石伊,大野
cl2025082003,阪神,中日,近本,中野,森下,佐藤輝,大山,中川,坂本,熊谷,伊原
cl2025082101,巨人,ヤクルト,泉口,佐々木,丸,岡本,岸田,中山,リチャード,若林,田中将
cl2025082101,ヤクルト,巨人,増田,長岡,内山,村上,オスナ,山田,岩田,中村悠,石川
cl2025082102,広島,ＤｅＮＡ,中村奨,ファビアン,小園,モンテロ,坂倉,羽月,大盛,佐々木,高
cl2025082102,ＤｅＮＡ,広島,蝦名,桑原,佐野,宮崎,山本,ビシエド,林,京田,バウアー
cl2025082201,ＤｅＮＡ,巨人,蝦名,桑原,佐野,オースティン,宮崎,山本,林,三森,ジャクソン
cl2025082201,巨人,ＤｅＮＡ,泉口,佐々木,丸,岡本,吉川,中山,リチャード,甲斐,横川
cl2025082202,阪神,ヤクルト,近本,中野,森下,佐藤輝,大山,高寺,坂本,熊谷,高橋
cl2025082202,ヤクルト,阪神,増田,伊藤,内山,村上,オスナ,山田,古賀,岩田,高梨
cl2025082203,中日,広島,上林,田中,岡林,細川,ボスラー,山本,チェイビス,石伊,柳
cl2025082203,広島,中日,中村奨,ファビアン,小園,モンテロ,坂倉,羽月,秋山,佐々木,森
cl2025082301,ＤｅＮＡ,巨人,蝦名,桑原,ビシエド,宮崎,戸柱,佐野,林,石上,石田裕
cl2025082301,巨人,ＤｅＮＡ,泉口,若林,中山,岡本,吉川,リチャード,浅野,甲斐,井上
cl2025082302,阪神,ヤクルト,近本,中野,森下,佐藤輝,大山,井坪,坂本,熊谷,伊藤将
cl2025082302,ヤクルト,阪神,太田,岩田,内山,村上,オスナ,山田,古賀,伊藤,山野
cl2025082303,中日,広島,岡林,樋口,上林,細川,ボスラー,山本,チェイビス,加藤匠,高橋宏
cl2025082303,広島,中日,中村奨,ファビアン,小園,モンテロ,坂倉,羽月,大盛,佐々木,森下
cl2025082401,ＤｅＮＡ,巨人,蝦名,桑原,宮崎,オースティン,筒香,山本,林,京田,竹田
cl2025082401,巨人,ＤｅＮＡ,泉口,佐々木,丸,岡本,吉川,中山,岸田,リチャード,赤星
cl2025082402,阪神,ヤクルト,近本,中野,森下,佐藤輝,大山,高寺,坂本,小幡,才木
cl2025082402,ヤクルト,阪神,太田,長岡,内山,村上,オスナ,山田,古賀,丸山和,奥川
cl2025082403,中日,広島,岡林,田中,ブライト,細川,ボスラー,山本,チェイビス,石伊,金丸
cl2025082403,広島,中日,中村奨,前川,ファビアン,モンテロ,末包,菊池,佐々木,石原,常広
cl2025082601,阪神,ＤｅＮＡ,近本,中野,森下,佐藤輝,大山,高寺,坂本,小幡,村上
cl2025082601,ＤｅＮＡ,阪神,蝦名,桑原,佐野,宮崎,筒香,山本,林,京田,ケイ
cl2025082602,ヤクルト,中日,太田,赤羽,内山,村上,オスナ,北村恵,長岡,中村悠,小川
cl2025082602,中日,ヤクルト,岡林,田中,上林,細川,ボスラー,山本,チェイビス,石伊,マラー
cl2025082603,巨人,広島,泉口,浅野,丸,岡本,吉川,中山,リチャード,岸田,戸郷
cl2025082603,広島,巨人,中村奨,ファビアン,小園,モンテロ,末包,羽月,坂倉,佐々木,床田
cl2025082701,阪神,ＤｅＮＡ,近本,中野,森下,佐藤輝,大山,熊谷,豊田,梅野,早川
cl2025082701,ＤｅＮＡ,阪神,蝦名,桑原,筒香,オースティン,佐野,山本,林,石上,東
cl2025082702,ヤクルト,中日,太田,西川,内山,村上,オスナ,北村恵,長岡,古賀,ランバート
cl2025082702,中日,ヤクルト,岡林,田中,ブライト,細川,ボスラー,山本,チェイビス,石伊,大野
cl2025082703,巨人,広島,泉口,浅野,中山,岡本,キャベッジ,リチャード,吉川,岸田,森田
cl2025082703,広島,巨人,中村奨,ファビアン,小園,モンテロ,末包,菊池,佐々木,会沢,大瀬良
cl2025082801,阪神,ＤｅＮＡ,中野,熊谷,森下,佐藤輝,大山,小幡,梅野,高寺,伊原
cl2025082801,ＤｅＮＡ,阪神,蝦名,桑原,筒香,オースティン,宮崎,松尾,知野,石上,森唯
cl2025082802,ヤクルト,中日,太田,長岡,内山,村上,オスナ,北村恵,西川,中村悠,吉村
cl2025082802,中日,ヤクルト,岡林,田中,上林,細川,ボスラー,山本,チェイビス,石伊,仲地
cl2025082803,巨人,広島,丸,吉川,泉口,岡本,キャベッジ,岸田,リチャード,中山,田中将
cl2025082803,広島,巨人,中村奨,ファビアン,小園,モンテロ,末包,坂倉,菊池,佐々木,高
cl2025082901,広島,ヤクルト,中村奨,ファビアン,小園,モンテロ,末包,羽月,坂倉,佐々木,森
cl2025082901,ヤクルト,広島,太田,浜田,内山,村上,オスナ,古賀,北村拓,伊藤,高梨
cl2025082902,中日,ＤｅＮＡ,岡林,田中,上林,細川,ボスラー,山本,チェイビス,石伊,柳
cl2025082902,ＤｅＮＡ,中日,蝦名,桑原,筒香,オースティン,宮崎,山本,知野,石上,ジャクソン
cl2025082903,巨人,阪神,丸,吉川,泉口,岡本,岸田,キャベッジ,リチャード,若林,山崎
cl2025082903,阪神,巨人,近本,中野,森下,佐藤輝,大山,熊谷,坂本,高寺,大竹
cl2025083001,広島,ヤクルト,中村奨,ファビアン,小園,モンテロ,末包,菊池,坂倉,佐々木,高橋
cl2025083001,ヤクルト,広島,浜田,長岡,内山,村上,オスナ,太田,北村恵,古賀,山野
cl2025083002,中日,ＤｅＮＡ,岡林,田中,上林,細川,ボスラー,山本,チェイビス,加藤匠,高橋宏
cl2025083002,ＤｅＮＡ,中日,蝦名,桑原,筒香,宮崎,佐野,戸柱,林,京田,石田裕
cl2025083003,巨人,阪神,丸,泉口,岡本,岸田,キャベッジ,吉川,リチャード,オコエ,井上
cl2025083003,阪神,巨人,近本,中野,森下,佐藤輝,大山,熊谷,小幡,坂本,高橋
cl2025083101,広島,ヤクルト,中村奨,羽月,小園,モンテロ,坂倉,菊池,末包,大盛,常広
cl2025083101,ヤクルト,広島,浜田,長岡,太田,村上,オスナ,北村恵,古賀,岩田,下川
cl2025083102,中日,ＤｅＮＡ,岡林,樋口,上林,ボスラー,板山,大島,ロドリゲス,宇佐見,松葉
cl2025083102,ＤｅＮＡ,中日,蝦名,度会,筒香,オースティン,佐野,松尾,知野,林,藤浪
cl2025083103,巨人,阪神,丸,泉口,岡本,岸田,吉川,中山,リチャード,若林,横川
cl2025083103,阪神,巨人,近本,中野,森下,佐藤輝,大山,熊谷,小野寺,坂本,才木
cl2025090201,ヤクルト,巨人,浜田,長岡,内山,村上,オスナ,北村恵,古賀,岩田,奥川
cl2025090201,巨人,ヤクルト,キャベッジ,泉口,岡本,岸田,吉川,中山,リチャード,若林,戸郷
cl2025090202,阪神,中日,近本,植田,森下,佐藤輝,大山,熊谷,小野寺,坂本,村上
cl2025090202,中日,阪神,岡林,田中,上林,細川,ボスラー,山本,チェイビス,加藤匠,マラー
cl2025090203,ＤｅＮＡ,広島,蝦名,桑原,佐野,オースティン,宮崎,山本,知野,林,ケイ
cl2025090203,広島,ＤｅＮＡ,中村奨,ファビアン,小園,モンテロ,末包,菊池,坂倉,佐々木,床田
cl2025090301,ヤクルト,巨人,浜田,長岡,内山,村上,オスナ,北村恵,古賀,岩田,ランバート
cl2025090301,巨人,ヤクルト,丸,若林,泉口,岡本,岸田,中山,リチャード,吉川,森田
cl2025090302,阪神,中日,中野,熊谷,森下,佐藤輝,大山,小野寺,中川,坂本,伊藤将
cl2025090302,中日,阪神,岡林,田中,上林,細川,ボスラー,山本,石川昂,石伊,大野
cl2025090303,ＤｅＮＡ,広島,蝦名,桑原,筒香,オースティン,佐野,山本,林,京田,東
cl2025090303,広島,ＤｅＮＡ,中村奨,ファビアン,小園,モンテロ,末包,菊池,佐々木,会沢,大瀬良
cl2025090401,ヤクルト,巨人,浜田,長岡,内山,村上,オスナ,北村恵,中村悠,岩田,吉村
cl2025090401,巨人,ヤクルト,丸,若林,泉口,岡本,岸田,中山,リチャード,吉川,又木
cl2025090402,阪神,中日,近本,中野,森下,佐藤輝,大山,熊谷,高寺,梅野,ネルソン
cl2025090402,中日,阪神,岡林,田中,上林,細川,ボスラー,山本,チェイビス,石伊,涌井
cl2025090403,ＤｅＮＡ,広島,蝦名,桑原,筒香,ビシエド,佐野,松尾,知野,林,平良
cl2025090403,広島,ＤｅＮＡ,中村奨,ファビアン,小園,モンテロ,末包,菊池,坂倉,佐々木,高
cl2025090501,ヤクルト,ＤｅＮＡ,浜田,長岡,内山,村上,オスナ,山田,古賀,岩田,高梨
cl2025090501,ＤｅＮＡ,ヤクルト,蝦名,桑原,佐野,筒香,山本,度会,知野,林,ジャクソン
cl2025090502,巨人,中日,丸,キャベッジ,泉口,岡本,岸田,中山,リチャード,吉川,山崎
cl2025090502,中日,巨人,岡林,福永,上林,細川,ボスラー,山本,ロドリゲス,石伊,柳
cl2025090503,広島,阪神,中村奨,ファビアン,小園,モンテロ,末包,菊池,坂倉,佐々木,森
cl2025090503,阪神,広島,近本,中野,森下,佐藤輝,大山,熊谷,木浪,坂本,大竹
cl2025090601,ヤクルト,ＤｅＮＡ,浜田,岩田,内山,村上,オスナ,山田,古賀,伊藤,山野
cl2025090601,ＤｅＮＡ,ヤクルト,蝦名,桑原,筒香,オースティン,佐野,山本,知野,林,竹田
cl2025090602,巨人,中日,丸,キャベッジ,泉口,岡本,岸田,中山,リチャード,吉川,井上
cl2025090602,中日,巨人,岡林,田中,上林,細川,ボスラー,山本,チェイビス,加藤匠,高橋宏
cl2025090603,広島,阪神,中村奨,ファビアン,小園,モンテロ,末包,菊池,佐々木,石原,常広
cl2025090603,阪神,広島,近本,中野,森下,佐藤輝,大山,高寺,坂本,小幡,門別
cl2025090701,ヤクルト,ＤｅＮＡ,浜田,岩田,内山,村上,オスナ,長岡,北村恵,中村悠,小川
cl2025090701,ＤｅＮＡ,ヤクルト,蝦名,桑原,筒香,ビシエド,佐野,松尾,林,京田,藤浪
cl2025090702,巨人,中日,丸,キャベッジ,泉口,岡本,岸田,中山,リチャード,吉川,横川
cl2025090702,中日,巨人,ブライト,田中,岡林,細川,ボスラー,福永,山本,石伊,松葉
cl2025090703,広島,阪神,中村奨,ファビアン,羽月,小園,モンテロ,秋山,佐々木,石原,アドゥワ
cl2025090703,阪神,広島,近本,中野,森下,佐藤輝,大山,木浪,高寺,坂本,才木
cl2025090901,広島,巨人,中村奨,ファビアン,小園,モンテロ,末包,坂倉,菊池,佐々木,床田
cl2025090901,巨人,広島,丸,キャベッジ,泉口,岡本,岸田,中山,リチャード,吉川,戸郷
cl2025090902,中日,ヤクルト,岡林,田中,上林,細川,ボスラー,福永,山本,石伊,松木平
cl2025090902,ヤクルト,中日,浜田,長岡,内山,村上,オスナ,北村恵,古賀,岩田,奥川
cl2025090903,ＤｅＮＡ,阪神,蝦名,桑原,筒香,オースティン,佐野,山本,林,京田,ケイ
cl2025090903,阪神,ＤｅＮＡ,近本,中野,森下,佐藤輝,大山,木浪,高寺,坂本,村上
cl2025091001,広島,巨人,中村奨,ファビアン,小園,モンテロ,末包,菊池,佐々木,会沢,大瀬良
cl2025091001,巨人,広島,丸,キャベッジ,泉口,岡本,岸田,中山,リチャード,吉川,森田
cl2025091002,中日,ヤクルト,岡林,田中,ブライト,細川,ボスラー,山本,チェイビス,石伊,金丸
cl2025091002,ヤクルト,中日,浜田,長岡,内山,村上,オスナ,北村恵,古賀,岩田,ランバート
cl2025091003,ＤｅＮＡ,阪神,蝦名,桑原,筒香,オースティン,佐野,山本,林,石上,東
cl2025091003,阪神,ＤｅＮＡ,近本,梅野,森下,佐藤輝,大山,熊谷,井坪,植田,伊藤将
cl2025091101,広島,巨人,中村奨,大盛,小園,ファビアン,坂倉,菊池,前川,佐々木,高
cl2025091101,巨人,広島,若林,キャベッジ,泉口,岡本,岸田,中山,リチャード,増田大,山崎
cl2025091102,中日,ヤクルト,岡林,田中,上林,細川,ボスラー,山本,チェイビス,石伊,涌井
cl2025091102,ヤクルト,中日,浜田,長岡,北村恵,村上,オスナ,太田,中村悠,岩田,吉村
cl2025091103,ＤｅＮＡ,阪神,蝦名,桑原,筒香,ビシエド,佐野,戸柱,加藤,林,石田裕
cl2025091103,阪神,ＤｅＮＡ,近本,中野,森下,佐藤輝,原口,高寺,木浪,坂本,大竹
cl2025091201,ＤｅＮＡ,ヤクルト,蝦名,度会,筒香,ビシエド,佐野,松尾,林,石上,ジャクソン
cl2025091201,ヤクルト,ＤｅＮＡ,浜田,長岡,北村恵,村上,オスナ,内山,古賀,岩田,高梨
cl2025091202,中日,広島,田中,山本,岡林,細川,上林,福永,ボスラー,石伊,柳
cl2025091202,広島,中日,中村奨,ファビアン,小園,モンテロ,坂倉,羽月,佐々木,大盛,森
cl2025091301,阪神,巨人,近本,中野,森下,佐藤輝,大山,小野寺,坂本,熊谷,高橋
cl2025091301,巨人,阪神,丸,キャベッジ,泉口,岡本,岸田,中山,リチャード,増田大,横川
cl2025091302,ＤｅＮＡ,ヤクルト,蝦名,桑原,佐野,オースティン,山本,加藤,石上,林,竹田
cl2025091302,ヤクルト,ＤｅＮＡ,浜田,長岡,北村恵,村上,オスナ,内山,古賀,岩田,山野
cl2025091303,中日,広島,岡林,田中,上林,細川,福永,ボスラー,山本,加藤匠,高橋宏
cl2025091303,広島,中日,中村奨,ファビアン,小園,モンテロ,坂倉,羽月,秋山,佐々木,常広
cl2025091401,巨人,ＤｅＮＡ,丸,キャベッジ,泉口,岡本,岸田,中山,リチャード,浦田,赤星
cl2025091401,ＤｅＮＡ,巨人,蝦名,桑原,筒香,オースティン,佐野,松尾,石上,林,藤浪
cl2025091402,中日,阪神,岡林,田中,上林,細川,福永,ボスラー,山本,石伊,大野
cl2025091402,阪神,中日,中野,熊谷,森下,佐藤輝,大山,小野寺,坂本,井坪,才木
cl2025091403,ヤクルト,広島,浜田,岩田,内山,村上,オスナ,北村恵,中村悠,伊藤,アビラ
cl2025091403,広島,ヤクルト,中村奨,ファビアン,小園,モンテロ,坂倉,秋山,菊池,佐々木,アドゥワ
cl2025091501,巨人,ＤｅＮＡ,丸,キャベッジ,泉口,岡本,岸田,中山,リチャード,浦田,田中将
cl2025091501,ＤｅＮＡ,巨人,蝦名,度会,筒香,オースティン,佐野,山本,石上,林,ケイ
cl2025091502,中日,阪神,岡林,田中,板山,細川,ボスラー,山本,上林,石伊,松葉
cl2025091502,阪神,中日,井坪,中野,森下,佐藤輝,大山,小野寺,坂本,熊谷,ネルソン
cl2025091503,ヤクルト,広島,浜田,岩田,内山,村上,オスナ,北村恵,中村悠,伊藤,青柳
cl2025091503,広島,ヤクルト,中村奨,羽月,小園,ファビアン,坂倉,秋山,矢野,前川,玉村
cl2025091701,巨人,ヤクルト,丸,キャベッジ,泉口,岡本,岸田,中山,リチャード,浦田,戸郷
cl2025091701,ヤクルト,巨人,浜田,長岡,内山,村上,オスナ,北村恵,古賀,岩田,奥川
cl2025091702,ＤｅＮＡ,中日,蝦名,桑原,筒香,オースティン,佐野,山本,石上,林,東
cl2025091702,中日,ＤｅＮＡ,大島,辻本,岡林,細川,福永,山本,ボスラー,石伊,金丸
cl2025091703,阪神,広島,近本,熊谷,森下,大山,木浪,中川,坂本,植田,村上
cl2025091703,広島,阪神,中村奨,ファビアン,小園,モンテロ,坂倉,秋山,菊池,佐々木,床田
cl2025091801,巨人,ヤクルト,丸,キャベッジ,泉口,岡本,岸田,中山,リチャード,浦田,森田
cl2025091801,ヤクルト,巨人,並木,長岡,内山,村上,オスナ,山田,中村悠,岩田,高橋
cl2025091802,ＤｅＮＡ,中日,蝦名,桑原,筒香,ビシエド,佐野,戸柱,石上,林,石田裕
cl2025091802,中日,ＤｅＮＡ,岡林,田中,上林,細川,ボスラー,福永,ロドリゲス,加藤匠,涌井
cl2025091806,阪神,広島,近本,中野,森下,大山,木浪,ヘルナンデス,中川,坂本,大竹
cl2025091806,広島,阪神,中村奨,ファビアン,小園,モンテロ,末包,菊池,佐々木,石原,高
cl2025091901,広島,巨人,中村奨,ファビアン,小園,末包,坂倉,佐々木,矢野,会沢,大瀬良
cl2025091901,巨人,広島,若林,キャベッジ,泉口,岡本,岸田,中山,リチャード,浦田,山崎
cl2025091902,ヤクルト,中日,並木,長岡,内山,村上,オスナ,山田,古賀,岩田,吉村
cl2025091902,中日,ヤクルト,岡林,福永,上林,中田,細川,板山,山本,石伊,柳
cl2025091903,ＤｅＮＡ,阪神,蝦名,桑原,筒香,ビシエド,松尾,度会,石上,林,ジャクソン
cl2025091903,阪神,ＤｅＮＡ,近本,中野,森下,佐藤輝,大山,木浪,高寺,梅野,早川
cl2025092001,広島,巨人,中村奨,ファビアン,小園,末包,モンテロ,菊池,佐々木,石原,森
cl2025092001,巨人,広島,丸,キャベッジ,泉口,岡本,岸田,中山,リチャード,浦田,横川
cl2025092002,ヤクルト,中日,村上,長岡,内山,オスナ,北村恵,赤羽,中村悠,岩田,小川
cl2025092002,中日,ヤクルト,岡林,福永,上林,細川,ボスラー,板山,ロドリゲス,加藤匠,岡田
cl2025092003,ＤｅＮＡ,阪神,蝦名,桑原,筒香,オースティン,山本,度会,石上,加藤,竹田
cl2025092003,阪神,ＤｅＮＡ,近本,中野,森下,佐藤輝,大山,高寺,小幡,梅野,高橋
cl2025092101,阪神,ヤクルト,近本,中野,森下,佐藤輝,大山,中川,熊谷,坂本,伊藤将
cl2025092101,ヤクルト,阪神,並木,長岡,内山,北村恵,オスナ,山田,古賀,岩田,山野
cl2025092102,広島,ＤｅＮＡ,中村奨,ファビアン,小園,佐々木,大盛,坂倉,矢野,清水,常広
cl2025092102,ＤｅＮＡ,広島,蝦名,桑原,筒香,オースティン,佐野,山本,石上,林,平良
cl2025092103,巨人,中日,丸,キャベッジ,泉口,岡本,岸田,中山,リチャード,浦田,田中将
cl2025092103,中日,巨人,岡林,田中,上林,細川,ボスラー,福永,ロドリゲス,石伊,大野
cl2025092201,阪神,ヤクルト,近本,中野,森下,佐藤輝,前川,高寺,小幡,坂本,才木
cl2025092201,ヤクルト,阪神,太田,長岡,内山,北村恵,オスナ,山田,中村悠,岩田,青柳
cl2025092301,中日,ヤクルト,岡林,田中,上林,細川,ボスラー,山本,森駿,石伊,マラー
cl2025092301,ヤクルト,中日,増田,長岡,内山,北村恵,オスナ,山田,古賀,岩田,下川
cl2025092302,阪神,ＤｅＮＡ,近本,中野,前川,佐藤輝,大山,木浪,高寺,坂本,ネルソン
cl2025092302,ＤｅＮＡ,阪神,蝦名,桑原,佐野,筒香,山本,度会,石上,林,ケイ
cl2025092303,巨人,広島,オコエ,キャベッジ,泉口,岡本,岸田,中山,リチャード,浦田,戸郷
cl2025092303,広島,巨人,中村奨,ファビアン,小園,佐々木,末包,林,佐藤啓,清水,玉村
cl2025092610,広島,ヤクルト,中村奨,大盛,佐々木,末包,林,矢野,佐藤啓,石原,床田
cl2025092610,ヤクルト,広島,並木,長岡,内山,北村恵,オスナ,山田,古賀,岩田,アビラ
cl2025092611,中日,阪神,岡林,細川,上林,ボスラー,田中,森駿,山本,味谷,柳
cl2025092611,阪神,中日,近本,中野,森下,佐藤輝,大山,前川,坂本,熊谷,村上
cl2025092612,巨人,ＤｅＮＡ,丸,キャベッジ,泉口,岡本,岸田,オコエ,リチャード,浦田,山崎
cl2025092612,ＤｅＮＡ,巨人,蝦名,桑原,筒香,オースティン,山本,佐野,石上,林,東
cl2025092711,広島,ヤクルト,中村奨,大盛,佐々木,モンテロ,前川,佐藤啓,内田,石原,森
cl2025092711,ヤクルト,広島,並木,長岡,内山,村上,オスナ,山田,太田,中村悠,吉村
cl2025092712,巨人,ＤｅＮＡ,丸,キャベッジ,泉口,岡本,岸田,リチャード,中山,浦田,グリフィン
cl2025092712,ＤｅＮＡ,巨人,蝦名,桑原,筒香,ビシエド,佐野,松尾,石上,林,ジャクソン
cl2025092713,中日,阪神,岡林,細川,ブライト,ボスラー,福永,森駿,山本,加藤匠,高橋宏
cl2025092713,阪神,中日,近本,中野,森下,佐藤輝,大山,前川,木浪,坂本,大竹
cl2025092811,巨人,ヤクルト,佐々木,キャベッジ,泉口,岡本,リチャード,岸田,中山,浦田,横川
cl2025092811,ヤクルト,巨人,塩見,長岡,山田,村上,オスナ,内山,浜田,中村悠,高橋
cl2025092812,ＤｅＮＡ,広島,蝦名,桑原,筒香,ビシエド,佐野,山本,石上,林,竹田
cl2025092812,広島,ＤｅＮＡ,中村奨,大盛,佐々木,モンテロ,前川,林,矢野,清水,高
cl2025092813,中日,阪神,岡林,鵜飼,田中,細川,ボスラー,山本,森駿,石伊,金丸
cl2025092813,阪神,中日,近本,中野,森下,佐藤輝,大山,中川,坂本,熊谷,伊原
cl2025093002,中日,巨人,岡林,細川,上林,ボスラー,福永,森駿,石伊,辻本,マラー
cl2025093002,巨人,中日,若林,キャベッジ,泉口,岡本,リチャード,中山,増田陸,小林,田中将
cl2025093003,ヤクルト,ＤｅＮＡ,並木,長岡,北村恵,村上,オスナ,内山,増田,古賀,山野
cl2025093003,ＤｅＮＡ,ヤクルト,蝦名,桑原,山本,ビシエド,神里,加藤,石上,林,ケイ
cl2025100102,中日,巨人,岡林,細川,田中,ボスラー,鵜飼,森駿,辻本,味谷,草加
cl2025100102,巨人,中日,丸,キャベッジ,泉口,岡本,リチャード,中山,浦田,山瀬,山崎
cl2025100103,ヤクルト,ＤｅＮＡ,岩田,内山,北村恵,村上,オスナ,中村悠,西村,田中,小川
cl2025100103,ＤｅＮＡ,ヤクルト,蝦名,桑原,佐野,筒香,松尾,度会,石上,林,バウアー
cl2025100202,ヤクルト,阪神,岩田,長岡,内山,村上,オスナ,北村恵,太田,古賀,青柳
cl2025100202,阪神,ヤクルト,近本,中野,佐藤輝,大山,前川,高寺,小幡,坂本,村上
cl2025100301,ヤクルト,広島,田中,西村,内山,村上,オスナ,北村恵,橋本,鈴木叶,高梨
cl2025100301,広島,ヤクルト,中村奨,大盛,小園,佐々木,林,渡辺,佐藤啓,清水,斉藤
cl2025100401,ヤクルト,広島,並木,長岡,内山,村上,オスナ,北村恵,浜田,中村悠,下川
cl2025100401,広島,ヤクルト,田中,菊池,中村奨,佐々木,末包,渡辺,久保,石原,佐藤柳
il2025060301,阪神,日本ハム,近本,中野,森下,佐藤輝,大山,ヘルナンデス,豊田,木浪,梅野
il2025060301,日本ハム,阪神,矢沢,水谷,清宮幸,レイエス,郡司,万波,上川畑,山県,進藤
il2025060302,ＤｅＮＡ,楽天,桑原,オースティン,佐野,牧,宮崎,筒香,度会,山本,森敬
il2025060302,楽天,ＤｅＮＡ,小森,小深田,浅村,フランコ,村林,伊藤,宗山,太田,辰己
il2025060303,ヤクルト,西武,北村拓,武岡,サンタナ,沢井,オスナ,内山,赤羽,古賀,岩田
il2025060303,西武,ヤクルト,西川,源田,セデーニョ,ネビン,長谷川,山村,蛭間,古賀悠,滝沢
il2025060305,広島,オリックス,秋山,小園,ファビアン,末包,坂倉,モンテロ,野間,佐々木,矢野
il2025060305,オリックス,広島,広岡,紅林,西川,頓宮,中川,杉本,森,若月,西野
il2025060306,中日,ソフトバンク,上林,田中,岡林,カリステ,ボスラー,高橋周,川越,石伊,村松
il2025060306,ソフトバンク,中日,周東,今宮,柳町,近藤,中村,栗原,山川,海野,野村
il2025060401,阪神,日本ハム,近本,中野,森下,佐藤輝,大山,糸原,ヘルナンデス,木浪,梅野
il2025060401,日本ハム,阪神,水谷,清宮幸,レイエス,郡司,伏見,万波,石井,松本剛,山県
il2025060402,ＤｅＮＡ,楽天,桑原,オースティン,佐野,牧,宮崎,筒香,度会,山本,森敬
il2025060402,楽天,ＤｅＮＡ,中島,小深田,村林,浅村,渡辺佳,宗山,小森,太田,小郷
il2025060403,ヤクルト,西武,北村拓,宮本,オスナ,サンタナ,増田,赤羽,古賀,武岡,岩田
il2025060403,西武,ヤクルト,西川,源田,中村剛,ネビン,外崎,平沼,長谷川,古賀悠,元山
il2025060404,巨人,ロッテ,増田陸,門脇,泉口,キャベッジ,吉川,ヘルナンデス,丸,若林,甲斐
il2025060404,ロッテ,巨人,藤原,寺地,池田,山本,岡,藤岡,安田,佐藤,友杉
il2025060405,広島,オリックス,中村奨,小園,ファビアン,末包,坂倉,モンテロ,秋山,菊池,矢野
il2025060405,オリックス,広島,広岡,大城,頓宮,杉本,西川,森,紅林,若月,中川
il2025060406,中日,ソフトバンク,上林,田中,岡林,カリステ,ブライト,ボスラー,山本,石伊,村松
il2025060406,ソフトバンク,中日,周東,川瀬,柳町,近藤,中村,栗原,山川,渡辺,野村
il2025060501,阪神,日本ハム,近本,中野,森下,佐藤輝,大山,ヘルナンデス,熊谷,木浪,坂本
il2025060501,日本ハム,阪神,石井,清宮幸,レイエス,郡司,浅間,万波,山県,五十幡,進藤
il2025060502,ＤｅＮＡ,楽天,桑原,松尾,佐野,牧,宮崎,筒香,度会,山本,石上
il2025060502,楽天,ＤｅＮＡ,小森,小深田,浅村,フランコ,村林,渡辺佳,中島,宗山,太田
il2025060503,ヤクルト,西武,西川,宮本,オスナ,サンタナ,北村拓,古賀,武岡,沢井,伊藤
il2025060503,西武,ヤクルト,西川,源田,セデーニョ,ネビン,牧野,山村,長谷川,蛭間,元山
il2025060504,巨人,ロッテ,増田陸,若林,泉口,キャベッジ,吉川,岸田,中山,浅野,門脇
il2025060504,ロッテ,巨人,藤原,寺地,池田,山本,ソト,藤岡,安田,友杉,高部
il2025060505,広島,オリックス,羽月,小園,ファビアン,末包,坂倉,モンテロ,秋山,佐々木,矢野
il2025060505,オリックス,広島,広岡,西川,森,頓宮,杉本,杉沢,西野,若月,野口
il2025060506,中日,ソフトバンク,上林,山本,岡林,ブライト,ボスラー,カリステ,高橋周,加藤匠,村松
il2025060506,ソフトバンク,中日,周東,今宮,柳町,近藤,中村,野村,栗原,嶺井,佐藤直
il2025060601,楽天,巨人,中島,小深田,辰己,浅村,村林,小郷,宗山,太田,ハワード
il2025060601,巨人,楽天,吉川,ヘルナンデス,泉口,キャベッジ,増田陸,岸田,オコエ,門脇,赤星
il2025060602,ソフトバンク,ヤクルト,野村,佐藤直,柳町,近藤,中村,今宮,栗原,海野,モイネロ
il2025060602,ヤクルト,ソフトバンク,赤羽,中村悠,オスナ,サンタナ,北村拓,沢井,伊藤,武岡,山野
il2025060603,日本ハム,ＤｅＮＡ,水谷,石井,清宮幸,レイエス,万波,松本剛,伏見,山県,伊藤
il2025060603,ＤｅＮＡ,日本ハム,桑原,度会,佐野,牧,筒香,松尾,京田,石上,バウアー
il2025060604,ロッテ,中日,藤原,寺地,池田,山本,ソト,藤岡,岡,友杉,小島
il2025060604,中日,ロッテ,岡林,田中,上林,カリステ,ボスラー,山本,川越,石伊,大野
il2025060605,オリックス,阪神,広岡,西川,紅林,頓宮,杉本,中川,福永,野口,東
il2025060605,阪神,オリックス,近本,中野,森下,佐藤輝,大山,小幡,坂本,木浪,村上
il2025060606,西武,広島,西川,滝沢,外崎,ネビン,長谷川,源田,平沼,炭谷,高橋
il2025060606,広島,西武,野間,小園,ファビアン,末包,坂倉,モンテロ,佐々木,菊池,森下
il2025060701,楽天,巨人,中島,小深田,辰己,浅村,村林,小郷,宗山,太田,大内
il2025060701,巨人,楽天,泉口,オコエ,吉川,キャベッジ,増田陸,ヘルナンデス,岸田,門脇,グリフィン
il2025060702,ソフトバンク,ヤクルト,周東,今宮,柳町,近藤,栗原,山川,野村,嶺井,上沢
il2025060702,ヤクルト,ソフトバンク,岩田,中村悠,オスナ,サンタナ,沢井,武岡,北村拓,伊藤,吉村
il2025060703,日本ハム,ＤｅＮＡ,水谷,五十幡,清宮幸,郡司,万波,山崎,伏見,山県,上川畑
il2025060703,ＤｅＮＡ,日本ハム,桑原,度会,佐野,牧,筒香,戸柱,京田,石上,大貫
il2025060704,ロッテ,中日,藤原,寺地,池田,山本,ソト,藤岡,岡,友杉,田中晴
il2025060704,中日,ロッテ,岡林,田中,上林,ボスラー,板山,大島,村松,加藤匠,高橋宏
il2025060705,オリックス,阪神,広岡,大城,森,頓宮,西川,杉本,紅林,中川,宮城
il2025060705,阪神,オリックス,近本,中野,森下,佐藤輝,大山,ヘルナンデス,熊谷,坂本,大竹
il2025060706,西武,広島,西川,源田,長谷川,ネビン,外崎,古賀悠,蛭間,児玉,今井
il2025060706,広島,西武,野間,小園,ファビアン,モンテロ,坂倉,末包,菊池,矢野,床田
il2025060801,楽天,巨人,小深田,小森,浅村,フランコ,村林,辰己,小郷,太田,藤井
il2025060801,巨人,楽天,泉口,オコエ,吉川,丸,増田陸,キャベッジ,岸田,リチャード,戸郷
il2025060802,ソフトバンク,ヤクルト,周東,今宮,柳町,近藤,山川,牧原大,野村,渡辺,松本晴
il2025060802,ヤクルト,ソフトバンク,並木,武岡,オスナ,サンタナ,内山,中村悠,北村拓,伊藤,高橋
il2025060803,日本ハム,ＤｅＮＡ,矢沢,五十幡,清宮幸,郡司,レイエス,万波,山県,上川畑,金村
il2025060803,ＤｅＮＡ,日本ハム,桑原,度会,佐野,牧,筒香,宮崎,松尾,森敬,石田裕
il2025060804,ロッテ,中日,藤原,寺地,池田,山本,藤岡,安田,茶谷,高部,ボス
il2025060804,中日,ロッテ,岡林,田中,上林,ボスラー,高橋周,大島,村松,石伊,松葉
il2025060805,オリックス,阪神,麦谷,西川,広岡,紅林,杉本,頓宮,福永,大城,曽谷
il2025060805,阪神,オリックス,近本,中野,森下,佐藤輝,大山,木浪,坂本,小幡,伊原
il2025060806,西武,広島,西川,滝沢,源田,ネビン,長谷川,山村,古賀悠,蛭間,武内
il2025060806,広島,西武,中村奨,小園,ファビアン,モンテロ,坂倉,末包,菊池,矢野,森
il2025061001,ヤクルト,日本ハム,並木,武岡,サンタナ,オスナ,宮本,内山,古賀,北村拓,伊藤
il2025061001,日本ハム,ヤクルト,水谷,五十幡,清宮幸,レイエス,浅間,万波,石井,山県,伏見
il2025061002,中日,楽天,岡林,田中,上林,ボスラー,高橋周,大島,川越,石伊,村松
il2025061002,楽天,中日,小郷,小深田,村林,浅村,渡辺佳,ゴンザレス,宗山,辰己,太田
il2025061003,阪神,西武,近本,中野,森下,佐藤輝,大山,ヘルナンデス,小幡,梅野,熊谷
il2025061003,西武,阪神,西川,滝沢,牧野,ネビン,平沼,源田,山村,長谷川,古賀悠
il2025061004,広島,ロッテ,中村奨,小園,ファビアン,モンテロ,坂倉,末包,上本,菊池,矢野
il2025061004,ロッテ,広島,藤原,寺地,池田,山本,藤岡,安田,佐藤,友杉,高部
il2025061005,ＤｅＮＡ,オリックス,梶原,松尾,佐野,牧,筒香,宮崎,度会,山本,京田
il2025061005,オリックス,ＤｅＮＡ,広岡,大城,紅林,西川,森,杉本,頓宮,中川,来田
il2025061006,巨人,ソフトバンク,泉口,若林,吉川,丸,増田陸,キャベッジ,坂本,中山,甲斐
il2025061006,ソフトバンク,巨人,周東,今宮,柳町,近藤,中村,山川,野村,海野,牧原大
il2025061101,ヤクルト,日本ハム,並木,サンタナ,内山,オスナ,増田,山田,古賀,北村拓,伊藤
il2025061101,日本ハム,ヤクルト,水谷,五十幡,清宮幸,レイエス,郡司,石井,万波,山県,伏見
il2025061102,中日,楽天,岡林,田中,上林,ボスラー,高橋周,大島,川越,石伊,村松
il2025061102,楽天,中日,小郷,小深田,渡辺佳,浅村,村林,ゴンザレス,宗山,辰己,太田
il2025061103,阪神,西武,近本,中野,森下,佐藤輝,大山,糸原,ヘルナンデス,小幡,坂本
il2025061103,西武,阪神,西川,滝沢,セデーニョ,ネビン,外崎,源田,長谷川,蛭間,古賀悠
il2025061104,広島,ロッテ,秋山,小園,ファビアン,モンテロ,坂倉,野間,末包,菊池,矢野
il2025061104,ロッテ,広島,藤原,寺地,池田,山本,藤岡,安田,佐藤,友杉,高部
il2025061105,ＤｅＮＡ,オリックス,桑原,度会,佐野,牧,筒香,宮崎,松尾,山本,柴田
il2025061105,オリックス,ＤｅＮＡ,西川,山中,森,紅林,杉本,広岡,杉沢,野口,若月
il2025061106,巨人,ソフトバンク,泉口,若林,吉川,丸,岸田,増田陸,坂本,キャベッジ,オコエ
il2025061106,ソフトバンク,巨人,周東,今宮,柳町,近藤,中村,栗原,野村,秋広,渡辺
il2025061201,ヤクルト,日本ハム,並木,サンタナ,内山,オスナ,増田,山田,古賀,赤羽,伊藤
il2025061201,日本ハム,ヤクルト,水谷,五十幡,清宮幸,レイエス,郡司,矢沢,山県,上川畑,進藤
il2025061202,中日,楽天,岡林,大島,上林,ボスラー,カリステ,板山,山本,石伊,村松
il2025061202,楽天,中日,村林,小深田,浅村,伊藤,渡辺佳,ゴンザレス,宗山,辰己,石原
il2025061203,阪神,西武,近本,中野,森下,佐藤輝,大山,ヘルナンデス,木浪,坂本,熊谷
il2025061203,西武,阪神,西川,滝沢,牧野,ネビン,中村剛,山村,源田,長谷川,平沼
il2025061204,広島,ロッテ,秋山,野間,ファビアン,モンテロ,小園,坂倉,大盛,田中,矢野
il2025061204,ロッテ,広島,藤原,寺地,池田,山本,ソト,安田,石垣,友杉,高部
il2025061205,ＤｅＮＡ,オリックス,桑原,度会,佐野,牧,筒香,宮崎,松尾,三森,石上
il2025061205,オリックス,ＤｅＮＡ,広岡,紅林,ディアス,杉本,頓宮,来田,中川,若月,大城
il2025061206,巨人,ソフトバンク,泉口,若林,吉川,丸,岸田,坂本,増田陸,リチャード,オコエ
il2025061206,ソフトバンク,巨人,野村,今宮,柳町,近藤,中村,山川,栗原,嶺井,佐藤直
il2025061301,広島,日本ハム,大盛,田中,ファビアン,モンテロ,小園,坂倉,末包,矢野,石原
il2025061301,日本ハム,広島,水谷,五十幡,清宮幸,レイエス,郡司,野村,上川畑,山県,伏見
il2025061302,阪神,楽天,近本,中野,森下,佐藤輝,大山,坂本,小幡,豊田,熊谷
il2025061302,楽天,阪神,村林,小深田,浅村,ゴンザレス,渡辺佳,宗山,辰己,武藤,太田
il2025061303,中日,西武,岡林,田中,上林,ボスラー,カリステ,大島,板山,石伊,村松
il2025061303,西武,中日,西川,滝沢,外崎,ネビン,セデーニョ,源田,長谷川,炭谷,高松
il2025061304,ヤクルト,ロッテ,並木,岩田,サンタナ,オスナ,内山,山田,中村悠,武岡,伊藤
il2025061304,ロッテ,ヤクルト,藤原,寺地,池田,山本,安田,茶谷,佐藤,友杉,高部
il2025061305,巨人,オリックス,泉口,キャベッジ,吉川,丸,坂本,大城卓,増田陸,中山,甲斐
il2025061305,オリックス,巨人,宗,中川,森,杉本,頓宮,西川,太田,若月,野口
il2025061306,ＤｅＮＡ,ソフトバンク,桑原,度会,佐野,牧,宮崎,松尾,山本,東妻,柴田
il2025061306,ソフトバンク,ＤｅＮＡ,周東,川瀬,柳町,近藤,中村,秋広,栗原,海野,牧原大
il2025061401,広島,日本ハム,上本,中村奨,ファビアン,モンテロ,小園,末包,坂倉,石原,矢野
il2025061401,日本ハム,広島,水谷,万波,清宮幸,レイエス,野村,郡司,上川畑,奈良間,五十幡
il2025061402,阪神,楽天,近本,中野,森下,佐藤輝,大山,ヘルナンデス,豊田,坂本,小幡
il2025061402,楽天,阪神,村林,小深田,浅村,伊藤,ゴンザレス,宗山,辰己,中島,太田
il2025061403,中日,西武,岡林,田中,上林,ボスラー,カリステ,大島,石川昂,加藤匠,村松
il2025061403,西武,中日,西川,滝沢,牧野,ネビン,山村,源田,長谷川,平沼,高松
il2025061404,ヤクルト,ロッテ,並木,サンタナ,内山,オスナ,増田,山田,古賀,武岡,伊藤
il2025061404,ロッテ,ヤクルト,藤原,寺地,池田,山本,安田,ソト,藤岡,西川,友杉
il2025061405,巨人,オリックス,泉口,キャベッジ,吉川,丸,岸田,坂本,増田陸,三塚,オコエ
il2025061405,オリックス,巨人,宗,太田,森,杉本,頓宮,西川,杉沢,大城,来田
il2025061406,ＤｅＮＡ,ソフトバンク,桑原,度会,佐野,牧,宮崎,筒香,戸柱,三森,石上
il2025061406,ソフトバンク,ＤｅＮＡ,周東,今宮,柳町,近藤,栗原,山川,秋広,嶺井,牧原大
il2025061501,広島,日本ハム,大盛,田中,ファビアン,モンテロ,小園,坂倉,末包,矢野,石原
il2025061501,日本ハム,広島,水谷,五十幡,清宮幸,レイエス,野村,郡司,宮崎,奈良間,山県
il2025061502,阪神,楽天,近本,中野,森下,佐藤輝,大山,ヘルナンデス,豊田,坂本,小幡
il2025061502,楽天,阪神,村林,小深田,浅村,伊藤,ゴンザレス,宗山,辰己,中島,太田
il2025061503,中日,西武,岡林,田中,ブライト,カリステ,石橋,上林,石川昂,石伊,村松
il2025061503,西武,中日,西川,滝沢,長谷川,ネビン,セデーニョ,外崎,炭谷,高松,元山
il2025061504,ヤクルト,ロッテ,並木,サンタナ,内山,オスナ,西川,山田,古賀,武岡,伊藤
il2025061504,ロッテ,ヤクルト,藤原,寺地,池田,山本,安田,岡,藤岡,愛斗,友杉
il2025061505,巨人,オリックス,泉口,オコエ,吉川,丸,増田陸,大城卓,坂本,キャベッジ,甲斐
il2025061505,オリックス,巨人,宗,太田,森,杉本,頓宮,西川,紅林,福永,中川
il2025061506,ＤｅＮＡ,ソフトバンク,桑原,度会,佐野,牧,松尾,戸柱,梶原,三森,京田
il2025061506,ソフトバンク,ＤｅＮＡ,周東,野村,柳町,近藤,中村,秋広,栗原,渡辺,牧原大
il2025061701,日本ハム,巨人,水谷,清宮幸,レイエス,野村,石井,万波,伏見,山県,達
il2025061701,巨人,日本ハム,丸,坂本,泉口,吉川,キャベッジ,増田陸,甲斐,三塚,井上
il2025061702,楽天,ヤクルト,村林,小深田,浅村,ゴンザレス,宗山,中島,辰己,太田,ヤフーレ
il2025061702,ヤクルト,楽天,岩田,武岡,サンタナ,オスナ,内山,山田,古賀,伊藤,高梨
il2025061703,西武,ＤｅＮＡ,西川,滝沢,長谷川,ネビン,外崎,平沼,古賀悠,元山,今井
il2025061703,ＤｅＮＡ,西武,梶原,度会,佐野,牧,松尾,筒香,三森,京田,バウアー
il2025061704,オリックス,中日,宗,太田,森,杉本,頓宮,西川,中川,紅林,東
il2025061704,中日,オリックス,大島,田中,岡林,ボスラー,佐藤,上林,石伊,村松,マラー
il2025061705,ロッテ,阪神,藤原,寺地,池田,山本,安田,藤岡,友杉,高部,木村
il2025061705,阪神,ロッテ,近本,中野,森下,佐藤輝,大山,糸原,梅野,小幡,才木
il2025061706,ソフトバンク,広島,周東,野村,柳町,近藤,中村,栗原,牧原大,海野,有原
il2025061706,広島,ソフトバンク,大盛,田中,ファビアン,モンテロ,小園,坂倉,末包,矢野,玉村
il2025061801,日本ハム,巨人,水谷,清宮幸,レイエス,野村,万波,山崎,伏見,上川畑,山県
il2025061801,巨人,日本ハム,丸,坂本,泉口,吉川,増田陸,岸田,キャベッジ,オコエ,西舘
il2025061802,楽天,ヤクルト,村林,小深田,浅村,ゴンザレス,黒川,中島,辰己,太田,滝中
il2025061802,ヤクルト,楽天,岩田,武岡,サンタナ,オスナ,内山,古賀,赤羽,伊藤,ランバート
il2025061803,西武,ＤｅＮＡ,西川,滝沢,長谷川,ネビン,山村,源田,古賀悠,仲田,隅田
il2025061803,ＤｅＮＡ,西武,桑原,蝦名,佐野,牧,宮崎,度会,山本,森敬,ジャクソン
il2025061804,オリックス,中日,宗,太田,森,杉本,頓宮,西川,中川,紅林,九里
il2025061804,中日,オリックス,上林,大島,岡林,ボスラー,佐藤,村松,山本,石伊,涌井
il2025061805,ロッテ,阪神,藤原,寺地,池田,山本,安田,藤岡,西川,友杉,田中晴
il2025061805,阪神,ロッテ,近本,中野,森下,佐藤輝,大山,糸原,坂本,小幡,伊藤将
il2025061806,ソフトバンク,広島,周東,野村,柳町,中村,栗原,ダウンズ,秋広,渡辺,前田純
il2025061806,広島,ソフトバンク,大盛,ファビアン,小園,モンテロ,坂倉,末包,菊池,矢野,大瀬良
il2025061901,日本ハム,巨人,五十幡,矢沢,マルティネス,郡司,田宮,万波,石井,上川畑,北山
il2025061901,巨人,日本ハム,丸,中山,泉口,吉川,増田陸,甲斐,キャベッジ,オコエ,山崎
il2025061902,楽天,ヤクルト,村林,小深田,浅村,ゴンザレス,黒川,中島,武藤,石原,岸
il2025061902,ヤクルト,楽天,岩田,サンタナ,内山,オスナ,武岡,山田,伊藤,中村悠,アビラ
il2025061903,西武,ＤｅＮＡ,西川,滝沢,長谷川,ネビン,外崎,古賀悠,仲田,高松,渡辺
il2025061903,ＤｅＮＡ,西武,桑原,度会,佐野,牧,宮崎,筒香,山本,森敬,東
il2025061904,オリックス,中日,西川,宗,太田,杉本,頓宮,紅林,若月,来田,田嶋
il2025061904,中日,オリックス,上林,田中,岡林,ボスラー,佐藤,細川,村松,石伊,三浦
il2025061905,ロッテ,阪神,藤原,寺地,池田,山本,安田,岡,藤岡,友杉,種市
il2025061905,阪神,ロッテ,近本,中野,森下,佐藤輝,大山,小幡,坂本,糸原,デュプランティエ
il2025061906,ソフトバンク,広島,周東,野村,柳町,中村,栗原,嶺井,秋広,牧原大,大関
il2025061906,広島,ソフトバンク,大盛,ファビアン,小園,モンテロ,坂倉,末包,菊池,矢野,ドミンゲス
il2025062001,西武,巨人,西川,滝沢,長谷川,ネビン,外崎,源田,仲田,炭谷,高橋
il2025062001,巨人,西武,丸,坂本,泉口,吉川,増田陸,中山,オコエ,小林,赤星
il2025062002,オリックス,ヤクルト,西川,宗,太田,杉本,頓宮,紅林,若月,来田,エスピノーザ
il2025062002,ヤクルト,オリックス,岩田,武岡,内山,サンタナ,オスナ,古賀,山田,伊藤,小川
il2025062003,ロッテ,ＤｅＮＡ,藤原,寺地,池田,山本,安田,藤岡,西川,友杉,石川柊
il2025062003,ＤｅＮＡ,ロッテ,桑原,佐野,筒香,牧,宮崎,山本,梶原,石上,ケイ
il2025062004,日本ハム,中日,五十幡,清宮幸,レイエス,水谷,上川畑,万波,伏見,山県,伊藤
il2025062004,中日,日本ハム,上林,村松,岡林,ボスラー,佐藤,細川,板山,石伊,大野
il2025062005,ソフトバンク,阪神,周東,佐藤直,柳町,中村,栗原,野村,牧原大,海野,モイネロ
il2025062005,阪神,ソフトバンク,近本,中野,森下,佐藤輝,大山,ヘルナンデス,坂本,小幡,村上
il2025062006,楽天,広島,村林,小深田,中島,ゴンザレス,黒川,宗山,辰己,太田,早川
il2025062006,広島,楽天,大盛,ファビアン,小園,モンテロ,坂倉,末包,菊池,矢野,森下
il2025062101,西武,巨人,西川,滝沢,長谷川,ネビン,山村,源田,牧野,仲田,与座
il2025062101,巨人,西武,丸,門脇,泉口,吉川,中山,岡田,岸田,荒巻,グリフィン
il2025062102,オリックス,ヤクルト,西川,宗,太田,杉本,森,頓宮,来田,紅林,宮城
il2025062102,ヤクルト,オリックス,並木,山野辺,サンタナ,オスナ,内山,山田,伊藤,中村悠,吉村
il2025062103,ロッテ,ＤｅＮＡ,藤原,寺地,池田,山本,西川,安田,友杉,小川,広池
il2025062103,ＤｅＮＡ,ロッテ,三森,度会,佐野,牧,筒香,戸柱,梶原,京田,大貫
il2025062104,日本ハム,中日,五十幡,矢沢,清宮幸,野村,郡司,万波,上川畑,中島,加藤貴
il2025062104,中日,日本ハム,岡林,田中,佐藤,細川,ブライト,カリステ,山本,石伊,高橋宏
il2025062105,ソフトバンク,阪神,野村,佐藤直,柳町,中村,栗原,嶺井,牧原大,秋広,上沢
il2025062105,阪神,ソフトバンク,近本,中野,森下,佐藤輝,大山,小幡,坂本,高寺,大竹
il2025062106,楽天,広島,村林,小深田,浅村,黒川,伊藤,中島,辰己,太田,内
il2025062106,広島,楽天,大盛,ファビアン,小園,モンテロ,坂倉,末包,矢野,菊池,床田
il2025062201,西武,巨人,西川,滝沢,長谷川,ネビン,山村,源田,炭谷,仲田,武内
il2025062201,巨人,西武,丸,坂本,泉口,吉川,増田陸,大城卓,キャベッジ,オコエ,戸郷
il2025062202,オリックス,ヤクルト,西川,宗,太田,杉本,頓宮,中川,紅林,若月,曽谷
il2025062202,ヤクルト,オリックス,並木,山野辺,内山,オスナ,増田,山田,伊藤,中村悠,中村優
il2025062203,ロッテ,ＤｅＮＡ,藤原,寺地,安田,山本,西川,ソト,友杉,小川,ボス
il2025062203,ＤｅＮＡ,ロッテ,度会,松尾,佐野,牧,筒香,宮崎,梶原,京田,バウアー
il2025062204,日本ハム,中日,五十幡,清宮幸,レイエス,野村,万波,上川畑,郡司,山県,金村
il2025062204,中日,日本ハム,上林,村松,岡林,細川,ボスラー,佐藤,山本,石伊,松葉
il2025062205,ソフトバンク,阪神,周東,野村,柳町,中村,栗原,石塚,ダウンズ,海野,松本晴
il2025062205,阪神,ソフトバンク,近本,中野,森下,佐藤輝,大山,ヘルナンデス,小幡,坂本,伊原
il2025062206,楽天,広島,村林,中島,浅村,ゴンザレス,黒川,宗山,辰己,太田,藤井
il2025062206,広島,楽天,大盛,ファビアン,小園,モンテロ,坂倉,末包,矢野,菊池,森
il2025062407,巨人,ロッテ,丸,坂本,泉口,吉川,増田陸,オコエ,中山,甲斐,岡田
il2025062407,ロッテ,巨人,藤原,寺地,安田,山本,西川,池田,岡,友杉,小川
pl2025032804,日本ハム,西武,矢沢,清宮幸,レイエス,野村,田宮,万波,上川畑,水野,五十幡
pl2025032804,西武,日本ハム,長谷川,西川,ネビン,セデーニョ,渡部聖,外崎,源田,古賀悠,元山
pl2025032805,楽天,オリックス,小深田,宗山,小郷,辰己,浅村,村林,伊藤,太田,田中和
pl2025032805,オリックス,楽天,中川,宗,紅林,杉本,西川,太田,オリバレス,頓宮,若月
pl2025032806,ロッテ,ソフトバンク,西川,藤岡,藤原,ポランコ,佐藤,ソト,高部,上田,小川
pl2025032806,ソフトバンク,ロッテ,周東,近藤,柳田,山川,正木,今宮,ダウンズ,リチャード,谷川原
pl2025032904,日本ハム,西武,万波,清宮幸,レイエス,野村,郡司,マルティネス,上川畑,松本剛,水野
pl2025032904,西武,日本ハム,長谷川,西川,ネビン,中村剛,渡部聖,外崎,源田,古賀悠,仲田
pl2025032905,楽天,オリックス,小深田,宗山,小郷,辰己,阿部,浅村,渡辺佳,フランコ,太田
pl2025032905,オリックス,楽天,中川,宗,紅林,杉本,西川,太田,オリバレス,頓宮,若月
pl2025032906,ロッテ,ソフトバンク,岡,西川,藤岡,ソト,佐藤,ポランコ,中村奨,田村,友杉
pl2025032906,ソフトバンク,ロッテ,周東,近藤,柳田,山川,正木,今宮,ダウンズ,リチャード,海野
pl2025033004,日本ハム,西武,矢沢,清宮幸,レイエス,野村,万波,石井,吉田,田宮,上川畑
pl2025033004,西武,日本ハム,長谷川,西川,ネビン,セデーニョ,渡部聖,外崎,源田,古賀悠,滝沢
pl2025033005,楽天,オリックス,小郷,宗山,鈴木大,辰己,阿部,浅村,小深田,フランコ,太田
pl2025033005,オリックス,楽天,福田,太田,西川,杉本,紅林,頓宮,中川,西野,福永
pl2025033006,ロッテ,ソフトバンク,高部,西川,藤岡,ソト,佐藤,ポランコ,藤原,上田,小川
pl2025033006,ソフトバンク,ロッテ,周東,近藤,柳田,山川,正木,今宮,牧原大,リチャード,海野
pl2025040104,ソフトバンク,日本ハム,周東,中村,柳田,山川,正木,今宮,牧原大,リチャード,海野
pl2025040104,日本ハム,ソフトバンク,万波,清宮幸,レイエス,野村,マルティネス,今川,上川畑,伏見,水野
pl2025040204,ソフトバンク,日本ハム,周東,中村,柳田,山川,正木,今宮,ダウンズ,リチャード,谷川原
pl2025040204,日本ハム,ソフトバンク,吉田,清宮幸,レイエス,野村,郡司,石井,万波,今川,水野
pl2025040206,オリックス,ロッテ,中川,福田,西川,杉本,紅林,頓宮,太田,若月,西野
pl2025040206,ロッテ,オリックス,岡,西川,高部,ソト,ポランコ,中村奨,石垣,田村,友杉
pl2025040304,西武,楽天,長谷川,西川,ネビン,セデーニョ,渡部聖,牧野,外崎,元山,源田
pl2025040304,楽天,西武,宗山,小深田,小郷,辰己,阿部,浅村,伊藤,フランコ,石原
pl2025040305,オリックス,ロッテ,中川,宗,西川,杉本,紅林,太田,頓宮,若月,麦谷
pl2025040305,ロッテ,オリックス,高部,西川,藤岡,ソト,ポランコ,佐藤,藤原,上田,小川
pl2025040404,オリックス,日本ハム,福田,太田,西川,杉本,中川,宗,頓宮,若月,大城
pl2025040404,日本ハム,オリックス,万波,清宮幸,吉田,野村,レイエス,松本剛,奈良間,伏見,水野
pl2025040405,楽天,ロッテ,宗山,小深田,小郷,阿部,辰己,浅村,村林,フランコ,太田
pl2025040405,ロッテ,楽天,岡,西川,高部,ソト,ポランコ,中村奨,石垣,寺地,友杉
pl2025040406,西武,ソフトバンク,長谷川,西川,ネビン,セデーニョ,渡部聖,野村大,外崎,古賀悠,源田
pl2025040406,ソフトバンク,西武,周東,川瀬,柳田,山川,正木,中村,牧原大,リチャード,谷川原
pl2025040504,オリックス,日本ハム,福田,太田,西川,杉本,頓宮,西野,山中,若月,野口
pl2025040504,日本ハム,オリックス,田宮,今川,万波,清宮幸,吉田,マルティネス,郡司,上川畑,水野
pl2025040505,楽天,ロッテ,宗山,伊藤,小郷,阿部,辰己,浅村,村林,フランコ,太田
pl2025040505,ロッテ,楽天,岡,角中,高部,ソト,ポランコ,佐藤,藤岡,上田,小川
pl2025040506,西武,ソフトバンク,長谷川,西川,ネビン,セデーニョ,渡部聖,野村大,外崎,古賀悠,源田
pl2025040506,ソフトバンク,西武,周東,ダウンズ,柳田,山川,正木,今宮,柳町,海野,広瀬隆
pl2025040604,オリックス,日本ハム,宗,太田,西川,杉本,頓宮,オリバレス,中川,福永,野口
pl2025040604,日本ハム,オリックス,郡司,矢沢,清宮幸,野村,万波,石井,吉田,田宮,水野
pl2025040605,楽天,ロッテ,宗山,小深田,辰己,阿部,渡辺佳,浅村,鈴木大,太田,武藤
pl2025040605,ロッテ,楽天,岡,藤岡,高部,ソト,ポランコ,西川,中村奨,佐藤,小川
pl2025040606,西武,ソフトバンク,長谷川,西川,ネビン,セデーニョ,渡部聖,野村大,外崎,古賀悠,源田
pl2025040606,ソフトバンク,西武,周東,中村,柳田,山川,正木,今宮,広瀬隆,海野,牧原大
pl2025040804,日本ハム,楽天,松本剛,清宮幸,レイエス,野村,今川,万波,奈良間,伏見,水野
pl2025040804,楽天,日本ハム,宗山,小深田,辰己,阿部,小郷,浅村,武藤,フランコ,太田
pl2025040805,ロッテ,西武,藤岡,角中,藤原,ソト,ポランコ,高部,上田,佐藤,小川
pl2025040805,西武,ロッテ,長谷川,西川,ネビン,セデーニョ,渡部聖,源田,外崎,古賀悠,山野辺
pl2025040806,ソフトバンク,オリックス,周東,川瀬,中村,山川,正木,今宮,柳町,海野,牧原大
pl2025040806,オリックス,ソフトバンク,福田,太田,西川,オリバレス,頓宮,宗,中川,福永,大城
pl2025040904,日本ハム,楽天,吉田,レイエス,郡司,野村,清宮幸,万波,松本剛,上川畑,奈良間
pl2025040904,楽天,日本ハム,村林,小深田,伊藤,辰己,フランコ,浅村,小郷,太田,渡辺佳
pl2025040905,ロッテ,西武,岡,藤岡,ソト,ポランコ,高部,中村奨,西川,田村,友杉
pl2025040905,西武,ロッテ,長谷川,西川,ネビン,中村剛,渡部聖,源田,外崎,炭谷,元山
pl2025040906,ソフトバンク,オリックス,周東,佐藤直,中村,山川,正木,今宮,ダウンズ,海野,広瀬隆
pl2025040906,オリックス,ソフトバンク,福田,太田,西川,杉本,頓宮,西野,広岡,若月,中川
pl2025041003,日本ハム,楽天,郡司,レイエス,清宮幸,野村,田宮,万波,松本剛,奈良間,水野
pl2025041003,楽天,日本ハム,小深田,小郷,宗山,阿部,鈴木大,浅村,辰己,石原,武藤
pl2025041004,ソフトバンク,オリックス,周東,広瀬隆,中村,山川,正木,今宮,柳町,渡辺,牧原大
pl2025041004,オリックス,ソフトバンク,中川,太田,西川,杉本,頓宮,西野,紅林,若月,広岡
pl2025041104,西武,日本ハム,長谷川,西川,ネビン,中村剛,渡部聖,源田,外崎,古賀悠,元山
pl2025041104,日本ハム,西武,矢沢,清宮幸,レイエス,野村,田宮,万波,上川畑,水野,五十幡
pl2025041105,オリックス,楽天,宗,太田,西川,杉本,頓宮,山中,若月,大城,中川
pl2025041105,楽天,オリックス,伊藤,小深田,小郷,阿部,浅村,辰己,宗山,フランコ,太田
pl2025041106,ソフトバンク,ロッテ,周東,川瀬,柳田,山川,正木,柳町,広瀬隆,海野,牧原大
pl2025041106,ロッテ,ソフトバンク,藤原,藤岡,高部,ポランコ,佐藤,ソト,上田,西川,小川
pl2025041204,西武,日本ハム,長谷川,西川,渡部聖,ネビン,外崎,セデーニョ,野村大,古賀悠,源田
pl2025041204,日本ハム,西武,万波,レイエス,清宮幸,野村,郡司,奈良間,松本剛,伏見,水野
pl2025041205,オリックス,楽天,宗,太田,山中,中川,頓宮,ディアス,紅林,若月,麦谷
pl2025041205,楽天,オリックス,小郷,小深田,辰己,阿部,浅村,伊藤,中島,宗山,太田
pl2025041206,ソフトバンク,ロッテ,周東,佐藤直,ダウンズ,山川,正木,今宮,広瀬隆,海野,牧原大
pl2025041206,ロッテ,ソフトバンク,岡,藤岡,藤原,ソト,ポランコ,山本,上田,佐藤,小川
pl2025041304,西武,日本ハム,西川,源田,岸,セデーニョ,外崎,ネビン,平沼,野村大,古賀悠
pl2025041304,日本ハム,西武,矢沢,清宮幸,レイエス,野村,田宮,万波,松本剛,若林,水野
pl2025041305,オリックス,楽天,宗,太田,西川,杉本,頓宮,紅林,中川,若月,福田
pl2025041305,楽天,オリックス,伊藤,村林,辰己,阿部,浅村,渡辺佳,フランコ,太田,小深田
pl2025041504,日本ハム,ロッテ,矢沢,松本剛,清宮幸,野村,レイエス,万波,石井,奈良間,伏見
pl2025041504,ロッテ,日本ハム,藤原,藤岡,ポランコ,ソト,高部,山本,上田,佐藤,小川
pl2025041505,西武,オリックス,西川,源田,平沼,セデーニョ,外崎,ネビン,野村大,古賀悠,松原
pl2025041505,オリックス,西武,麦谷,太田,西川,ディアス,頓宮,紅林,西野,福永,中川
pl2025041506,楽天,ソフトバンク,小深田,村林,浅村,阿部,辰己,伊藤,小郷,宗山,太田
pl2025041506,ソフトバンク,楽天,周東,佐藤直,中村,山川,正木,今宮,広瀬隆,海野,牧原大
pl2025041603,日本ハム,ロッテ,矢沢,清宮幸,レイエス,野村,吉田,万波,郡司,石井,水野
pl2025041603,ロッテ,日本ハム,藤原,藤岡,ポランコ,ソト,高部,山本,中村奨,友杉,寺地
pl2025041604,西武,オリックス,西川,源田,ネビン,中村剛,外崎,長谷川,松原,炭谷,仲田
pl2025041604,オリックス,西武,麦谷,太田,西川,杉本,頓宮,山中,紅林,若月,宗
pl2025041605,楽天,ソフトバンク,宗山,小深田,浅村,阿部,辰己,鈴木大,フランコ,堀内,中島
pl2025041605,ソフトバンク,楽天,周東,山本,中村,山川,正木,今宮,広瀬隆,海野,川瀬
pl2025041703,西武,オリックス,西川,源田,ネビン,中村剛,外崎,牧野,松原,滝沢,長谷川
pl2025041703,オリックス,西武,山中,太田,西川,ディアス,紅林,中川,広岡,宗,若月
pl2025041704,楽天,ソフトバンク,宗山,小深田,浅村,阿部,鈴木大,伊藤,武藤,堀内,小森
pl2025041704,ソフトバンク,楽天,周東,今宮,栗原,山川,正木,中村,広瀬隆,山本,渡辺
pl2025041803,ロッテ,楽天,岡,藤岡,ポランコ,ソト,高部,山本,中村奨,茶谷,寺地
pl2025041803,楽天,ロッテ,宗山,小深田,浅村,鈴木大,渡辺佳,村林,中島,太田,武藤
pl2025041804,ソフトバンク,西武,川瀬,佐藤直,栗原,山川,正木,中村,広瀬隆,牧原大,海野
pl2025041804,西武,ソフトバンク,西川,源田,平沼,ネビン,外崎,松原,セデーニョ,古賀悠,滝沢
pl2025041805,日本ハム,オリックス,吉田,水谷,清宮幸,野村,レイエス,万波,田宮,山県,水野
pl2025041805,オリックス,日本ハム,西川,太田,西野,ディアス,頓宮,中川,紅林,若月,麦谷
pl2025041904,ロッテ,楽天,岡,藤岡,ポランコ,ソト,角中,高部,上田,佐藤,小川
pl2025041904,楽天,ロッテ,小森,小深田,浅村,フランコ,伊藤,宗山,村林,堀内,中島
pl2025041905,ソフトバンク,西武,緒方,今宮,栗原,山川,中村,広瀬隆,牧原大,海野,佐藤直
pl2025041905,西武,ソフトバンク,西川,児玉,ネビン,セデーニョ,外崎,平沼,古賀悠,長谷川,滝沢
pl2025041906,日本ハム,オリックス,水谷,清宮幸,浅間,野村,田宮,レイエス,松本剛,山県,上川畑
pl2025041906,オリックス,日本ハム,西川,太田,ディアス,杉本,頓宮,中川,紅林,宗,福永
pl2025042004,ロッテ,楽天,岡,藤岡,中村奨,ソト,ポランコ,山本,高部,田村,茶谷
pl2025042004,楽天,ロッテ,宗山,小深田,浅村,フランコ,渡辺佳,伊藤,村林,堀内,中島
pl2025042005,ソフトバンク,西武,周東,今宮,栗原,山川,中村,広瀬隆,嶺井,山本,佐藤直
pl2025042005,西武,ソフトバンク,西川,児玉,ネビン,中村剛,外崎,古賀悠,松原,長谷川,滝沢
pl2025042006,日本ハム,オリックス,水谷,清宮幸,松本剛,野村,吉田,万波,奈良間,伏見,水野
pl2025042006,オリックス,日本ハム,福田,太田,山中,ディアス,頓宮,中川,紅林,福永,広岡
pl2025042204,楽天,日本ハム,小深田,宗山,浅村,フランコ,渡辺佳,村林,伊藤,堀内,中島
pl2025042204,日本ハム,楽天,万波,レイエス,松本剛,野村,田宮,郡司,上川畑,伏見,水野
pl2025042205,西武,ロッテ,西川,平沼,ネビン,セデーニョ,外崎,野村大,古賀悠,長谷川,滝沢
pl2025042205,ロッテ,西武,藤原,藤岡,高部,ソト,角中,ポランコ,上田,佐藤,小川
pl2025042206,オリックス,ソフトバンク,広岡,西川,太田,杉本,頓宮,ディアス,紅林,宗,若月
pl2025042206,ソフトバンク,オリックス,周東,今宮,栗原,山川,中村,広瀬隆,佐藤直,海野,緒方
pl2025042304,楽天,日本ハム,小森,小深田,浅村,フランコ,渡辺佳,村林,阿部,堀内,中島
pl2025042304,日本ハム,楽天,万波,清宮幸,浅間,野村,吉田,レイエス,松本剛,奈良間,山県
pl2025042305,西武,ロッテ,西川,長谷川,ネビン,栗山,外崎,松原,元山,炭谷,滝沢
pl2025042305,ロッテ,西武,岡,藤岡,藤原,ソト,中村奨,ポランコ,寺地,山本,小川
pl2025042306,オリックス,ソフトバンク,広岡,西川,太田,杉本,頓宮,若月,山中,紅林,宗
pl2025042306,ソフトバンク,オリックス,周東,今宮,栗原,山川,中村,石塚,柳町,広瀬隆,海野
pl2025042504,ロッテ,日本ハム,藤原,藤岡,中村奨,ソト,角中,ポランコ,高部,寺地,小川
pl2025042504,日本ハム,ロッテ,浅間,清宮幸,レイエス,野村,郡司,田宮,万波,奈良間,水野
pl2025042505,ソフトバンク,楽天,牧原大,今宮,栗原,山川,中村,石塚,柳町,広瀬隆,海野
pl2025042505,楽天,ソフトバンク,小深田,村林,浅村,鈴木大,阿部,渡辺佳,宗山,太田,武藤
pl2025042506,オリックス,西武,麦谷,宗,太田,杉本,西川,頓宮,ディアス,紅林,若月
pl2025042506,西武,オリックス,西川,長谷川,渡部聖,ネビン,外崎,中村剛,古賀悠,児玉,滝沢
pl2025042604,ロッテ,日本ハム,岡,藤岡,中村奨,ポランコ,寺地,池田,山本,友杉,高部
pl2025042604,日本ハム,ロッテ,清宮幸,松本剛,吉田,野村,郡司,万波,レイエス,上川畑,水野
pl2025042605,ソフトバンク,楽天,牧原大,川瀬,栗原,山川,中村,石塚,柳町,広瀬隆,海野
pl2025042605,楽天,ソフトバンク,小森,小深田,浅村,フランコ,阿部,村林,宗山,堀内,中島
pl2025042606,オリックス,西武,広岡,紅林,太田,杉本,西川,ディアス,頓宮,若月,中川
pl2025042606,西武,オリックス,西川,長谷川,渡部聖,ネビン,外崎,中村剛,野村大,古賀悠,滝沢
pl2025042704,ロッテ,日本ハム,岡,藤岡,藤原,ソト,角中,ポランコ,中村奨,寺地,小川
pl2025042704,日本ハム,ロッテ,清宮幸,水谷,レイエス,野村,松本剛,奈良間,万波,伏見,水野
pl2025042705,ソフトバンク,楽天,牧原大,川瀬,栗原,山川,中村,柳町,石塚,渡辺,広瀬隆
pl2025042705,楽天,ソフトバンク,小森,村林,浅村,鈴木大,フランコ,阿部,宗山,堀内,武藤
pl2025042706,オリックス,西武,広岡,紅林,太田,杉本,西川,頓宮,中川,福永,山中
pl2025042706,西武,オリックス,西川,長谷川,渡部聖,ネビン,栗山,外崎,元山,古賀悠,滝沢
pl2025042904,楽天,西武,小深田,村林,浅村,鈴木大,渡辺佳,阿部,宗山,堀内,中島
pl2025042904,西武,楽天,西川,長谷川,渡部聖,ネビン,中村剛,外崎,古賀悠,滝沢,児玉
pl2025042905,ロッテ,オリックス,岡,藤岡,中村奨,ソト,西川,池田,山本,田村,茶谷
pl2025042905,オリックス,ロッテ,麦谷,山中,太田,頓宮,西川,中川,広岡,野口,若月
pl2025042906,日本ハム,ソフトバンク,レイエス,郡司,清宮幸,野村,万波,松本剛,山県,伏見,水野
pl2025042906,ソフトバンク,日本ハム,川瀬,緒方,栗原,山川,中村,今宮,柳町,海野,牧原大
pl2025043004,楽天,西武,小郷,小森,浅村,阿部,フランコ,村林,宗山,太田,中島
pl2025043004,西武,楽天,西川,長谷川,渡部聖,ネビン,栗山,外崎,炭谷,滝沢,児玉
pl2025043005,ロッテ,オリックス,岡,藤岡,藤原,ソト,西川,ポランコ,寺地,中村奨,茶谷
pl2025043005,オリックス,ロッテ,麦谷,広岡,太田,杉本,西川,頓宮,中川,野口,若月
pl2025043006,日本ハム,ソフトバンク,吉田,水谷,浅間,野村,清宮幸,万波,石井,田宮,水野
pl2025043006,ソフトバンク,日本ハム,笹川,今宮,栗原,山川,中村,嶺井,柳町,広瀬隆,佐藤直
pl2025050104,楽天,西武,宗山,小深田,浅村,鈴木大,渡辺佳,村林,小郷,堀内,中島
pl2025050104,西武,楽天,西川,長谷川,渡部聖,ネビン,平沼,外崎,牧野,滝沢,児玉
pl2025050105,日本ハム,ソフトバンク,松本剛,浅間,田宮,野村,清宮幸,万波,郡司,石井,水野
pl2025050105,ソフトバンク,日本ハム,野村,笹川,栗原,山川,中村,柳町,広瀬隆,嶺井,佐藤直
pl2025050205,ロッテ,ソフトバンク,藤原,藤岡,高部,ポランコ,西川,寺地,中村奨,池田,小川
pl2025050205,ソフトバンク,ロッテ,野村,緒方,栗原,山川,中村,柳町,牧原大,海野,笹川
pl2025050304,西武,日本ハム,西川,長谷川,渡部聖,ネビン,平沼,外崎,古賀悠,元山,滝沢
pl2025050304,日本ハム,西武,万波,清宮幸,郡司,野村,レイエス,水野,有薗,奈良間,五十幡
pl2025050305,オリックス,楽天,広岡,紅林,太田,杉本,西川,頓宮,中川,来田,福永
pl2025050305,楽天,オリックス,小森,小深田,浅村,フランコ,村林,宗山,小郷,堀内,中島
pl2025050306,ロッテ,ソフトバンク,岡,藤岡,西川,ソト,ポランコ,高部,池田,佐藤,友杉
pl2025050306,ソフトバンク,ロッテ,野村,柳町,栗原,山川,中村,石塚,牧原大,嶺井,笹川
pl2025050404,西武,日本ハム,西川,長谷川,渡部聖,ネビン,中村剛,外崎,元山,古賀悠,滝沢
pl2025050404,日本ハム,西武,松本剛,田宮,レイエス,野村,万波,水野,有薗,石井,伏見
pl2025050405,オリックス,楽天,麦谷,紅林,太田,杉本,西川,頓宮,来田,若月,野口
pl2025050405,楽天,オリックス,宗山,小深田,浅村,フランコ,鈴木大,阿部,渡辺佳,堀内,中島
pl2025050406,ロッテ,ソフトバンク,藤原,藤岡,ソト,ポランコ,佐藤,西川,高部,池田,友杉
pl2025050406,ソフトバンク,ロッテ,佐藤直,野村,柳町,山川,中村,石塚,牧原大,嶺井,広瀬隆
pl2025050504,ソフトバンク,西武,野村,佐藤直,柳町,山川,中村,牧原大,広瀬隆,渡辺,笹川
pl2025050504,西武,ソフトバンク,西川,滝沢,渡部聖,ネビン,栗山,長谷川,野村大,古賀悠,児玉
pl2025050505,楽天,ロッテ,宗山,小深田,浅村,フランコ,鈴木大,阿部,渡辺佳,堀内,中島
pl2025050505,ロッテ,楽天,藤原,藤岡,ソト,角中,高部,池田,ポランコ,寺地,小川
pl2025050506,日本ハム,オリックス,浅間,山県,レイエス,野村,田宮,吉田,万波,有薗,水野
pl2025050506,オリックス,日本ハム,広岡,西川,太田,杉本,森,頓宮,中川,紅林,若月
pl2025050604,ソフトバンク,西武,野村,佐藤直,柳町,山川,中村,牧原大,広瀬隆,海野,笹川
pl2025050604,西武,ソフトバンク,西川,滝沢,渡部聖,ネビン,中村剛,外崎,長谷川,炭谷,野村大
pl2025050606,日本ハム,オリックス,吉田,松本剛,レイエス,野村,清宮幸,万波,山県,水野,伏見
pl2025050606,オリックス,日本ハム,広岡,西川,太田,杉本,森,中川,紅林,ディアス,若月
pl2025050704,ソフトバンク,西武,野村,緒方,栗原,山川,中村,柳町,牧原大,嶺井,笹川
pl2025050704,西武,ソフトバンク,西川,滝沢,渡部聖,ネビン,平沼,外崎,元山,古賀悠,モンテル
pl2025050705,楽天,ロッテ,宗山,小深田,浅村,フランコ,阿部,村林,伊藤,堀内,中島
pl2025050705,ロッテ,楽天,高部,藤岡,ソト,石川慎,岡,西川,池田,寺地,友杉
pl2025050706,日本ハム,オリックス,松本剛,今川,レイエス,野村,清宮幸,万波,山県,水野,伏見
pl2025050706,オリックス,日本ハム,広岡,西川,太田,杉本,森,頓宮,中川,ディアス,紅林
pl2025050904,楽天,日本ハム,宗山,小深田,辰己,フランコ,鈴木大,村林,浅村,堀内,小郷
pl2025050904,日本ハム,楽天,五十幡,今川,レイエス,野村,清宮幸,万波,田宮,山県,石井
pl2025050905,ロッテ,西武,高部,藤岡,藤原,角中,岡,寺地,立松,池田,小川
pl2025050905,西武,ロッテ,西川,滝沢,渡部聖,ネビン,平沼,牧野,源田,元山,モンテル
pl2025050906,ソフトバンク,オリックス,野村,緒方,栗原,山川,中村,柳町,牧原大,海野,笹川
pl2025050906,オリックス,ソフトバンク,麦谷,太田,森,杉本,西川,頓宮,広岡,来田,紅林
pl2025051004,楽天,日本ハム,村林,宗山,辰己,フランコ,伊藤,小郷,浅村,堀内,小深田
pl2025051004,日本ハム,楽天,五十幡,今川,レイエス,野村,清宮幸,万波,郡司,山県,石井
pl2025051005,ロッテ,西武,藤原,藤岡,佐藤,ソト,角中,池田,山本,田村,小川
pl2025051005,西武,ロッテ,西川,滝沢,渡部聖,ネビン,中村剛,外崎,源田,長谷川,古賀悠
pl2025051006,ソフトバンク,オリックス,野村,緒方,栗原,山川,中村,柳町,牧原大,嶺井,広瀬隆
pl2025051006,オリックス,ソフトバンク,麦谷,広岡,太田,杉本,西川,頓宮,中川,福永,紅林
pl2025051104,楽天,日本ハム,村林,中島,辰己,阿部,フランコ,宗山,浅村,堀内,小深田
pl2025051104,日本ハム,楽天,吉田,田宮,レイエス,野村,清宮幸,万波,石井,水野,五十幡
pl2025051105,ロッテ,西武,山本,藤岡,藤原,ソト,石川慎,池田,西川,佐藤,友杉
pl2025051105,西武,ロッテ,西川,滝沢,渡部聖,ネビン,中村剛,外崎,源田,長谷川,古賀悠
pl2025051106,ソフトバンク,オリックス,野村,佐藤直,栗原,山川,中村,柳町,牧原大,嶺井,笹川
pl2025051106,オリックス,ソフトバンク,麦谷,西川,太田,杉本,頓宮,中川,広岡,若月,紅林
pl2025051304,オリックス,日本ハム,広岡,西川,太田,杉本,頓宮,中川,ディアス,若月,紅林
pl2025051304,日本ハム,オリックス,吉田,山県,レイエス,野村,清宮幸,万波,石井,伏見,五十幡
pl2025051305,ロッテ,楽天,高部,藤岡,藤原,ソト,角中,寺地,山本,宮崎,友杉
pl2025051305,楽天,ロッテ,小森,宗山,辰己,フランコ,阿部,村林,浅村,小深田,太田
pl2025051306,西武,ソフトバンク,西川,滝沢,渡部聖,ネビン,中村剛,外崎,源田,炭谷,モンテル
pl2025051306,ソフトバンク,西武,野村,佐藤直,栗原,山川,中村,柳町,牧原大,海野,緒方
pl2025051403,オリックス,日本ハム,広岡,西川,紅林,太田,中川,頓宮,ディアス,福永,来田
pl2025051403,日本ハム,オリックス,今川,郡司,レイエス,野村,清宮幸,万波,石井,田宮,水野
pl2025051404,ロッテ,楽天,岡,藤岡,藤原,ソト,寺地,山本,高部,宮崎,友杉
pl2025051404,楽天,ロッテ,小森,中島,辰己,鈴木大,村林,宗山,浅村,小深田,太田
pl2025051405,西武,ソフトバンク,西川,滝沢,渡部聖,ネビン,平沼,源田,長谷川,古賀悠,外崎
pl2025051405,ソフトバンク,西武,野村,佐藤直,栗原,山川,中村,柳町,石塚,嶺井,牧原大
pl2025051503,オリックス,日本ハム,広岡,西川,紅林,杉本,太田,頓宮,中川,若月,麦谷
pl2025051503,日本ハム,オリックス,浅間,郡司,清宮幸,レイエス,吉田,万波,石井,進藤,水野
pl2025051504,ロッテ,楽天,山本,藤岡,藤原,ソト,石川慎,寺地,山口,池田,友杉
pl2025051504,楽天,ロッテ,小深田,小森,辰己,鈴木大,村林,宗山,浅村,伊藤,太田
pl2025051505,西武,ソフトバンク,西川,滝沢,渡部聖,ネビン,中村剛,源田,外崎,長谷川,古賀悠
pl2025051505,ソフトバンク,西武,野村,緒方,栗原,中村,柳町,秋広,山川,渡辺,牧原大
pl2025051604,オリックス,西武,広岡,西川,紅林,太田,頓宮,森,中川,若月,麦谷
pl2025051604,西武,オリックス,西川,滝沢,渡部聖,ネビン,中村剛,外崎,源田,古賀悠,長谷川
pl2025051605,日本ハム,ロッテ,郡司,浅間,レイエス,清宮幸,万波,水野,石井,伏見,細川
pl2025051605,ロッテ,日本ハム,山本,藤岡,藤原,ソト,ポランコ,安田,西川,寺地,友杉
pl2025051606,楽天,ソフトバンク,村林,中島,辰己,フランコ,鈴木大,浅村,宗山,堀内,小深田
pl2025051606,ソフトバンク,楽天,野村,佐藤直,栗原,中村,柳町,秋広,山川,海野,牧原大
pl2025051704,オリックス,西武,麦谷,森,西川,太田,杉本,頓宮,紅林,福永,野口
pl2025051704,西武,オリックス,西川,滝沢,渡部聖,ネビン,平沼,外崎,蛭間,古賀悠,源田
pl2025051706,楽天,ソフトバンク,村林,小森,阿部,フランコ,辰己,浅村,堀内,中島,小深田
pl2025051706,ソフトバンク,楽天,野村,佐藤直,栗原,中村,柳町,秋広,山川,嶺井,牧原大
pl2025051804,オリックス,西武,広岡,森,西川,頓宮,太田,紅林,野口,福永,中川
pl2025051804,西武,オリックス,西川,滝沢,渡部聖,ネビン,中村剛,外崎,蛭間,古賀悠,源田
pl2025051805,日本ハム,ロッテ,田宮,細川,清宮幸,レイエス,万波,水野,石井,伏見,五十幡
pl2025051805,ロッテ,日本ハム,山本,藤岡,藤原,ソト,安田,ポランコ,高部,寺地,友杉
pl2025051806,楽天,ソフトバンク,宗山,中島,辰己,鈴木大,村林,浅村,小郷,小深田,太田
pl2025051806,ソフトバンク,楽天,佐藤直,川瀬,栗原,中村,柳町,秋広,山川,嶺井,牧原大
pl2025052004,ソフトバンク,日本ハム,周東,川瀬,栗原,中村,柳町,秋広,山川,海野,牧原大
pl2025052004,日本ハム,ソフトバンク,郡司,万波,レイエス,吉田,石井,清宮幸,松本剛,山県,伏見
pl2025052005,西武,楽天,西川,滝沢,渡部聖,ネビン,セデーニョ,源田,長谷川,炭谷,元山
pl2025052005,楽天,西武,中島,小深田,辰己,阿部,島内,村林,渡辺佳,太田,宗山
pl2025052006,ロッテ,オリックス,藤原,藤岡,安田,ソト,ポランコ,山本,西川,佐藤,友杉
pl2025052006,オリックス,ロッテ,広岡,西川,森,頓宮,紅林,中川,来田,若月,西野
pl2025052104,ソフトバンク,日本ハム,周東,野村,栗原,中村,柳町,秋広,山川,嶺井,牧原大
pl2025052104,日本ハム,ソフトバンク,万波,石井,清宮幸,レイエス,郡司,吉田,進藤,水野,松本剛
pl2025052105,ロッテ,オリックス,岡,藤岡,藤原,ソト,山本,石川慎,池田,寺地,茶谷
pl2025052105,オリックス,ロッテ,広岡,西川,森,頓宮,紅林,杉本,野口,若月,大里
pl2025052204,ソフトバンク,日本ハム,野村,周東,栗原,中村,柳町,秋広,山川,渡辺,牧原大
pl2025052204,日本ハム,ソフトバンク,万波,石井,清宮幸,郡司,吉田,レイエス,水野,進藤,五十幡
pl2025052205,西武,楽天,西川,源田,渡部聖,ネビン,セデーニョ,外崎,長谷川,古賀悠,児玉
pl2025052205,楽天,西武,中島,辰己,村林,島内,渡辺佳,浅村,宗山,太田,小深田
pl2025052206,ロッテ,オリックス,藤原,藤岡,安田,石川慎,山本,池田,山口,寺地,茶谷
pl2025052206,オリックス,ロッテ,広岡,西川,森,頓宮,紅林,中川,野口,若月,麦谷
pl2025052304,日本ハム,楽天,浅間,石井,レイエス,郡司,清宮幸,万波,吉田,矢沢,山県
pl2025052304,楽天,日本ハム,辰己,小深田,村林,フランコ,渡辺佳,浅村,宗山,太田,中島
pl2025052305,西武,ロッテ,西川,源田,渡部聖,ネビン,中村剛,蛭間,牧野,外崎,児玉
pl2025052305,ロッテ,西武,藤原,藤岡,池田,安田,寺地,ポランコ,高部,山本,友杉
pl2025052404,日本ハム,楽天,浅間,奈良間,レイエス,郡司,水野,清宮幸,万波,矢沢,伏見
pl2025052404,楽天,日本ハム,小森,小深田,浅村,フランコ,阿部,村林,宗山,太田,辰己
pl2025052405,西武,ロッテ,西川,源田,外崎,ネビン,セデーニョ,長谷川,蛭間,古賀悠,児玉
pl2025052405,ロッテ,西武,藤原,藤岡,池田,安田,ソト,山本,高部,佐藤,友杉
pl2025052504,日本ハム,楽天,浅間,石井,レイエス,郡司,万波,清宮幸,五十幡,進藤,水野
pl2025052504,楽天,日本ハム,小森,小深田,浅村,鈴木大,阿部,村林,宗山,太田,中島
pl2025052505,西武,ロッテ,西川,源田,平沼,ネビン,長谷川,平沢,外崎,元山,古賀悠
pl2025052505,ロッテ,西武,藤原,藤岡,池田,安田,山本,寺地,ポランコ,高部,友杉
pl2025052506,オリックス,ソフトバンク,広岡,西川,紅林,頓宮,森,杉本,中川,大里,福永
pl2025052506,ソフトバンク,オリックス,周東,野村,柳町,中村,栗原,秋広,山川,嶺井,川瀬
pl2025052704,楽天,西武,小深田,中島,村林,鈴木大,阿部,宗山,浅村,太田,辰己
pl2025052704,西武,楽天,西川,源田,外崎,ネビン,セデーニョ,長谷川,蛭間,元山,炭谷
pl2025052705,オリックス,ロッテ,広岡,西川,紅林,頓宮,森,杉本,中川,西野,若月
pl2025052705,ロッテ,オリックス,藤原,藤岡,池田,安田,山本,寺地,ポランコ,高部,友杉
pl2025052706,日本ハム,ソフトバンク,浅間,五十幡,石井,レイエス,郡司,清宮幸,松本剛,伏見,山県
pl2025052706,ソフトバンク,日本ハム,周東,川瀬,近藤,中村,柳町,栗原,山川,牧原大,海野
pl2025052804,楽天,西武,小深田,中島,村林,浅村,渡辺佳,宗山,フランコ,太田,辰己
pl2025052804,西武,楽天,西川,平沼,牧野,ネビン,長谷川,源田,外崎,古賀悠,元山
pl2025052805,オリックス,ロッテ,広岡,西川,紅林,頓宮,森,杉本,中川,若月,西野
pl2025052805,ロッテ,オリックス,藤原,藤岡,ポランコ,安田,寺地,ソト,高部,山本,友杉
pl2025052806,日本ハム,ソフトバンク,吉田,松本剛,レイエス,万波,石井,伏見,清宮幸,山県,五十幡
pl2025052806,ソフトバンク,日本ハム,周東,野村,近藤,中村,柳町,栗原,山川,海野,川瀬
pl2025052903,楽天,西武,小森,小深田,浅村,フランコ,村林,宗山,中島,太田,辰己
pl2025052903,西武,楽天,西川,源田,中村剛,ネビン,長谷川,平沢,外崎,古賀悠,児玉
pl2025053004,ロッテ,日本ハム,藤原,藤岡,安田,ソト,寺地,ポランコ,愛斗,山本,友杉
pl2025053004,日本ハム,ロッテ,吉田,石井,レイエス,万波,伏見,清宮幸,松本剛,水野,五十幡
pl2025053005,ソフトバンク,楽天,周東,野村,近藤,中村,柳町,栗原,山川,嶺井,川瀬
pl2025053005,楽天,ソフトバンク,小森,小深田,浅村,フランコ,村林,伊藤,中島,太田,辰己
pl2025053104,ロッテ,日本ハム,岡,寺地,山本,安田,石川慎,池田,山口,茶谷,小川
pl2025053104,日本ハム,ロッテ,郡司,浅間,レイエス,万波,清宮幸,石井,伏見,奈良間,五十幡
pl2025053106,西武,オリックス,西川,源田,長谷川,ネビン,セデーニョ,古賀悠,蛭間,児玉,仲田
pl2025053106,オリックス,西武,広岡,西川,紅林,頓宮,森,杉本,来田,若月,野口
pl2025060104,ロッテ,日本ハム,岡,藤原,山本,安田,寺地,池田,藤岡,山口,友杉
pl2025060104,日本ハム,ロッテ,浅間,矢沢,レイエス,清宮幸,郡司,石井,万波,進藤,上川畑
pl2025060105,ソフトバンク,楽天,周東,柳町,中村,近藤,栗原,今宮,山川,渡辺,牧原大
pl2025060105,楽天,ソフトバンク,小森,小深田,浅村,フランコ,村林,宗山,中島,太田,辰己
pl2025060106,西武,オリックス,西川,源田,中村剛,ネビン,長谷川,平沼,外崎,牧野,元山
pl2025060106,オリックス,西武,広岡,西川,紅林,頓宮,森,中川,野口,福永,麦谷
pl2025062704,日本ハム,西武,矢沢,田宮,清宮幸,野村,レイエス,上川畑,万波,中島,伏見
pl2025062704,西武,日本ハム,西川,滝沢,渡部聖,ネビン,長谷川,源田,山村,仲田,古賀悠
pl2025062705,ソフトバンク,ロッテ,周東,野村,柳町,中村,栗原,山川,牧原大,海野,佐藤直
pl2025062705,ロッテ,ソフトバンク,藤原,寺地,池田,山本,西川,安田,岡,友杉,小川
pl2025062706,楽天,オリックス,村林,小深田,浅村,ゴンザレス,黒川,中島,辰己,宗山,太田
pl2025062706,オリックス,楽天,西川,宗,ディアス,杉本,頓宮,中川,紅林,若月,大城
pl2025062804,日本ハム,西武,郡司,マルティネス,レイエス,野村,清宮幸,石井,万波,水谷,山県
pl2025062804,西武,日本ハム,西川,滝沢,渡部聖,ネビン,長谷川,岸,源田,山村,古賀悠
pl2025062805,ソフトバンク,ロッテ,周東,川瀬,柳町,中村,栗原,山川,牧原大,嶺井,佐藤直
pl2025062805,ロッテ,ソフトバンク,藤原,寺地,安田,山本,西川,ポランコ,ソト,友杉,小川
pl2025062806,楽天,オリックス,村林,小深田,浅村,ゴンザレス,伊藤,中島,辰己,宗山,太田
pl2025062806,オリックス,楽天,西川,宗,中川,杉本,頓宮,森,紅林,若月,西野
pl2025062904,日本ハム,西武,五十幡,水谷,万波,野村,レイエス,清宮幸,石井,山県,伏見
pl2025062904,西武,日本ハム,西川,滝沢,渡部聖,ネビン,長谷川,外崎,岸,元山,古賀悠
pl2025062905,ソフトバンク,ロッテ,周東,ダウンズ,柳町,中村,栗原,山川,谷川原,野村,牧原大
pl2025062905,ロッテ,ソフトバンク,藤原,寺地,安田,山本,西川,ポランコ,ソト,友杉,小川
pl2025062906,楽天,オリックス,辰己,村林,黒川,ゴンザレス,渡辺佳,中島,宗山,小郷,太田
pl2025062906,オリックス,楽天,西川,宗,中川,頓宮,紅林,森,大城,来田,福永
pl2025070104,ロッテ,楽天,藤原,寺地,安田,山本,西川,石川慎,ソト,池田,友杉
pl2025070104,楽天,ロッテ,辰己,村林,黒川,ゴンザレス,渡辺佳,中島,宗山,小郷,太田
pl2025070105,オリックス,西武,西川,宗,森,頓宮,西野,中川,茶野,若月,大城
pl2025070105,西武,オリックス,西川,滝沢,渡部聖,ネビン,長谷川,山村,外崎,牧野,源田
pl2025070106,日本ハム,ソフトバンク,水谷,田宮,清宮幸,野村,マルティネス,レイエス,万波,石井,山県
pl2025070106,ソフトバンク,日本ハム,周東,ダウンズ,柳町,中村,栗原,山川,野村,海野,佐藤直
pl2025070204,ロッテ,楽天,藤原,寺地,安田,山本,西川,ソト,藤岡,友杉,高部
pl2025070204,楽天,ロッテ,辰己,村林,黒川,ゴンザレス,渡辺佳,ボイト,中島,宗山,石原
pl2025070205,オリックス,西武,来田,宗,森,杉本,西野,頓宮,中川,茶野,紅林
pl2025070205,西武,オリックス,西川,岸,渡部聖,ネビン,長谷川,外崎,炭谷,源田,児玉
pl2025070206,日本ハム,ソフトバンク,吉田,五十幡,水谷,野村,郡司,万波,石井,清宮幸,山県
pl2025070206,ソフトバンク,日本ハム,周東,野村,柳町,中村,山川,ダウンズ,秋広,嶺井,川瀬
pl2025070304,日本ハム,ソフトバンク,吉田,田宮,水谷,野村,万波,レイエス,清宮幸,奈良間,山県
pl2025070304,ソフトバンク,日本ハム,周東,野村,柳町,中村,山川,山本,川瀬,海野,牧原大
pl2025070404,楽天,日本ハム,辰己,村林,浅村,ゴンザレス,黒川,ボイト,中島,宗山,太田
pl2025070404,日本ハム,楽天,水谷,清宮幸,マルティネス,野村,レイエス,水野,万波,伏見,石井
pl2025070405,ロッテ,オリックス,藤原,寺地,安田,山本,西川,ソト,藤岡,石川慎,友杉
pl2025070405,オリックス,ロッテ,来田,宗,紅林,杉本,頓宮,西野,中川,ディアス,若月
pl2025070406,西武,ソフトバンク,滝沢,源田,渡部聖,ネビン,山村,長谷川,岸,炭谷,西川
pl2025070406,ソフトバンク,西武,周東,野村,中村,山川,石塚,柳町,川瀬,海野,牧原大
pl2025070504,楽天,日本ハム,中島,ゴンザレス,村林,ボイト,伊藤,黒川,辰己,宗山,太田
pl2025070504,日本ハム,楽天,水谷,田宮,郡司,マルティネス,レイエス,水野,矢沢,石井,五十幡
pl2025070505,ロッテ,オリックス,藤原,寺地,安田,山本,西川,ソト,藤岡,池田,友杉
pl2025070505,オリックス,ロッテ,来田,宗,紅林,杉本,頓宮,森,太田,ディアス,元
pl2025070506,西武,ソフトバンク,滝沢,源田,渡部聖,ネビン,山村,西川,岸,長谷川,牧野
pl2025070506,ソフトバンク,西武,佐藤直,川瀬,中村,山川,柳町,山本,嶺井,ダウンズ,牧原大
pl2025070604,楽天,日本ハム,中島,小深田,浅村,ボイト,村林,ゴンザレス,黒川,堀内,辰己
pl2025070604,日本ハム,楽天,水谷,田宮,レイエス,野村,清宮幸,水野,郡司,矢沢,石井
pl2025070605,ロッテ,オリックス,藤原,寺地,安田,山本,西川,ソト,藤岡,友杉,高部
pl2025070605,オリックス,ロッテ,来田,宗,頓宮,杉本,太田,ディアス,若月,紅林,中川
pl2025070606,西武,ソフトバンク,滝沢,源田,渡部聖,ネビン,山村,外崎,西川,炭谷,長谷川
pl2025070606,ソフトバンク,西武,周東,佐藤直,中村,山川,柳町,ダウンズ,谷川原,野村,牧原大
pl2025070804,楽天,西武,中島,小深田,黒川,ボイト,村林,ゴンザレス,宗山,堀内,辰己
pl2025070804,西武,楽天,長谷川,滝沢,渡部聖,ネビン,山村,西川,セデーニョ,古賀悠,源田
pl2025070805,日本ハム,ロッテ,五十幡,矢沢,清宮幸,レイエス,郡司,水野,田宮,石井,水谷
pl2025070805,ロッテ,日本ハム,藤原,寺地,安田,山本,西川,ソト,池田,宮崎,友杉
pl2025070806,ソフトバンク,オリックス,周東,野村,柳町,近藤,山川,山本,ダウンズ,海野,牧原大
pl2025070806,オリックス,ソフトバンク,来田,宗,太田,杉本,西野,頓宮,紅林,若月,中川
pl2025070904,楽天,西武,中島,ゴンザレス,黒川,ボイト,村林,伊藤,堀内,入江,辰己
pl2025070904,西武,楽天,長谷川,滝沢,渡部聖,ネビン,山村,西川,セデーニョ,炭谷,源田
pl2025070905,日本ハム,ロッテ,五十幡,水谷,万波,レイエス,郡司,水野,清宮幸,石井,田宮
pl2025070905,ロッテ,日本ハム,藤原,寺地,安田,山本,西川,岡,石川慎,宮崎,友杉
pl2025070906,ソフトバンク,オリックス,周東,野村,柳町,近藤,石塚,山川,ダウンズ,嶺井,牧原大
pl2025070906,オリックス,ソフトバンク,福田,宗,太田,杉本,ディアス,中川,頓宮,紅林,若月
pl2025071002,楽天,西武,中島,小深田,黒川,ボイト,村林,渡辺佳,宗山,石原,辰己
pl2025071002,西武,楽天,西川,滝沢,長谷川,ネビン,外崎,渡部聖,セデーニョ,古賀悠,仲田
pl2025071003,ソフトバンク,オリックス,周東,ダウンズ,中村,近藤,柳町,山本,野村,海野,庄子
pl2025071003,オリックス,ソフトバンク,中川,宗,太田,杉本,西野,頓宮,紅林,福永,福田
pl2025071104,オリックス,日本ハム,中川,宗,太田,杉本,西野,紅林,ディアス,若月,来田
pl2025071104,日本ハム,オリックス,水谷,清宮幸,郡司,レイエス,野村,水野,万波,石井,伏見
pl2025071105,ソフトバンク,楽天,野村,佐藤直,ダウンズ,近藤,柳町,山川,石塚,海野,広瀬隆
pl2025071105,楽天,ソフトバンク,中島,村林,黒川,ボイト,ゴンザレス,伊藤,入江,堀内,辰己
pl2025071106,西武,ロッテ,西川,滝沢,長谷川,ネビン,外崎,渡部聖,セデーニョ,炭谷,仲田
pl2025071106,ロッテ,西武,藤原,寺地,安田,山本,西川,岡,ソト,藤岡,友杉
pl2025071204,オリックス,日本ハム,中川,宗,太田,頓宮,西野,広岡,紅林,福田,若月
pl2025071204,日本ハム,オリックス,五十幡,矢沢,清宮幸,マルティネス,石井,野村,田宮,郡司,山県
pl2025071205,ソフトバンク,楽天,周東,川瀬,柳町,近藤,山川,山本,ダウンズ,海野,野村
pl2025071205,楽天,ソフトバンク,中島,村林,黒川,ボイト,渡辺佳,小郷,宗山,堀内,辰己
pl2025071206,西武,ロッテ,西川,仲田,仲三河,ネビン,山村,渡部聖,長谷川,古賀悠,源田
pl2025071206,ロッテ,西武,藤原,寺地,安田,山本,西川,池田,宮崎,田村,友杉
pl2025071304,オリックス,日本ハム,広岡,宗,太田,杉本,西野,頓宮,来田,若月,紅林
pl2025071304,日本ハム,オリックス,五十幡,矢沢,清宮幸,レイエス,水谷,石井,郡司,田宮,水野
pl2025071305,ソフトバンク,楽天,柳町,周東,近藤,中村,山本,谷川原,川瀬,ダウンズ,野村
pl2025071305,楽天,ソフトバンク,中島,村林,黒川,ゴンザレス,ボイト,伊藤,入江,太田,辰己
pl2025071306,西武,ロッテ,西川,滝沢,長谷川,ネビン,山村,渡部聖,セデーニョ,炭谷,源田
pl2025071306,ロッテ,西武,藤原,寺地,安田,山本,西川,岡,ソト,藤岡,友杉
pl2025071401,日本ハム,西武,水谷,矢沢,清宮幸,レイエス,野村,万波,水野,山県,伏見
pl2025071401,西武,日本ハム,西川,仲田,仲三河,ネビン,山村,外崎,渡部聖,長谷川,古賀悠
pl2025071504,楽天,オリックス,中島,小深田,黒川,ボイト,村林,フランコ,小郷,堀内,辰己
pl2025071504,オリックス,楽天,広岡,宗,太田,杉本,西野,来田,頓宮,若月,大里
pl2025071505,ロッテ,ソフトバンク,藤原,寺地,安田,山本,西川,藤岡,宮崎,上田,小川
pl2025071505,ソフトバンク,ロッテ,周東,柳町,近藤,中村,山本,ダウンズ,川瀬,海野,牧原大
pl2025071603,日本ハム,西武,五十幡,水谷,郡司,レイエス,石井,野村,水野,田宮,万波
pl2025071603,西武,日本ハム,西川,平沢,渡部聖,ネビン,山村,村田,長谷川,古賀悠,滝沢
pl2025071604,楽天,オリックス,田中和,小深田,黒川,ボイト,村林,フランコ,伊藤,堀内,辰己
pl2025071604,オリックス,楽天,広岡,宗,太田,杉本,西野,中川,頓宮,紅林,若月
pl2025071605,ロッテ,ソフトバンク,藤原,寺地,安田,山本,西川,ソト,池田,宮崎,友杉
pl2025071605,ソフトバンク,ロッテ,周東,広瀬隆,ダウンズ,近藤,山川,石塚,嶺井,野村,佐藤直
pl2025071704,日本ハム,西武,五十幡,矢沢,清宮幸,レイエス,石井,野村,マルティネス,水野,田宮
pl2025071704,西武,日本ハム,西川,外崎,渡部聖,ネビン,村田,山村,長谷川,古賀悠,滝沢
pl2025071706,ロッテ,ソフトバンク,西川,山本,安田,寺地,ソト,藤岡,愛斗,上田,友杉
pl2025071706,ソフトバンク,ロッテ,周東,野村,柳町,近藤,山川,山本,川瀬,海野,牧原大
pl2025071801,オリックス,ロッテ,広岡,宗,太田,杉本,西野,頓宮,中川,若月,大里
pl2025071801,ロッテ,オリックス,西川,山本,藤原,寺地,安田,高部,上田,宮崎,友杉
pl2025071904,日本ハム,楽天,水谷,五十幡,レイエス,郡司,石井,万波,清宮幸,伏見,水野
pl2025071904,楽天,日本ハム,中島,村林,黒川,フランコ,渡辺佳,小郷,宗山,堀内,辰己
pl2025071905,ソフトバンク,西武,周東,ダウンズ,中村,近藤,山本,柳町,川瀬,海野,牧原大
pl2025071905,西武,ソフトバンク,西川,滝沢,渡部聖,ネビン,デービス,山村,長谷川,源田,古賀悠
pl2025071906,オリックス,ロッテ,広岡,宗,太田,杉本,西野,来田,若月,中川,大里
pl2025071906,ロッテ,オリックス,藤原,寺地,安田,山本,西川,高部,上田,宮崎,小川
pl2025072004,日本ハム,楽天,五十幡,水谷,レイエス,郡司,石井,万波,清宮幸,水野,田宮
pl2025072004,楽天,日本ハム,中島,村林,黒川,フランコ,ボイト,伊藤,宗山,堀内,辰己
pl2025072005,ソフトバンク,西武,周東,佐藤直,ダウンズ,近藤,山川,石塚,谷川原,野村,牧原大
pl2025072005,西武,ソフトバンク,西川,山村,渡部聖,ネビン,デービス,村田,炭谷,長谷川,源田
pl2025072006,オリックス,ロッテ,広岡,宗,太田,中川,西野,杉本,頓宮,若月,大里
pl2025072006,ロッテ,オリックス,藤原,寺地,安田,山本,西川,高部,上田,友杉,小川
pl2025072104,日本ハム,楽天,矢沢,五十幡,レイエス,野村,清宮幸,万波,水野,石井,田宮
pl2025072104,楽天,日本ハム,中島,村林,黒川,フランコ,伊藤,ボイト,宗山,堀内,辰己
pl2025072105,ソフトバンク,西武,周東,佐藤直,ダウンズ,近藤,山川,柳町,野村,海野,牧原大
pl2025072105,西武,ソフトバンク,西川,渡部聖,デービス,ネビン,山村,外崎,滝沢,仲田,古賀悠
pl2025072106,オリックス,ロッテ,大里,広岡,宗,太田,中川,来田,ディアス,福永,福田
pl2025072106,ロッテ,オリックス,藤原,西川,安田,山本,ソト,上田,宮崎,田村,小川
pl2025072604,ロッテ,日本ハム,藤原,寺地,安田,山本,西川,上田,高部,友杉,宮崎
pl2025072604,日本ハム,ロッテ,水谷,清宮幸,五十幡,レイエス,郡司,水野,万波,石井,田宮
pl2025072605,西武,楽天,西川,滝沢,渡部聖,ネビン,村田,デービス,長谷川,柘植,佐藤太
pl2025072605,楽天,西武,中島,小深田,村林,フランコ,黒川,辰己,宗山,堀内,小郷
pl2025072606,オリックス,ソフトバンク,中川,宗,太田,頓宮,西野,若月,杉本,大里,広岡
pl2025072606,ソフトバンク,オリックス,周東,佐藤直,ダウンズ,近藤,山川,柳町,野村,海野,牧原大
pl2025072704,ロッテ,日本ハム,藤原,寺地,安田,山本,西川,ソト,藤岡,高部,小川
pl2025072704,日本ハム,ロッテ,水谷,五十幡,清宮幸,レイエス,郡司,水野,万波,石井,伏見
pl2025072705,西武,楽天,西川,長谷川,渡部聖,ネビン,村田,デービス,源田,古賀悠,佐藤太
pl2025072705,楽天,西武,中島,小深田,村林,ボイト,黒川,辰己,宗山,堀内,小郷
pl2025072706,オリックス,ソフトバンク,中川,大里,太田,頓宮,宗,ディアス,福田,福永,元
pl2025072706,ソフトバンク,オリックス,周東,佐藤直,井上,近藤,山川,柳町,嶺井,野村,牧原大
pl2025072904,ソフトバンク,日本ハム,周東,ダウンズ,柳町,近藤,山川,山本,野村,海野,牧原大
pl2025072904,日本ハム,ソフトバンク,万波,松本剛,清宮幸,レイエス,野村,石井,伏見,水野,五十幡
pl2025072905,楽天,ロッテ,中島,小深田,村林,ボイト,黒川,辰己,宗山,堀内,小郷
pl2025072905,ロッテ,楽天,藤原,寺地,安田,山本,西川,ソト,宮崎,高部,友杉
pl2025072906,西武,オリックス,西川,長谷川,渡部聖,ネビン,外崎,デービス,佐藤太,古賀悠,滝沢
pl2025072906,オリックス,西武,広岡,宗,太田,頓宮,中川,ディアス,杉本,大里,若月
pl2025073004,ソフトバンク,日本ハム,周東,ダウンズ,柳町,近藤,山川,山本,野村,海野,牧原大
pl2025073004,日本ハム,ソフトバンク,五十幡,水谷,レイエス,郡司,石井,清宮幸,松本剛,水野,田宮
pl2025073005,楽天,ロッテ,中島,宗山,村林,ボイト,黒川,辰己,ゴンザレス,堀内,小郷
pl2025073005,ロッテ,楽天,藤原,寺地,安田,西川,ソト,高部,小川,友杉,田村
pl2025073006,西武,オリックス,西川,長谷川,渡部聖,ネビン,外崎,デービス,炭谷,源田,滝沢
pl2025073006,オリックス,西武,麦谷,宗,太田,杉本,来田,中川,ディアス,若月,大里
pl2025073104,ソフトバンク,日本ハム,ダウンズ,柳町,近藤,山川,山本,牧原大,川瀬,谷川原,野村
pl2025073104,日本ハム,ソフトバンク,水谷,清宮幸,レイエス,郡司,石井,万波,水野,伏見,五十幡
pl2025073105,楽天,ロッテ,中島,宗山,村林,ボイト,黒川,ゴンザレス,フランコ,堀内,辰己
pl2025073105,ロッテ,楽天,藤原,寺地,ソト,西川,山本,安田,佐藤,宮崎,友杉
pl2025073106,西武,オリックス,西川,長谷川,渡部聖,ネビン,村田,デービス,佐藤太,古賀悠,滝沢
pl2025073106,オリックス,西武,広岡,宗,太田,杉本,西野,ディアス,福田,福永,大里
pl2025080104,ロッテ,西武,藤原,寺地,安田,西川,山本,ソト,藤岡,上田,友杉
pl2025080104,西武,ロッテ,西川,長谷川,渡部聖,ネビン,村田,デービス,源田,柘植,滝沢
pl2025080105,日本ハム,オリックス,矢沢,水谷,清宮幸,郡司,石井,万波,野村,水野,松本剛
pl2025080105,オリックス,日本ハム,広岡,宗,ディアス,杉本,西野,頓宮,中川,大里,若月
pl2025080106,楽天,ソフトバンク,中島,宗山,村林,ボイト,黒川,ゴンザレス,フランコ,堀内,辰己
pl2025080106,ソフトバンク,楽天,緒方,柳町,近藤,山川,山本,牧原大,川瀬,海野,庄子
pl2025080204,ロッテ,西武,藤原,寺地,安田,西川,山本,宮崎,上田,佐藤,小川
pl2025080204,西武,ロッテ,西川,長谷川,渡部聖,ネビン,外崎,デービス,源田,古賀悠,滝沢
pl2025080205,日本ハム,オリックス,五十幡,松本剛,清宮幸,レイエス,郡司,万波,石井,野村,水野
pl2025080205,オリックス,日本ハム,広岡,西野,ディアス,杉本,頓宮,中川,オリバレス,大里,若月
pl2025080206,楽天,ソフトバンク,中島,小郷,村林,ゴンザレス,黒川,辰己,フランコ,堀内,小深田
pl2025080206,ソフトバンク,楽天,周東,柳町,近藤,山川,山本,ダウンズ,野村,海野,牧原大
pl2025080304,ロッテ,西武,藤原,寺地,安田,西川,ソト,山本,上田,宮崎,友杉
pl2025080304,西武,ロッテ,西川,長谷川,渡部聖,ネビン,村田,デービス,仲田,古賀悠,滝沢
pl2025080305,日本ハム,オリックス,五十幡,松本剛,郡司,レイエス,石井,野村,水谷,水野,田宮
pl2025080305,オリックス,日本ハム,広岡,宗,太田,頓宮,西野,中川,オリバレス,福永,大里
pl2025080306,楽天,ソフトバンク,中島,黒川,村林,ゴンザレス,フランコ,ボイト,辰己,太田,小深田
pl2025080306,ソフトバンク,楽天,周東,柳町,近藤,山川,ダウンズ,嶺井,野村,井上,牧原大
pl2025080504,西武,日本ハム,西川,長谷川,渡部聖,ネビン,村田,デービス,佐藤太,炭谷,滝沢
pl2025080504,日本ハム,西武,水谷,石井,清宮幸,郡司,万波,レイエス,野村,五十幡,奈良間
pl2025080505,オリックス,楽天,広岡,宗,太田,杉本,中川,頓宮,ディアス,若月,紅林
pl2025080505,楽天,オリックス,中島,村林,浅村,ゴンザレス,黒川,フランコ,辰己,堀内,小深田
pl2025080506,ソフトバンク,ロッテ,周東,柳町,近藤,山川,山本,ダウンズ,谷川原,野村,牧原大
pl2025080506,ロッテ,ソフトバンク,藤原,寺地,安田,西川,ソト,池田,山口,宮崎,友杉
pl2025080604,西武,日本ハム,西川,仲田,長谷川,ネビン,村田,デービス,渡部聖,柘植,源田
pl2025080604,日本ハム,西武,五十幡,清宮幸,レイエス,石井,水谷,野村,松本剛,奈良間,伏見
pl2025080605,オリックス,楽天,麦谷,宗,太田,頓宮,西野,中川,若月,大里,広岡
pl2025080605,楽天,オリックス,中島,宗山,村林,浅村,黒川,渡辺佳,フランコ,堀内,辰己
pl2025080606,ソフトバンク,ロッテ,周東,ダウンズ,近藤,山川,牧原大,柳町,山本,海野,野村
pl2025080606,ロッテ,ソフトバンク,藤原,寺地,安田,西川,ソト,佐藤,山口,宮崎,友杉
pl2025080704,西武,日本ハム,渡部聖,長谷川,岸,ネビン,村田,デービス,佐藤太,古賀悠,源田
pl2025080704,日本ハム,西武,五十幡,清宮幸,石井,田宮,郡司,レイエス,松本剛,梅林,水野
pl2025080705,オリックス,楽天,広岡,太田,頓宮,杉本,若月,西野,紅林,福田,オリバレス
pl2025080705,楽天,オリックス,中島,浅村,村林,ゴンザレス,黒川,フランコ,堀内,ボイト,辰己
pl2025080706,ソフトバンク,ロッテ,ダウンズ,野村,近藤,山川,嶺井,柳町,牧原大,井上,佐藤直
pl2025080706,ロッテ,ソフトバンク,藤原,寺地,池田,西川,ソト,安田,山本,山口,友杉
pl2025080904,楽天,西武,中島,村林,ゴンザレス,黒川,フランコ,堀内,小郷,ボイト,辰己
pl2025080904,西武,楽天,仲田,滝沢,岸,ネビン,村田,デービス,渡部聖,古賀悠,源田
pl2025080905,オリックス,ロッテ,広岡,宗,頓宮,杉本,中川,太田,大里,紅林,若月
pl2025080905,ロッテ,オリックス,藤原,西川,寺地,山本,ソト,安田,藤岡,上田,友杉
pl2025080906,日本ハム,ソフトバンク,五十幡,水谷,レイエス,マルティネス,石井,清宮幸,万波,田宮,水野
pl2025080906,ソフトバンク,日本ハム,周東,柳町,近藤,山川,中村,ダウンズ,川瀬,海野,牧原大
pl2025081004,楽天,西武,中島,村林,ゴンザレス,黒川,フランコ,辰己,ボイト,渡辺佳,太田
pl2025081004,西武,楽天,仲田,滝沢,渡部聖,ネビン,村田,デービス,長谷川,炭谷,源田
pl2025081006,日本ハム,ソフトバンク,五十幡,松本剛,レイエス,郡司,マルティネス,万波,石井,伏見,奈良間
pl2025081006,ソフトバンク,日本ハム,ダウンズ,川瀬,近藤,山川,柳町,山本,野村,海野,牧原大
pl2025081104,楽天,西武,中島,宗山,村林,黒川,フランコ,辰己,ボイト,堀内,武藤
pl2025081104,西武,楽天,長谷川,滝沢,渡部聖,ネビン,村田,デービス,外崎,柘植,源田
pl2025081105,オリックス,ロッテ,広岡,宗,頓宮,杉本,西野,太田,中川,大里,若月
pl2025081105,ロッテ,オリックス,藤原,西川,高部,ソト,池田,安田,佐藤,宮崎,小川
pl2025081106,日本ハム,ソフトバンク,郡司,清宮幸,万波,松本剛,レイエス,野村,石井,梅林,水野
pl2025081106,ソフトバンク,日本ハム,ダウンズ,川瀬,近藤,山川,柳町,嶺井,山本,野村,牧原大
pl2025081304,ロッテ,日本ハム,藤原,西川,高部,ソト,寺地,安田,山口,藤岡,友杉
pl2025081304,日本ハム,ロッテ,水谷,万波,野村,レイエス,郡司,石井,有薗,清宮幸,水野
pl2025081305,ソフトバンク,西武,ダウンズ,野村,近藤,山川,柳町,牧原大,山本,海野,佐藤直
pl2025081305,西武,ソフトバンク,外崎,滝沢,渡部聖,ネビン,村田,デービス,山村,長谷川,柘植
pl2025081306,楽天,オリックス,中島,村林,ゴンザレス,黒川,フランコ,ボイト,辰己,浅村,堀内
pl2025081306,オリックス,楽天,広岡,宗,頓宮,杉本,太田,ディアス,オリバレス,紅林,若月
pl2025081401,ロッテ,日本ハム,藤原,西川,高部,ソト,寺地,池田,山本,宮崎,友杉
pl2025081401,日本ハム,ロッテ,五十幡,水谷,野村,レイエス,石井,有薗,清宮幸,田宮,中島
pl2025081402,ソフトバンク,西武,川村,柳町,近藤,山川,中村,牧原大,野村,海野,川瀬
pl2025081402,西武,ソフトバンク,渡部聖,滝沢,外崎,ネビン,村田,デービス,長谷川,古賀悠,佐藤太
pl2025081403,楽天,オリックス,中島,村林,ゴンザレス,黒川,フランコ,ボイト,辰己,太田,小深田
pl2025081403,オリックス,楽天,麦谷,宗,中川,太田,若月,西野,頓宮,大里,広岡
pl2025081504,日本ハム,楽天,五十幡,郡司,レイエス,野村,万波,石井,清宮幸,伏見,水野
pl2025081504,楽天,日本ハム,中島,小深田,村林,黒川,フランコ,辰己,ボイト,武藤,太田
pl2025081505,西武,オリックス,渡部聖,滝沢,外崎,ネビン,村田,デービス,古賀悠,源田,モンテル
pl2025081505,オリックス,西武,広岡,西野,太田,杉本,頓宮,紅林,ディアス,若月,オリバレス
pl2025081506,ロッテ,ソフトバンク,藤原,西川,高部,ソト,寺地,池田,山口,宮崎,友杉
pl2025081506,ソフトバンク,ロッテ,ダウンズ,野村,近藤,山川,柳町,嶺井,牧原大,井上,佐藤直
pl2025081604,日本ハム,楽天,五十幡,田宮,レイエス,郡司,清宮幸,野村,石井,万波,水野
pl2025081604,楽天,日本ハム,中島,小深田,村林,黒川,フランコ,ボイト,辰己,ゴンザレス,太田
pl2025081605,西武,オリックス,渡部聖,滝沢,山村,ネビン,外崎,デービス,古賀悠,源田,長谷川
pl2025081605,オリックス,西武,広岡,宗,太田,杉本,西野,若月,頓宮,大里,麦谷
pl2025081606,ロッテ,ソフトバンク,藤原,西川,高部,寺地,安田,上田,佐藤,宮崎,小川
pl2025081606,ソフトバンク,ロッテ,周東,野村,近藤,山川,牧原大,ダウンズ,井上,海野,佐藤直
pl2025081704,日本ハム,楽天,中島,田宮,清宮幸,レイエス,矢沢,有薗,水野,水谷,松本剛
pl2025081704,楽天,日本ハム,中島,宗山,村林,黒川,フランコ,ボイト,辰己,堀内,小郷
pl2025081705,西武,オリックス,平沼,滝沢,外崎,ネビン,村田,デービス,源田,古賀悠,長谷川
pl2025081705,オリックス,西武,広岡,宗,太田,頓宮,西野,杉本,若月,紅林,中川
pl2025081706,ロッテ,ソフトバンク,藤原,西川,池田,山本,寺地,上田,安田,佐藤,友杉
pl2025081706,ソフトバンク,ロッテ,周東,柳町,近藤,山川,中村,牧原大,野村,海野,川瀬
pl2025081904,オリックス,日本ハム,広岡,西川,太田,杉本,中川,頓宮,若月,紅林,宗
pl2025081904,日本ハム,オリックス,水谷,清宮幸,石井,レイエス,郡司,野村,田宮,万波,水野
pl2025081905,楽天,ロッテ,中島,村林,ボイト,黒川,フランコ,宗山,ゴンザレス,辰己,太田
pl2025081905,ロッテ,楽天,藤原,西川,高部,ソト,寺地,安田,山口,宮崎,小川
pl2025081906,西武,ソフトバンク,渡部聖,滝沢,外崎,ネビン,村田,デービス,源田,古賀悠,長谷川
pl2025081906,ソフトバンク,西武,周東,柳町,近藤,山川,中村,牧原大,今宮,嶺井,野村
pl2025082004,オリックス,日本ハム,広岡,西川,太田,頓宮,中川,杉本,紅林,福永,宗
pl2025082004,日本ハム,オリックス,水谷,清宮幸,石井,レイエス,郡司,野村,田宮,万波,水野
pl2025082005,楽天,ロッテ,中島,村林,ボイト,黒川,フランコ,宗山,ゴンザレス,辰己,堀内
pl2025082005,ロッテ,楽天,藤原,西川,寺地,山口,安田,池田,山本,宮崎,友杉
pl2025082006,西武,ソフトバンク,源田,高松,渡部聖,ネビン,山村,デービス,外崎,炭谷,滝沢
pl2025082006,ソフトバンク,西武,野村,今宮,近藤,山川,柳町,牧原大,ダウンズ,海野,佐藤直
pl2025082103,オリックス,日本ハム,広岡,西川,太田,杉本,中川,西野,紅林,若月,宗
pl2025082103,日本ハム,オリックス,水谷,清宮幸,郡司,レイエス,野村,石井,万波,田宮,水野
pl2025082104,楽天,ロッテ,中島,村林,ボイト,黒川,フランコ,ゴンザレス,辰己,太田,武藤
pl2025082104,ロッテ,楽天,藤原,西川,高部,山口,ソト,藤岡,安田,佐藤,友杉
pl2025082204,ソフトバンク,日本ハム,周東,野村,近藤,山川,中村,牧原大,今宮,ダウンズ,谷川原
pl2025082204,日本ハム,ソフトバンク,水谷,清宮幸,郡司,レイエス,野村,石井,万波,田宮,水野
pl2025082205,オリックス,楽天,広岡,西川,太田,杉本,中川,紅林,頓宮,若月,宗
pl2025082205,楽天,オリックス,中島,村林,渡辺佳,黒川,宗山,フランコ,辰己,ボイト,堀内
pl2025082206,西武,ロッテ,渡部聖,源田,外崎,ネビン,山村,デービス,古賀悠,元山,モンテル
pl2025082206,ロッテ,西武,藤原,西川,高部,山口,ソト,寺地,藤岡,安田,小川
pl2025082304,ソフトバンク,日本ハム,周東,野村,近藤,山川,牧原大,今宮,柳町,ダウンズ,海野
pl2025082304,日本ハム,ソフトバンク,水谷,清宮幸,郡司,レイエス,野村,石井,万波,田宮,水野
pl2025082305,オリックス,楽天,広岡,西川,太田,中川,西野,頓宮,若月,麦谷,大城
pl2025082305,楽天,オリックス,中島,村林,ボイト,黒川,フランコ,ゴンザレス,辰己,太田,武藤
pl2025082306,西武,ロッテ,渡部聖,源田,外崎,ネビン,村田,デービス,古賀悠,滝沢,長谷川
pl2025082306,ロッテ,西武,藤原,西川,高部,山口,池田,安田,佐藤,宮崎,友杉
pl2025082404,ソフトバンク,日本ハム,周東,川瀬,近藤,山川,中村,牧原大,今宮,海野,野村
pl2025082404,日本ハム,ソフトバンク,水谷,清宮幸,郡司,レイエス,野村,石井,万波,田宮,水野
pl2025082405,オリックス,楽天,広岡,西川,太田,中川,頓宮,若月,宗,紅林,麦谷
pl2025082405,楽天,オリックス,中島,村林,ボイト,黒川,フランコ,ゴンザレス,宗山,堀内,辰己
pl2025082406,西武,ロッテ,渡部聖,源田,外崎,ネビン,村田,デービス,古賀悠,滝沢,長谷川
pl2025082406,ロッテ,西武,藤原,西川,山本,山口,上田,藤岡,佐藤,高部,友杉
pl2025082604,ソフトバンク,楽天,周東,牧原大,近藤,中村,柳町,山川,今宮,嶺井,川瀬
pl2025082604,楽天,ソフトバンク,中島,村林,ボイト,黒川,フランコ,宗山,ゴンザレス,辰己,堀内
pl2025082605,日本ハム,西武,水谷,田宮,石井,レイエス,清宮幸,野村,万波,有薗,奈良間
pl2025082605,西武,日本ハム,渡部聖,源田,山村,ネビン,外崎,デービス,古賀悠,セデーニョ,長谷川
pl2025082606,ロッテ,オリックス,藤原,西川,山本,山口,安田,上田,宮崎,田村,友杉
pl2025082606,オリックス,ロッテ,広岡,西川,太田,中川,宗,頓宮,紅林,若月,麦谷
pl2025082704,ソフトバンク,楽天,野村,周東,近藤,中村,山川,牧原大,今宮,柳町,海野
pl2025082704,楽天,ソフトバンク,中島,村林,ボイト,黒川,フランコ,宗山,ゴンザレス,辰己,堀内
pl2025082705,日本ハム,西武,矢沢,五十幡,水谷,郡司,石井,万波,清宮幸,伏見,山県
pl2025082705,西武,日本ハム,平沼,デービス,外崎,ネビン,セデーニョ,長谷川,古賀悠,滝沢,渡部聖
pl2025082706,ロッテ,オリックス,藤原,西川,高部,山口,寺地,安田,上田,友杉,小川
pl2025082706,オリックス,ロッテ,広岡,西川,太田,杉本,西野,頓宮,紅林,若月,麦谷
pl2025082904,楽天,日本ハム,辰己,村林,フランコ,黒川,ボイト,鈴木大,ゴンザレス,堀内,武藤
pl2025082904,日本ハム,楽天,水谷,石井,郡司,レイエス,野村,田宮,万波,五十幡,水野
pl2025082905,オリックス,西武,広岡,西川,太田,中川,頓宮,杉本,宗,若月,大里
pl2025082905,西武,オリックス,滝沢,デービス,山村,ネビン,外崎,セデーニョ,渡部聖,長谷川,古賀悠
pl2025082906,ソフトバンク,ロッテ,周東,柳町,近藤,中村,山川,牧原大,栗原,海野,野村
pl2025082906,ロッテ,ソフトバンク,藤原,西川,高部,山口,ソト,安田,佐藤,小川,友杉
pl2025083004,楽天,日本ハム,中島,村林,ボイト,黒川,フランコ,宗山,ゴンザレス,辰己,太田
pl2025083004,日本ハム,楽天,水谷,五十幡,郡司,レイエス,清宮幸,有薗,田宮,山県,水野
pl2025083005,オリックス,西武,広岡,西川,太田,中川,西野,杉本,宗,福永,紅林
pl2025083005,西武,オリックス,平沼,山村,外崎,ネビン,セデーニョ,渡部聖,長谷川,炭谷,滝沢
pl2025083006,ソフトバンク,ロッテ,野村,周東,牧原大,山川,中村,今宮,栗原,海野,佐藤直
pl2025083006,ロッテ,ソフトバンク,藤原,西川,高部,上田,佐藤,藤岡,安田,宮崎,小川
pl2025083104,楽天,日本ハム,中島,村林,ボイト,黒川,フランコ,宗山,ゴンザレス,辰己,太田
pl2025083104,日本ハム,楽天,五十幡,田宮,郡司,清宮幸,レイエス,野村,石井,万波,中島
pl2025083105,オリックス,西武,広岡,宗,西川,中川,西野,頓宮,杉本,若月,紅林
pl2025083105,西武,オリックス,平沼,山村,外崎,ネビン,渡部聖,古賀悠,セデーニョ,長谷川,滝沢
pl2025083106,ソフトバンク,ロッテ,野村,周東,牧原大,山川,中村,今宮,栗原,嶺井,佐藤直
pl2025083106,ロッテ,ソフトバンク,高部,西川,上田,寺地,佐藤,山本,池田,宮崎,友杉
pl2025090204,西武,楽天,西川,平沼,外崎,ネビン,渡部聖,山村,古賀悠,セデーニョ,源田
pl2025090204,楽天,西武,中島,村林,ボイト,黒川,フランコ,鈴木大,辰己,堀内,武藤
pl2025090205,日本ハム,ロッテ,水谷,石井,レイエス,郡司,清宮幸,田宮,万波,五十幡,水野
pl2025090205,ロッテ,日本ハム,高部,西川,ソト,寺地,藤岡,山本,安田,田村,友杉
pl2025090206,オリックス,ソフトバンク,広岡,西川,紅林,中川,若月,頓宮,杉本,大城,宗
pl2025090206,ソフトバンク,オリックス,野村,牧原大,柳町,山川,今宮,栗原,川瀬,海野,周東
pl2025090304,西武,楽天,西川,平沼,外崎,ネビン,渡部聖,山村,古賀悠,セデーニョ,源田
pl2025090304,楽天,西武,中島,辰己,鈴木大,黒川,フランコ,渡辺佳,宗山,武藤,太田
pl2025090305,日本ハム,ロッテ,水谷,マルティネス,レイエス,石井,田宮,万波,清宮幸,山県,松本剛
pl2025090305,ロッテ,日本ハム,高部,西川,上田,山口,藤岡,佐藤,山本,アセベド,小川
pl2025090306,オリックス,ソフトバンク,広岡,西川,太田,中川,頓宮,杉本,宗,福永,紅林
pl2025090306,ソフトバンク,オリックス,周東,柳町,牧原大,中村,栗原,今宮,山川,嶺井,笹川
pl2025090404,日本ハム,ロッテ,五十幡,矢沢,水谷,レイエス,郡司,山県,清宮幸,伏見,水野
pl2025090404,ロッテ,日本ハム,高部,西川,ソト,寺地,藤岡,佐藤,山本,安田,友杉
pl2025090405,オリックス,ソフトバンク,広岡,西川,太田,杉本,中川,頓宮,宗,若月,紅林
pl2025090405,ソフトバンク,オリックス,周東,柳町,牧原大,嶺井,栗原,山川,今宮,海野,佐藤直
pl2025090504,ロッテ,西武,高部,西川,上田,山口,藤岡,安田,山本,松川,小川
pl2025090504,西武,ロッテ,西川,平沼,外崎,ネビン,渡部聖,山村,古賀悠,セデーニョ,滝沢
pl2025090505,日本ハム,オリックス,五十幡,矢沢,水谷,郡司,清宮幸,田宮,石井,山県,水野
pl2025090505,オリックス,日本ハム,広岡,西川,太田,中川,西野,紅林,杉本,若月,大里
pl2025090506,楽天,ソフトバンク,中島,村林,ボイト,黒川,フランコ,辰己,ゴンザレス,宗山,太田
pl2025090506,ソフトバンク,楽天,野村,柳町,牧原大,中村,栗原,山川,石塚,海野,佐藤直
pl2025090604,ロッテ,西武,高部,西川,上田,ソト,藤岡,佐藤,アセベド,山本,小川
pl2025090604,西武,ロッテ,西川,平沼,外崎,ネビン,渡部聖,山村,古賀悠,セデーニョ,滝沢
pl2025090605,日本ハム,オリックス,水谷,清宮幸,郡司,レイエス,野村,石井,田宮,山県,五十幡
pl2025090605,オリックス,日本ハム,広岡,西川,太田,頓宮,宗,杉本,若月,大城,麦谷
pl2025090606,楽天,ソフトバンク,中島,ボイト,フランコ,ゴンザレス,黒川,村林,辰己,宗山,堀内
pl2025090606,ソフトバンク,楽天,周東,柳町,牧原大,中村,栗原,山川,笹川,海野,野村
pl2025090704,ロッテ,西武,高部,西川,寺地,山口,藤岡,佐藤,安田,山本,小川
pl2025090704,西武,ロッテ,西川,平沼,外崎,ネビン,渡部聖,山村,古市,セデーニョ,滝沢
pl2025090705,日本ハム,オリックス,五十幡,清宮幸,郡司,レイエス,万波,石井,松本剛,田宮,水野
pl2025090705,オリックス,日本ハム,広岡,西川,太田,頓宮,中川,宗,紅林,若月,来田
pl2025090706,楽天,ソフトバンク,中島,村林,ボイト,黒川,フランコ,辰己,ゴンザレス,宗山,太田
pl2025090706,ソフトバンク,楽天,野村,周東,牧原大,柳町,栗原,山川,石塚,海野,佐藤直
pl2025090801,オリックス,ロッテ,広岡,西川,太田,頓宮,中川,森,杉本,若月,紅林
pl2025090801,ロッテ,オリックス,高部,西川,上田,アセベド,藤岡,佐藤,安田,山本,小川
pl2025090904,ソフトバンク,日本ハム,周東,近藤,牧原大,中村,柳町,栗原,川瀬,海野,笹川
pl2025090904,日本ハム,ソフトバンク,水谷,今川,レイエス,郡司,清宮幸,万波,石井,山県,田宮
pl2025090905,西武,楽天,西川,平沼,外崎,ネビン,渡部聖,山村,古賀悠,セデーニョ,滝沢
pl2025090905,楽天,西武,中島,村林,黒川,ボイト,鈴木大,辰己,宗山,堀内,小深田
pl2025090906,オリックス,ロッテ,麦谷,来田,西川,頓宮,西野,森,広岡,宗,紅林
pl2025090906,ロッテ,オリックス,高部,西川,佐藤,上田,藤岡,池田,山本,田村,友杉
pl2025091104,オリックス,日本ハム,広岡,西川,中川,頓宮,西野,森,杉本,紅林,宗
pl2025091104,日本ハム,オリックス,野村,今川,レイエス,郡司,清宮幸,松本剛,山県,奈良間,田宮
pl2025091105,ソフトバンク,ロッテ,牧原大,周東,近藤,栗原,柳町,山川,笹川,嶺井,野村
pl2025091105,ロッテ,ソフトバンク,高部,西川,岡,ソト,佐藤,池田,茶谷,山本,友杉
pl2025091203,西武,日本ハム,西川,滝沢,外崎,ネビン,渡部聖,山村,セデーニョ,炭谷,源田
pl2025091203,日本ハム,西武,野村,今川,レイエス,郡司,清宮幸,山県,石井,矢沢,伏見
pl2025091204,ロッテ,楽天,高部,西川,寺地,山口,藤岡,山本,佐藤,茶谷,友杉
pl2025091204,楽天,ロッテ,中島,村林,黒川,ボイト,鈴木大,浅村,宗山,武藤,太田
pl2025091304,西武,日本ハム,西川,滝沢,外崎,ネビン,渡部聖,平沼,セデーニョ,古賀悠,源田
pl2025091304,日本ハム,西武,水谷,今川,レイエス,郡司,清宮幸,野村,田宮,石井,水野
pl2025091305,ロッテ,楽天,高部,西川,岡,ソト,藤岡,山本,佐藤,安田,小川
pl2025091305,楽天,ロッテ,中島,村林,黒川,ボイト,フランコ,浅村,鈴木大,太田,武藤
pl2025091306,ソフトバンク,オリックス,周東,緒方,柳町,近藤,中村,牧原大,栗原,海野,川瀬
pl2025091306,オリックス,ソフトバンク,来田,森,西川,頓宮,西野,杉本,太田,若月,紅林
pl2025091404,西武,日本ハム,西川,滝沢,外崎,ネビン,渡部聖,山村,セデーニョ,古賀悠,仲田
pl2025091404,日本ハム,西武,水谷,今川,レイエス,郡司,清宮幸,万波,石井,山県,田宮
pl2025091405,ロッテ,楽天,高部,西川,岡,山本,藤岡,山口,佐藤,安田,友杉
pl2025091405,楽天,ロッテ,中島,村林,黒川,ボイト,フランコ,浅村,鈴木大,武藤,太田
pl2025091406,ソフトバンク,オリックス,周東,柳町,近藤,中村,牧原大,栗原,野村,海野,佐藤直
pl2025091406,オリックス,ソフトバンク,広岡,西野,中川,西川,頓宮,森,杉本,大城,宗
pl2025091504,西武,日本ハム,西川,滝沢,外崎,ネビン,渡部聖,山村,セデーニョ,古賀悠,源田
pl2025091504,日本ハム,西武,水谷,浅間,レイエス,郡司,清宮幸,石井,野村,田宮,山県
pl2025091505,ロッテ,楽天,高部,西川,ソト,山本,山口,上田,佐藤,小川,友杉
pl2025091505,楽天,ロッテ,中島,村林,黒川,ボイト,フランコ,浅村,鈴木大,武藤,太田
pl2025091506,ソフトバンク,オリックス,野村,周東,柳町,中村,栗原,牧原大,山川,海野,笹川
pl2025091506,オリックス,ソフトバンク,広岡,中川,太田,西川,西野,頓宮,宗,若月,紅林
pl2025091601,ロッテ,オリックス,高部,西川,寺地,山本,池田,安田,松川,小川,友杉
pl2025091601,オリックス,ロッテ,広岡,西川,太田,杉本,西野,中川,紅林,若月,麦谷
pl2025091704,日本ハム,楽天,浅間,細川,レイエス,郡司,清宮幸,田宮,万波,水野,水谷
pl2025091704,楽天,日本ハム,中島,村林,黒川,ボイト,宗山,浅村,小郷,太田,武藤
pl2025091705,ロッテ,オリックス,西川,高部,岡,山本,寺地,茶谷,佐藤,上田,小川
pl2025091705,オリックス,ロッテ,来田,西川,太田,頓宮,西野,森,麦谷,紅林,広岡
pl2025091706,西武,ソフトバンク,西川,滝沢,外崎,ネビン,渡部聖,山村,セデーニョ,源田,炭谷
pl2025091706,ソフトバンク,西武,周東,柳町,牧原大,中村,栗原,山川,谷川原,海野,野村
pl2025091803,オリックス,西武,広岡,西川,太田,杉本,頓宮,森,宗,若月,大里
pl2025091803,西武,オリックス,西川,平沼,外崎,ネビン,渡部聖,山村,元山,古賀悠,滝沢
pl2025091804,楽天,ロッテ,中島,村林,黒川,ボイト,宗山,浅村,小郷,石原,武藤
pl2025091804,ロッテ,楽天,西川,岡,高部,山本,寺地,藤岡,安田,佐藤,小川
pl2025091805,日本ハム,ソフトバンク,水谷,野村,レイエス,郡司,清宮幸,万波,山県,田宮,水野
pl2025091805,ソフトバンク,日本ハム,周東,近藤,牧原大,中村,栗原,柳町,野村,嶺井,笹川
pl2025091911,西武,楽天,西川,滝沢,外崎,ネビン,渡部聖,平沼,セデーニョ,源田,古賀悠
pl2025091911,楽天,西武,中島,宗山,黒川,ボイト,フランコ,浅村,鈴木大,太田,武藤
pl2025092004,ロッテ,日本ハム,西川,高部,ソト,山本,寺地,上田,佐藤,友杉,小川
pl2025092004,日本ハム,ロッテ,万波,レイエス,水谷,郡司,清宮幸,野村,石井,伏見,水野
pl2025092005,西武,楽天,西川,滝沢,外崎,セデーニョ,渡部聖,山村,平沼,元山,古賀悠
pl2025092005,楽天,西武,中島,村林,黒川,ボイト,宗山,浅村,ゴンザレス,武藤,太田
pl2025092006,オリックス,ソフトバンク,西川,太田,森,西野,若月,中川,宗,大里,広岡
pl2025092006,ソフトバンク,オリックス,周東,柳町,近藤,中村,栗原,牧原大,川瀬,海野,緒方
pl2025092104,ロッテ,日本ハム,西川,山本,高部,寺地,上田,藤岡,池田,佐藤,小川
pl2025092104,日本ハム,ロッテ,万波,レイエス,水谷,郡司,清宮幸,野村,石井,山県,田宮
pl2025092105,西武,楽天,西川,滝沢,外崎,セデーニョ,渡部聖,山村,長谷川,源田,古賀悠
pl2025092105,楽天,西武,中島,村林,黒川,ボイト,浅村,フランコ,鈴木大,太田,武藤
pl2025092106,オリックス,ソフトバンク,麦谷,森,広岡,西野,若月,頓宮,紅林,宗,中川
pl2025092106,ソフトバンク,オリックス,野村,柳町,近藤,中村,栗原,牧原大,谷川原,海野,佐藤直
pl2025092202,ロッテ,日本ハム,西川,山本,高部,寺地,ソト,藤岡,安田,佐藤,小川
pl2025092202,日本ハム,ロッテ,水谷,浅間,レイエス,郡司,清宮幸,野村,石井,水野,田宮
pl2025092203,オリックス,ソフトバンク,広岡,西野,太田,頓宮,紅林,森,杉本,宗,中川
pl2025092203,ソフトバンク,オリックス,野村,柳田,柳町,近藤,中村,栗原,牧原大,海野,川瀬
pl2025092304,楽天,日本ハム,中島,村林,黒川,ボイト,浅村,宗山,鈴木大,太田,武藤
pl2025092304,日本ハム,楽天,水谷,石井,レイエス,郡司,清宮幸,野村,五十幡,水野,田宮
pl2025092305,西武,ロッテ,西川,滝沢,渡部聖,ネビン,山村,セデーニョ,長谷川,源田,古賀悠
pl2025092305,ロッテ,西武,西川,寺地,高部,上田,池田,安田,山本,植田,友杉
pl2025092306,オリックス,ソフトバンク,広岡,西野,太田,頓宮,中川,若月,杉本,宗,紅林
pl2025092306,ソフトバンク,オリックス,谷川原,柳田,柳町,近藤,栗原,山川,牧原大,嶺井,川瀬
pl2025092401,ソフトバンク,楽天,柳田,近藤,栗原,中村,柳町,牧原大,野村,海野,川瀬
pl2025092401,楽天,ソフトバンク,中島,村林,黒川,ボイト,浅村,フランコ,鈴木大,太田,武藤
pl2025092402,西武,ロッテ,西川,滝沢,渡部聖,ネビン,山村,セデーニョ,元山,古市,仲田
pl2025092402,ロッテ,西武,西川,寺地,岡,山口,池田,佐藤,山本,宮崎,友杉
pl2025092501,ソフトバンク,楽天,柳田,近藤,栗原,山川,柳町,牧原大,野村,嶺井,川瀬
pl2025092501,楽天,ソフトバンク,中島,浅村,黒川,ボイト,宗山,フランコ,鈴木大,石原,武藤
pl2025092502,日本ハム,西武,水谷,田宮,レイエス,郡司,清宮幸,浅間,石井,五十幡,水野
pl2025092502,西武,日本ハム,西川,滝沢,渡部聖,ネビン,山村,平沼,セデーニョ,元山,古賀悠
pl2025092503,ロッテ,オリックス,西川,寺地,岡,ソト,藤岡,池田,佐藤,高部,友杉
pl2025092503,オリックス,ロッテ,広岡,太田,西野,頓宮,中川,紅林,杉本,森,宗
pl2025092601,日本ハム,西武,矢沢,水谷,レイエス,郡司,清宮幸,石井,水野,田宮,松本剛
pl2025092601,西武,日本ハム,西川,滝沢,渡部聖,ネビン,山村,セデーニョ,古賀悠,源田,長谷川
pl2025092609,ソフトバンク,楽天,柳田,近藤,栗原,山川,柳町,牧原大,野村,海野,川瀬
pl2025092609,楽天,ソフトバンク,中島,小深田,黒川,ボイト,浅村,鈴木大,宗山,太田,小郷
pl2025092701,ソフトバンク,西武,柳田,川瀬,栗原,中村,柳町,牧原大,山川,海野,野村
pl2025092701,西武,ソフトバンク,西川,滝沢,渡部聖,ネビン,山村,セデーニョ,デービス,古賀悠,古川
pl2025092702,日本ハム,ロッテ,矢沢,五十幡,水野,郡司,清宮幸,石井,水谷,進藤,奈良間
pl2025092702,ロッテ,日本ハム,西川,寺地,岡,ソト,上田,佐藤,高部,友杉,小川
pl2025092703,楽天,オリックス,中島,小深田,黒川,ボイト,浅村,鈴木大,宗山,太田,小郷
pl2025092703,オリックス,楽天,中川,宗,太田,頓宮,若月,杉本,森,紅林,広岡
pl2025092801,ソフトバンク,西武,野村,川瀬,栗原,柳町,谷川原,海野,佐藤直,緒方,庄子
pl2025092801,西武,ソフトバンク,斎藤,滝沢,西川,ネビン,渡部聖,セデーニョ,デービス,古賀悠,古川
pl2025092802,日本ハム,ロッテ,清宮幸,レイエス,郡司,野村,水谷,山県,矢沢,水野,田宮
pl2025092802,ロッテ,日本ハム,西川,寺地,藤岡,ソト,上田,高部,山口,佐藤,小川
pl2025092803,楽天,オリックス,中島,宗山,黒川,ボイト,浅村,フランコ,伊藤,石原,小郷
pl2025092803,オリックス,楽天,広岡,太田,紅林,中川,若月,西野,宗,大城,麦谷
pl2025092901,ロッテ,西武,西川,寺地,高部,上田,山口,安田,佐藤,宮崎,小川
pl2025092901,西武,ロッテ,西川,滝沢,渡部聖,ネビン,山村,平沼,セデーニョ,古賀悠,長谷川
pl2025092902,楽天,オリックス,中島,村林,黒川,ボイト,浅村,宗山,吉野,吉納,太田
pl2025092902,オリックス,楽天,広岡,太田,紅林,中川,頓宮,若月,来田,大里,福永
pl2025093001,日本ハム,ソフトバンク,清宮幸,今川,郡司,進藤,水谷,矢沢,山県,浅間,石井
pl2025093001,ソフトバンク,日本ハム,柳田,牧原大,柳町,中村,山川,井上,川瀬,谷川原,野村
pl2025093004,楽天,ロッテ,浅村,村林,黒川,ボイト,フランコ,伊藤,吉野,中島,石原
pl2025093004,ロッテ,楽天,西川,寺地,高部,ソト,池田,安田,友杉,植田,和田
pl2025100101,西武,オリックス,西川,滝沢,渡部聖,セデーニョ,山村,デービス,佐藤太,古賀悠,古川
pl2025100101,オリックス,西武,広岡,太田,紅林,中川,杉本,西野,頓宮,若月,宗
pl2025100201,西武,オリックス,西川,滝沢,渡部聖,セデーニョ,山村,デービス,仲田,古賀悠,斎藤
pl2025100201,オリックス,西武,広岡,宗,紅林,頓宮,来田,若月,麦谷,渡部,大里
pl2025100302,オリックス,ソフトバンク,森,宗,紅林,太田,杉本,西野,広岡,堀,麦谷
pl2025100302,ソフトバンク,オリックス,柳田,柳町,牧原大,山川,栗原,谷川原,井上,海野,野村
pl2025100303,西武,楽天,西川,滝沢,渡部聖,セデーニョ,山村,デービス,佐藤太,古市,古川
pl2025100303,楽天,西武,中島,村林,黒川,ボイト,浅村,宗山,鈴木大,武藤,太田
pl2025100402,西武,楽天,西川,滝沢,渡部聖,セデーニョ,山村,仲田,斎藤,柘植,古川
pl2025100402,楽天,西武,中島,村林,黒川,ボイト,フランコ,宗山,吉野,武藤,太田
pl2025100403,日本ハム,ロッテ,清宮幸,郡司,浅間,野村,今川,石井,矢沢,奈良間,田宮
pl2025100403,ロッテ,日本ハム,西川,藤原,高部,ソト,藤岡,上田,佐藤,山本,小川
pl2025100501,オリックス,楽天,広岡,太田,紅林,中川,西野,頓宮,杉本,宗,若月
pl2025100501,楽天,オリックス,中島,村林,黒川,ボイト,浅村,宗山,鈴木大,武藤,太田
pl2025100502,ソフトバンク,ロッテ,柳田,野村,柳町,山川,栗原,川瀬,谷川原,海野,佐藤直
pl2025100502,ロッテ,ソフトバンク,西川,高部,藤原,寺地,藤岡,上田,佐藤,安田,小川
