true_id,pred_id,true_label,pred_label,prob_RUN_SCORED
0,0,NO_RUN,NO_RUN,0.47271553262012217
1,0,RUN_SCORED,NO_RUN,0.41911895520067494
0,1,NO_RUN,RUN_SCORED,0.5859111653468828
1,1,RUN_SCORED,RUN_SCORED,0.6673705610813349
0,1,NO_RUN,RUN_SCORED,0.6575351729098843
1,1,RUN_SCORED,RUN_SCORED,0.57276380431318
0,0,NO_RUN,NO_RUN,0.141421611484371
0,0,NO_RUN,NO_RUN,0.04919211770726958
1,0,RUN_SCORED,NO_RUN,0.055725697711900564
0,0,NO_RUN,NO_RUN,0.139904039866927
0,0,NO_RUN,NO_RUN,0.1457337014392501
0,0,NO_RUN,NO_RUN,0.007131780269045854
0,0,NO_RUN,NO_RUN,0.23019950657325763
0,0,NO_RUN,NO_RUN,0.1348516523544713
1,0,RUN_SCORED,NO_RUN,0.2262084581678869
0,0,NO_RUN,NO_RUN,0.2258529581725255
0,0,NO_RUN,NO_RUN,0.09585158667369448
1,0,RUN_SCORED,NO_RUN,0.4682857329266104
1,0,RUN_SCORED,NO_RUN,0.23313264011200066
0,0,NO_RUN,NO_RUN,0.02968150935383334
0,0,NO_RUN,NO_RUN,0.18731894462999651
0,0,NO_RUN,NO_RUN,0.12084565188177124
0,0,NO_RUN,NO_RUN,0.03646329059885373
1,0,RUN_SCORED,NO_RUN,0.26524546930995996
1,0,RUN_SCORED,NO_RUN,0.43339940667659
0,0,NO_RUN,NO_RUN,0.1993766035346826
0,1,NO_RUN,RUN_SCORED,0.5520381392160297
0,0,NO_RUN,NO_RUN,0.1964754781638107
0,1,NO_RUN,RUN_SCORED,0.5589855466893955
0,0,NO_RUN,NO_RUN,0.43689269854902674
0,0,NO_RUN,NO_RUN,0.08759842722846439
0,1,NO_RUN,RUN_SCORED,0.649072886808166
1,0,RUN_SCORED,NO_RUN,0.29236270124815983
0,1,NO_RUN,RUN_SCORED,0.5999751469451952
0,0,NO_RUN,NO_RUN,0.21993313142928736
0,1,NO_RUN,RUN_SCORED,0.5512084588014954
0,0,NO_RUN,NO_RUN,0.35297078448070446
0,0,NO_RUN,NO_RUN,0.4413565777921317
1,0,RUN_SCORED,NO_RUN,0.26745184940427635
1,0,RUN_SCORED,NO_RUN,0.2823913034592727
1,0,RUN_SCORED,NO_RUN,0.028696278879804468
0,0,NO_RUN,NO_RUN,0.19962693358219144
0,0,NO_RUN,NO_RUN,0.3137391826174734
0,0,NO_RUN,NO_RUN,0.47530598348131453
0,0,NO_RUN,NO_RUN,0.08706695020549908
0,1,NO_RUN,RUN_SCORED,0.5696422238468453
0,0,NO_RUN,NO_RUN,0.3469801833359619
0,0,NO_RUN,NO_RUN,0.027801371106567184
0,1,NO_RUN,RUN_SCORED,0.6884380010429377
0,0,NO_RUN,NO_RUN,0.08509972562968834
0,0,NO_RUN,NO_RUN,0.49738866160488987
0,0,NO_RUN,NO_RUN,0.12477397004221097
0,0,NO_RUN,NO_RUN,0.3750633268147501
0,0,NO_RUN,NO_RUN,0.44751140973560566
0,0,NO_RUN,NO_RUN,0.4016855412822985
1,0,RUN_SCORED,NO_RUN,0.4483688564775252
0,1,NO_RUN,RUN_SCORED,0.6255086760807866
0,1,NO_RUN,RUN_SCORED,0.624993793100131
0,0,NO_RUN,NO_RUN,0.016305866155030938
0,0,NO_RUN,NO_RUN,0.3217621739833895
0,0,NO_RUN,NO_RUN,0.11108352968546734
0,1,NO_RUN,RUN_SCORED,0.571727469390675
0,0,NO_RUN,NO_RUN,0.2250006116625727
0,1,NO_RUN,RUN_SCORED,0.5687060939140128
0,1,NO_RUN,RUN_SCORED,0.5017417554975133
1,0,RUN_SCORED,NO_RUN,0.024974004457383278
0,1,NO_RUN,RUN_SCORED,0.5890733890490564
1,1,RUN_SCORED,RUN_SCORED,0.5878759451670216
0,1,NO_RUN,RUN_SCORED,0.6352371505729054
0,0,NO_RUN,NO_RUN,0.07026311644007083
0,0,NO_RUN,NO_RUN,0.3782975315576412
1,0,RUN_SCORED,NO_RUN,0.4885021776106688
0,0,NO_RUN,NO_RUN,0.33015135306995463
1,1,RUN_SCORED,RUN_SCORED,0.7002651109204336
0,0,NO_RUN,NO_RUN,0.25405392117744224
0,0,NO_RUN,NO_RUN,0.26598207568276744
0,1,NO_RUN,RUN_SCORED,0.5380752368384757
0,1,NO_RUN,RUN_SCORED,0.5017420136695773
0,0,NO_RUN,NO_RUN,0.0681225234926737
0,0,NO_RUN,NO_RUN,0.08364545423270746
0,0,NO_RUN,NO_RUN,0.021300030674306615
1,0,RUN_SCORED,NO_RUN,0.32087639991955036
0,0,NO_RUN,NO_RUN,0.03990573884313183
0,0,NO_RUN,NO_RUN,0.3674512071984466
0,0,NO_RUN,NO_RUN,0.33149513382456186
0,0,NO_RUN,NO_RUN,0.01082550668621334
0,0,NO_RUN,NO_RUN,0.3835974821104175
0,0,NO_RUN,NO_RUN,0.31394289777861845
0,0,NO_RUN,NO_RUN,0.06163300835014593
0,0,NO_RUN,NO_RUN,0.0661757877520668
0,0,NO_RUN,NO_RUN,0.17719444594543013
0,0,NO_RUN,NO_RUN,0.05347207810306534
0,0,NO_RUN,NO_RUN,0.14458036288503046
0,0,NO_RUN,NO_RUN,0.11060224106640387
0,0,NO_RUN,NO_RUN,0.15997422191227098
0,0,NO_RUN,NO_RUN,0.12877561834086498
0,1,NO_RUN,RUN_SCORED,0.6065792896421687
0,0,NO_RUN,NO_RUN,0.014514329056936871
1,0,RUN_SCORED,NO_RUN,0.47287443162790294
0,0,NO_RUN,NO_RUN,0.005677629880142216
0,0,NO_RUN,NO_RUN,0.29046090942799907
0,0,NO_RUN,NO_RUN,0.1034252357118678
1,0,RUN_SCORED,NO_RUN,0.08472510878234794
0,0,NO_RUN,NO_RUN,0.20525480454806863
0,0,NO_RUN,NO_RUN,0.19020715640121
0,0,NO_RUN,NO_RUN,0.020664816117068437
0,0,NO_RUN,NO_RUN,0.35230979134560764
0,0,NO_RUN,NO_RUN,0.11589334733006701
0,0,NO_RUN,NO_RUN,0.005141063401554404
0,1,NO_RUN,RUN_SCORED,0.5052587468846373
1,0,RUN_SCORED,NO_RUN,0.11483899501930574
0,0,NO_RUN,NO_RUN,0.08151053587535798
0,0,NO_RUN,NO_RUN,0.16595330860419494
0,1,NO_RUN,RUN_SCORED,0.5164019183797972
0,0,NO_RUN,NO_RUN,0.26519726630297197
0,0,NO_RUN,NO_RUN,0.33986658778698464
1,1,RUN_SCORED,RUN_SCORED,0.5669159815274343
1,0,RUN_SCORED,NO_RUN,0.4910582603831944
0,1,NO_RUN,RUN_SCORED,0.6173132431286933
0,0,NO_RUN,NO_RUN,0.252457612144816
1,0,RUN_SCORED,NO_RUN,0.24439848338871378
0,0,NO_RUN,NO_RUN,0.07579272471890143
0,0,NO_RUN,NO_RUN,0.2152892692187713
0,0,NO_RUN,NO_RUN,0.016532279531152234
0,0,NO_RUN,NO_RUN,0.29554528483890596
1,0,RUN_SCORED,NO_RUN,0.18587357751245775
1,0,RUN_SCORED,NO_RUN,0.3234881742932114
1,1,RUN_SCORED,RUN_SCORED,0.6223148466953773
1,0,RUN_SCORED,NO_RUN,0.30542953565331515
0,0,NO_RUN,NO_RUN,0.4223367940270253
0,0,NO_RUN,NO_RUN,0.1357704637913935
1,1,RUN_SCORED,RUN_SCORED,0.5682190696378959
1,1,RUN_SCORED,RUN_SCORED,0.6470684239434834
1,0,RUN_SCORED,NO_RUN,0.41150093046523617
1,1,RUN_SCORED,RUN_SCORED,0.7116061322418152
0,1,NO_RUN,RUN_SCORED,0.635207883959586
0,1,NO_RUN,RUN_SCORED,0.663271622910902
0,1,NO_RUN,RUN_SCORED,0.5390945318487423
0,0,NO_RUN,NO_RUN,0.4340808119998387
1,0,RUN_SCORED,NO_RUN,0.06437830893058838
0,1,NO_RUN,RUN_SCORED,0.7040315924624123
0,0,NO_RUN,NO_RUN,0.14986667605816661
1,1,RUN_SCORED,RUN_SCORED,0.7048052959134192
0,1,NO_RUN,RUN_SCORED,0.6828216494404168
0,0,NO_RUN,NO_RUN,0.3587469662791091
0,1,NO_RUN,RUN_SCORED,0.7661375743639238
0,0,NO_RUN,NO_RUN,0.4288897246725679
0,0,NO_RUN,NO_RUN,0.2616869870090384
0,1,NO_RUN,RUN_SCORED,0.5657105818935024
0,0,NO_RUN,NO_RUN,0.017533574549461563
0,0,NO_RUN,NO_RUN,0.35961438248359956
1,0,RUN_SCORED,NO_RUN,0.024751128402334968
0,0,NO_RUN,NO_RUN,0.487002173572882
0,0,NO_RUN,NO_RUN,0.16599548435479936
0,0,NO_RUN,NO_RUN,0.24544209104208278
0,0,NO_RUN,NO_RUN,0.13305840371465413
0,0,NO_RUN,NO_RUN,0.04055694252076425
0,0,NO_RUN,NO_RUN,0.41313822901727865
0,0,NO_RUN,NO_RUN,0.48620979648330903
0,1,NO_RUN,RUN_SCORED,0.6384947343809204
1,1,RUN_SCORED,RUN_SCORED,0.6391704399457685
0,1,NO_RUN,RUN_SCORED,0.6701764499096022
0,0,NO_RUN,NO_RUN,0.4723680770305968
0,0,NO_RUN,NO_RUN,0.1343799737408383
0,0,NO_RUN,NO_RUN,0.16473523203446275
1,0,RUN_SCORED,NO_RUN,0.1970060605729141
1,0,RUN_SCORED,NO_RUN,0.36455470192146217
0,0,NO_RUN,NO_RUN,0.19765214916061088
0,0,NO_RUN,NO_RUN,0.09086106723202171
0,0,NO_RUN,NO_RUN,0.03811404610548196
1,0,RUN_SCORED,NO_RUN,0.43650872106255395
0,0,NO_RUN,NO_RUN,0.17220725057210912
0,1,NO_RUN,RUN_SCORED,0.5989050772708079
0,0,NO_RUN,NO_RUN,0.357793103964706
1,0,RUN_SCORED,NO_RUN,0.3359047698902553
0,0,NO_RUN,NO_RUN,0.12765249741392956
1,0,RUN_SCORED,NO_RUN,0.2772016707126698
0,0,NO_RUN,NO_RUN,0.051062060509322715
0,0,NO_RUN,NO_RUN,0.23383351951836528
1,0,RUN_SCORED,NO_RUN,0.3220447313048464
0,1,NO_RUN,RUN_SCORED,0.7697765292110781
0,1,NO_RUN,RUN_SCORED,0.6140359043810097
0,0,NO_RUN,NO_RUN,0.0567859526880133
0,0,NO_RUN,NO_RUN,0.44919979398972815
0,0,NO_RUN,NO_RUN,0.13396761441195756
0,1,NO_RUN,RUN_SCORED,0.554366244120077
0,0,NO_RUN,NO_RUN,0.28106321236604404
0,1,NO_RUN,RUN_SCORED,0.5316229725461695
0,0,NO_RUN,NO_RUN,0.43227659819960157
0,0,NO_RUN,NO_RUN,0.1908864007869501
1,0,RUN_SCORED,NO_RUN,0.4162202786080333
0,0,NO_RUN,NO_RUN,0.19640965940847382
0,0,NO_RUN,NO_RUN,0.4799859363643036
0,1,NO_RUN,RUN_SCORED,0.5180019841782916
0,1,NO_RUN,RUN_SCORED,0.7447473431178367
0,1,NO_RUN,RUN_SCORED,0.5916093188181173
1,1,RUN_SCORED,RUN_SCORED,0.7057564442073821
1,1,RUN_SCORED,RUN_SCORED,0.5182239284083325
0,1,NO_RUN,RUN_SCORED,0.7733617029722081
0,0,NO_RUN,NO_RUN,0.3240736292664004
0,1,NO_RUN,RUN_SCORED,0.5735483604733856
0,0,NO_RUN,NO_RUN,0.39212688395898
1,1,RUN_SCORED,RUN_SCORED,0.7171736468519697
1,0,RUN_SCORED,NO_RUN,0.19708076419551324
0,0,NO_RUN,NO_RUN,0.29873218145147507
0,1,NO_RUN,RUN_SCORED,0.6503774758683468
0,0,NO_RUN,NO_RUN,0.3537311705487993
0,0,NO_RUN,NO_RUN,0.05651564842346159
0,1,NO_RUN,RUN_SCORED,0.6771587340112671
1,1,RUN_SCORED,RUN_SCORED,0.6327798156655149
1,1,RUN_SCORED,RUN_SCORED,0.7689456123830608
0,1,NO_RUN,RUN_SCORED,0.6425341949874862
0,0,NO_RUN,NO_RUN,0.19882848622262356
0,1,NO_RUN,RUN_SCORED,0.720997941241426
1,1,RUN_SCORED,RUN_SCORED,0.746455892240588
0,0,NO_RUN,NO_RUN,0.04865457694439232
0,1,NO_RUN,RUN_SCORED,0.5306960067834652
1,0,RUN_SCORED,NO_RUN,0.2800903384667461
0,1,NO_RUN,RUN_SCORED,0.6595347758980553
0,1,NO_RUN,RUN_SCORED,0.5758654640723292
0,0,NO_RUN,NO_RUN,0.022828999105947843
0,1,NO_RUN,RUN_SCORED,0.5574134684912708
0,0,NO_RUN,NO_RUN,0.13161858317082645
0,0,NO_RUN,NO_RUN,0.2704351837920637
0,0,NO_RUN,NO_RUN,0.3587018308941932
0,0,NO_RUN,NO_RUN,0.14241468310461056
0,0,NO_RUN,NO_RUN,0.13978774651304682
0,0,NO_RUN,NO_RUN,0.23465262072118992
0,0,NO_RUN,NO_RUN,0.15548636872613755
1,0,RUN_SCORED,NO_RUN,0.27312625975682187
0,0,NO_RUN,NO_RUN,0.29272732081543884
0,0,NO_RUN,NO_RUN,0.1927288501291548
0,0,NO_RUN,NO_RUN,0.3984538662965022
0,0,NO_RUN,NO_RUN,0.18925914911421646
0,0,NO_RUN,NO_RUN,0.2927371414092731
1,0,RUN_SCORED,NO_RUN,0.46149336953614545
0,0,NO_RUN,NO_RUN,0.010263568163647848
1,1,RUN_SCORED,RUN_SCORED,0.7143173321491321
0,0,NO_RUN,NO_RUN,0.02037754472956037
0,1,NO_RUN,RUN_SCORED,0.7952672773400559
1,1,RUN_SCORED,RUN_SCORED,0.8007704613209785
0,1,NO_RUN,RUN_SCORED,0.5961311100648701
0,0,NO_RUN,NO_RUN,0.4532022415428008
0,0,NO_RUN,NO_RUN,0.22808047390466843
0,0,NO_RUN,NO_RUN,0.050984777963377456
0,1,NO_RUN,RUN_SCORED,0.5716243029374153
0,0,NO_RUN,NO_RUN,0.10755811679583152
1,1,RUN_SCORED,RUN_SCORED,0.6417268888873446
1,0,RUN_SCORED,NO_RUN,0.3705054367547795
0,0,NO_RUN,NO_RUN,0.2859359842461346
0,0,NO_RUN,NO_RUN,0.40688587643706997
0,0,NO_RUN,NO_RUN,0.0758980180945187
0,1,NO_RUN,RUN_SCORED,0.5422439405410893
1,1,RUN_SCORED,RUN_SCORED,0.54604323722746
1,0,RUN_SCORED,NO_RUN,0.1275613934309788
0,1,NO_RUN,RUN_SCORED,0.7726081784658333
1,0,RUN_SCORED,NO_RUN,0.2570050298418105
0,0,NO_RUN,NO_RUN,0.45838500946841515
1,0,RUN_SCORED,NO_RUN,0.0130751595312741
1,0,RUN_SCORED,NO_RUN,0.2433114579732579
0,0,NO_RUN,NO_RUN,0.276810999430603
0,0,NO_RUN,NO_RUN,0.36171788272938804
1,0,RUN_SCORED,NO_RUN,0.18202876772032997
0,0,NO_RUN,NO_RUN,0.48288844344211407
0,0,NO_RUN,NO_RUN,0.35774802218181145
1,1,RUN_SCORED,RUN_SCORED,0.6392147378504083
0,0,NO_RUN,NO_RUN,0.3418292918607183
0,0,NO_RUN,NO_RUN,0.020379048152844994
0,1,NO_RUN,RUN_SCORED,0.6107943890415638
0,0,NO_RUN,NO_RUN,0.14549355240647047
0,0,NO_RUN,NO_RUN,0.11406710393933227
0,0,NO_RUN,NO_RUN,0.008988829640543008
0,0,NO_RUN,NO_RUN,0.37947023304994487
0,0,NO_RUN,NO_RUN,0.41215078882167394
0,0,NO_RUN,NO_RUN,0.42972054527931275
0,0,NO_RUN,NO_RUN,0.07387468997612892
0,1,NO_RUN,RUN_SCORED,0.7700519498501258
0,0,NO_RUN,NO_RUN,0.40165900791030795
1,0,RUN_SCORED,NO_RUN,0.3848120194603466
0,0,NO_RUN,NO_RUN,0.08459624433096265
0,0,NO_RUN,NO_RUN,0.06229000688842193
0,0,NO_RUN,NO_RUN,0.16290420678423256
0,0,NO_RUN,NO_RUN,0.22867137043782973
1,0,RUN_SCORED,NO_RUN,0.4260518894370228
0,0,NO_RUN,NO_RUN,0.16770777753502222
0,0,NO_RUN,NO_RUN,0.28884581519766084
1,0,RUN_SCORED,NO_RUN,0.2500958263288094
0,0,NO_RUN,NO_RUN,0.2513831223561244
1,0,RUN_SCORED,NO_RUN,0.067112659436732
0,0,NO_RUN,NO_RUN,0.18070152293840244
1,0,RUN_SCORED,NO_RUN,0.0622086910611686
0,0,NO_RUN,NO_RUN,0.17640214283806216
0,0,NO_RUN,NO_RUN,0.05282020498486434
0,0,NO_RUN,NO_RUN,0.15074376414456744
0,0,NO_RUN,NO_RUN,0.013136998645676027
0,0,NO_RUN,NO_RUN,0.016226159186474146
0,0,NO_RUN,NO_RUN,0.3177456161335077
1,1,RUN_SCORED,RUN_SCORED,0.6061554066038614
0,1,NO_RUN,RUN_SCORED,0.6743785289689991
0,0,NO_RUN,NO_RUN,0.015260282470653247
0,1,NO_RUN,RUN_SCORED,0.585613133541352
0,1,NO_RUN,RUN_SCORED,0.706434888082516
0,0,NO_RUN,NO_RUN,0.016568619698063808
0,0,NO_RUN,NO_RUN,0.2901284790493158
0,0,NO_RUN,NO_RUN,0.435077800581116
0,1,NO_RUN,RUN_SCORED,0.5481076933390393
0,0,NO_RUN,NO_RUN,0.08674037144546713
0,1,NO_RUN,RUN_SCORED,0.5168587226797682
0,0,NO_RUN,NO_RUN,0.3603126144664621
0,0,NO_RUN,NO_RUN,0.026687509092649647
0,1,NO_RUN,RUN_SCORED,0.7035708414476076
0,0,NO_RUN,NO_RUN,0.32294060096987476
0,0,NO_RUN,NO_RUN,0.40245181341695785
0,0,NO_RUN,NO_RUN,0.16203193331083243
0,0,NO_RUN,NO_RUN,0.25235781165762344
0,1,NO_RUN,RUN_SCORED,0.53255163966928
0,0,NO_RUN,NO_RUN,0.20611448793223958
0,1,NO_RUN,RUN_SCORED,0.7286848932356667
0,1,NO_RUN,RUN_SCORED,0.7656874457012562
0,1,NO_RUN,RUN_SCORED,0.7895233073638404
0,0,NO_RUN,NO_RUN,0.2196099096219561
1,0,RUN_SCORED,NO_RUN,0.42803412548039466
0,0,NO_RUN,NO_RUN,0.3881744751735948
0,0,NO_RUN,NO_RUN,0.22744267167666957
0,0,NO_RUN,NO_RUN,0.30513307444145726
0,1,NO_RUN,RUN_SCORED,0.7345703962447794
0,0,NO_RUN,NO_RUN,0.2899992695336259
0,1,NO_RUN,RUN_SCORED,0.6723173540791771
0,0,NO_RUN,NO_RUN,0.31599786249084966
0,1,NO_RUN,RUN_SCORED,0.5758906679355348
0,0,NO_RUN,NO_RUN,0.3896785052975955
0,0,NO_RUN,NO_RUN,0.071867661776635
0,1,NO_RUN,RUN_SCORED,0.576594572222258
0,0,NO_RUN,NO_RUN,0.016536720395084473
0,0,NO_RUN,NO_RUN,0.3948429324450434
0,1,NO_RUN,RUN_SCORED,0.6818828657192257
0,1,NO_RUN,RUN_SCORED,0.6263885502026963
0,1,NO_RUN,RUN_SCORED,0.6244799398258057
0,0,NO_RUN,NO_RUN,0.3244041294269831
0,0,NO_RUN,NO_RUN,0.19194679676781326
0,0,NO_RUN,NO_RUN,0.4552471787294339
0,1,NO_RUN,RUN_SCORED,0.7797179365810982
0,1,NO_RUN,RUN_SCORED,0.6640237827961876
0,0,NO_RUN,NO_RUN,0.01331130767133895
1,1,RUN_SCORED,RUN_SCORED,0.8669345554543805
0,1,NO_RUN,RUN_SCORED,0.6434806529958919
0,1,NO_RUN,RUN_SCORED,0.6888936675842638
0,0,NO_RUN,NO_RUN,0.17043688618302646
0,0,NO_RUN,NO_RUN,0.14429161438732116
1,0,RUN_SCORED,NO_RUN,0.08408974458683514
0,0,NO_RUN,NO_RUN,0.24686980894070085
0,0,NO_RUN,NO_RUN,0.06561158722910904
0,0,NO_RUN,NO_RUN,0.1826600458877149
0,0,NO_RUN,NO_RUN,0.18331325610442364
1,0,RUN_SCORED,NO_RUN,0.2849807899628255
1,0,RUN_SCORED,NO_RUN,0.10951357578165058
0,1,NO_RUN,RUN_SCORED,0.5758639268966621
0,0,NO_RUN,NO_RUN,0.07543257192286518
0,0,NO_RUN,NO_RUN,0.3188045913766094
0,0,NO_RUN,NO_RUN,0.40703605190066083
0,0,NO_RUN,NO_RUN,0.25282373556108495
0,1,NO_RUN,RUN_SCORED,0.5930887258244758
0,0,NO_RUN,NO_RUN,0.3322223455022764
1,0,RUN_SCORED,NO_RUN,0.19177150494949194
0,0,NO_RUN,NO_RUN,0.3339747102055158
0,0,NO_RUN,NO_RUN,0.20354545679906919
1,1,RUN_SCORED,RUN_SCORED,0.5729248846922331
0,0,NO_RUN,NO_RUN,0.2778183941695689
0,0,NO_RUN,NO_RUN,0.3549236537993334
0,1,NO_RUN,RUN_SCORED,0.5330836572208754
0,0,NO_RUN,NO_RUN,0.07821702223217888
0,1,NO_RUN,RUN_SCORED,0.7276122440886902
0,0,NO_RUN,NO_RUN,0.24136002704574958
0,1,NO_RUN,RUN_SCORED,0.5644843768546984
0,0,NO_RUN,NO_RUN,0.34367162548790203
0,0,NO_RUN,NO_RUN,0.0482763648536905
0,1,NO_RUN,RUN_SCORED,0.5465053844278004
0,0,NO_RUN,NO_RUN,0.4684281288585278
0,1,NO_RUN,RUN_SCORED,0.5710860192661333
0,0,NO_RUN,NO_RUN,0.4463555186791237
0,0,NO_RUN,NO_RUN,0.160793772263036
0,0,NO_RUN,NO_RUN,0.13942315668364835
0,0,NO_RUN,NO_RUN,0.06564019076151446
1,1,RUN_SCORED,RUN_SCORED,0.7367285438316297
1,1,RUN_SCORED,RUN_SCORED,0.6149553265635433
0,0,NO_RUN,NO_RUN,0.40268627530667533
0,0,NO_RUN,NO_RUN,0.0347657378643786
0,1,NO_RUN,RUN_SCORED,0.8426144623915071
0,0,NO_RUN,NO_RUN,0.027120944503286597
0,1,NO_RUN,RUN_SCORED,0.8336759253540166
1,1,RUN_SCORED,RUN_SCORED,0.5523467197527204
0,0,NO_RUN,NO_RUN,0.1688955146644276
0,0,NO_RUN,NO_RUN,0.1409311290522292
0,0,NO_RUN,NO_RUN,0.010547858296917704
0,0,NO_RUN,NO_RUN,0.35607853830141767
0,0,NO_RUN,NO_RUN,0.09209782392390733
0,0,NO_RUN,NO_RUN,0.29718353794569824
0,0,NO_RUN,NO_RUN,0.19140003338495992
0,0,NO_RUN,NO_RUN,0.2793352655594503
0,0,NO_RUN,NO_RUN,0.1064203394173065
1,1,RUN_SCORED,RUN_SCORED,0.5088066975773406
1,1,RUN_SCORED,RUN_SCORED,0.502802969237412
0,0,NO_RUN,NO_RUN,0.09846207815291838
0,0,NO_RUN,NO_RUN,0.2463190058988315
1,0,RUN_SCORED,NO_RUN,0.2040631342854341
1,0,RUN_SCORED,NO_RUN,0.1300658625122687
0,0,NO_RUN,NO_RUN,0.29976310936642203
1,0,RUN_SCORED,NO_RUN,0.10336870863104078
0,1,NO_RUN,RUN_SCORED,0.7623684609366159
0,0,NO_RUN,NO_RUN,0.32032328353042244
1,0,RUN_SCORED,NO_RUN,0.2810063682479784
0,1,NO_RUN,RUN_SCORED,0.6367120486104888
0,0,NO_RUN,NO_RUN,0.3730078047804558
0,1,NO_RUN,RUN_SCORED,0.6490404544161341
0,1,NO_RUN,RUN_SCORED,0.5213793593841688
0,0,NO_RUN,NO_RUN,0.09397070302206782
0,1,NO_RUN,RUN_SCORED,0.6608556738845303
0,0,NO_RUN,NO_RUN,0.16858796354134215
0,0,NO_RUN,NO_RUN,0.05022355075486227
0,0,NO_RUN,NO_RUN,0.2048522657165306
0,0,NO_RUN,NO_RUN,0.07737310142992272
0,0,NO_RUN,NO_RUN,0.004062366477268288
0,0,NO_RUN,NO_RUN,0.3875925295049941
0,0,NO_RUN,NO_RUN,0.08444841083854686
0,0,NO_RUN,NO_RUN,0.2892210929729701
0,0,NO_RUN,NO_RUN,0.09998084646733042
0,0,NO_RUN,NO_RUN,0.19878667636016345
0,0,NO_RUN,NO_RUN,0.18407506089591685
1,1,RUN_SCORED,RUN_SCORED,0.5654997459827863
0,0,NO_RUN,NO_RUN,0.037121019020259556
0,1,NO_RUN,RUN_SCORED,0.7213660906764285
0,0,NO_RUN,NO_RUN,0.2663868047166395
0,1,NO_RUN,RUN_SCORED,0.6595699381779038
0,0,NO_RUN,NO_RUN,0.32055855682263223
0,0,NO_RUN,NO_RUN,0.011925328303002629
0,0,NO_RUN,NO_RUN,0.16947958570677457
0,0,NO_RUN,NO_RUN,0.042021956406073396
0,0,NO_RUN,NO_RUN,0.46423995839556403
0,0,NO_RUN,NO_RUN,0.07108093036549126
0,1,NO_RUN,RUN_SCORED,0.5928549810068836
0,0,NO_RUN,NO_RUN,0.13474838337143916
0,0,NO_RUN,NO_RUN,0.13458239154418933
0,1,NO_RUN,RUN_SCORED,0.6065399800662115
0,0,NO_RUN,NO_RUN,0.08906750941867517
1,0,RUN_SCORED,NO_RUN,0.4662431284832659
1,0,RUN_SCORED,NO_RUN,0.21475200735986394
0,0,NO_RUN,NO_RUN,0.30431364683471135
1,0,RUN_SCORED,NO_RUN,0.43980108743759877
0,0,NO_RUN,NO_RUN,0.4393620728071826
1,0,RUN_SCORED,NO_RUN,0.35551491768780774
0,0,NO_RUN,NO_RUN,0.08300694237846559
0,0,NO_RUN,NO_RUN,0.03324201916024189
0,0,NO_RUN,NO_RUN,0.07436415214682768
0,0,NO_RUN,NO_RUN,0.10565613849198911
0,0,NO_RUN,NO_RUN,0.3154293641761658
0,0,NO_RUN,NO_RUN,0.16708699787344125
0,0,NO_RUN,NO_RUN,0.25399717585166964
1,0,RUN_SCORED,NO_RUN,0.25116886178851483
0,0,NO_RUN,NO_RUN,0.331712262360942
0,0,NO_RUN,NO_RUN,0.13083145550395256
0,0,NO_RUN,NO_RUN,0.49497754398841737
1,1,RUN_SCORED,RUN_SCORED,0.6385748512703766
0,0,NO_RUN,NO_RUN,0.4497189532179206
1,0,RUN_SCORED,NO_RUN,0.23026798311048322
0,1,NO_RUN,RUN_SCORED,0.7255627087339219
0,0,NO_RUN,NO_RUN,0.4776883964676341
1,1,RUN_SCORED,RUN_SCORED,0.7728647633517999
1,1,RUN_SCORED,RUN_SCORED,0.7932768998335413
0,0,NO_RUN,NO_RUN,0.05200209184766533
0,1,NO_RUN,RUN_SCORED,0.5210473107566027
0,1,NO_RUN,RUN_SCORED,0.5018675171179211
0,1,NO_RUN,RUN_SCORED,0.615860041961161
0,0,NO_RUN,NO_RUN,0.028162023175844576
0,1,NO_RUN,RUN_SCORED,0.6256526624868674
0,1,NO_RUN,RUN_SCORED,0.555491882945149
0,0,NO_RUN,NO_RUN,0.02817786460718079
0,1,NO_RUN,RUN_SCORED,0.6629144798609302
0,0,NO_RUN,NO_RUN,0.22846504187727057
0,1,NO_RUN,RUN_SCORED,0.6631567260580381
0,0,NO_RUN,NO_RUN,0.2541107719775367
0,0,NO_RUN,NO_RUN,0.01963231442272874
0,0,NO_RUN,NO_RUN,0.4884772781602111
0,0,NO_RUN,NO_RUN,0.43544480929130314
0,0,NO_RUN,NO_RUN,0.4941818250903432
0,0,NO_RUN,NO_RUN,0.3934655090641914
1,0,RUN_SCORED,NO_RUN,0.21393006090985936
0,1,NO_RUN,RUN_SCORED,0.5676458815673202
1,0,RUN_SCORED,NO_RUN,0.4459939325156112
0,1,NO_RUN,RUN_SCORED,0.6234099239358994
0,1,NO_RUN,RUN_SCORED,0.6301311488654981
0,0,NO_RUN,NO_RUN,0.3490114579308759
0,0,NO_RUN,NO_RUN,0.017848562396149275
0,1,NO_RUN,RUN_SCORED,0.5987785061999769
0,0,NO_RUN,NO_RUN,0.20351877492842155
0,1,NO_RUN,RUN_SCORED,0.561655020822395
0,0,NO_RUN,NO_RUN,0.10342286792238907
0,0,NO_RUN,NO_RUN,0.09760579945447918
0,0,NO_RUN,NO_RUN,0.23703129420586141
1,0,RUN_SCORED,NO_RUN,0.25677887893351303
1,0,RUN_SCORED,NO_RUN,0.1566249150583757
0,0,NO_RUN,NO_RUN,0.06064744426655762
1,0,RUN_SCORED,NO_RUN,0.28699152946413864
0,0,NO_RUN,NO_RUN,0.2981926718527281
0,0,NO_RUN,NO_RUN,0.09074404338238354
0,0,NO_RUN,NO_RUN,0.09284674362457991
0,0,NO_RUN,NO_RUN,0.4850946690798824
0,0,NO_RUN,NO_RUN,0.3017495515640418
0,0,NO_RUN,NO_RUN,0.27562262710846447
0,0,NO_RUN,NO_RUN,0.2568517030225655
0,0,NO_RUN,NO_RUN,0.26714640515748106
0,0,NO_RUN,NO_RUN,0.24347745596377057
0,0,NO_RUN,NO_RUN,0.3652579904111804
1,0,RUN_SCORED,NO_RUN,0.35188268959859464
0,0,NO_RUN,NO_RUN,0.19714729815614077
0,0,NO_RUN,NO_RUN,0.43773122344604126
0,0,NO_RUN,NO_RUN,0.30984861627094784
0,1,NO_RUN,RUN_SCORED,0.5571020427815174
0,1,NO_RUN,RUN_SCORED,0.5435013939053824
0,0,NO_RUN,NO_RUN,0.40798796020713507
0,1,NO_RUN,RUN_SCORED,0.5553893122579622
0,0,NO_RUN,NO_RUN,0.10413073240231689
0,1,NO_RUN,RUN_SCORED,0.758959360594566
1,1,RUN_SCORED,RUN_SCORED,0.6526367804259913
1,1,RUN_SCORED,RUN_SCORED,0.5315151029742251
0,1,NO_RUN,RUN_SCORED,0.5113609519214558
1,1,RUN_SCORED,RUN_SCORED,0.6331712009708139
1,0,RUN_SCORED,NO_RUN,0.38507216755516044
0,0,NO_RUN,NO_RUN,0.1313263259972627
0,0,NO_RUN,NO_RUN,0.3544177222331095
0,0,NO_RUN,NO_RUN,0.1476117610766566
0,0,NO_RUN,NO_RUN,0.4269651135983174
0,1,NO_RUN,RUN_SCORED,0.6834906219578344
1,0,RUN_SCORED,NO_RUN,0.31825134447399334
0,0,NO_RUN,NO_RUN,0.3815026818019794
1,0,RUN_SCORED,NO_RUN,0.36602274872836676
1,1,RUN_SCORED,RUN_SCORED,0.6972936108883634
0,0,NO_RUN,NO_RUN,0.4203875277666965
0,0,NO_RUN,NO_RUN,0.15231421633717127
0,0,NO_RUN,NO_RUN,0.020628372573265018
1,0,RUN_SCORED,NO_RUN,0.27742899425157663
0,1,NO_RUN,RUN_SCORED,0.5110140231121753
0,0,NO_RUN,NO_RUN,0.16517164073813037
0,1,NO_RUN,RUN_SCORED,0.6641870151671093
1,1,RUN_SCORED,RUN_SCORED,0.6216209207776058
0,1,NO_RUN,RUN_SCORED,0.6905666397313733
0,0,NO_RUN,NO_RUN,0.13737286012004096
0,0,NO_RUN,NO_RUN,0.291082185754018
0,0,NO_RUN,NO_RUN,0.07582365326364982
0,0,NO_RUN,NO_RUN,0.03617735587980617
0,0,NO_RUN,NO_RUN,0.28032075883452934
0,0,NO_RUN,NO_RUN,0.2153958276245834
0,0,NO_RUN,NO_RUN,0.21346965420980882
0,0,NO_RUN,NO_RUN,0.2512625054778242
1,0,RUN_SCORED,NO_RUN,0.2448008617443814
1,0,RUN_SCORED,NO_RUN,0.2209440958353338
0,0,NO_RUN,NO_RUN,0.333133875991721
0,0,NO_RUN,NO_RUN,0.21759344109949286
0,0,NO_RUN,NO_RUN,0.004721961413400231
1,0,RUN_SCORED,NO_RUN,0.33134418089941897
0,0,NO_RUN,NO_RUN,0.12744103730309542
1,0,RUN_SCORED,NO_RUN,0.023896858770226355
0,0,NO_RUN,NO_RUN,0.26813540273302705
1,0,RUN_SCORED,NO_RUN,0.15554555266361103
0,0,NO_RUN,NO_RUN,0.0021712302043907644
0,0,NO_RUN,NO_RUN,0.24735531928446555
0,0,NO_RUN,NO_RUN,0.1610783747164074
1,0,RUN_SCORED,NO_RUN,0.21041046687331894
0,1,NO_RUN,RUN_SCORED,0.6416634549401277
0,0,NO_RUN,NO_RUN,0.3807957127243342
0,1,NO_RUN,RUN_SCORED,0.5406519871966322
1,1,RUN_SCORED,RUN_SCORED,0.5530798818626163
0,1,NO_RUN,RUN_SCORED,0.5293799605066506
0,0,NO_RUN,NO_RUN,0.17755265511000112
0,0,NO_RUN,NO_RUN,0.34063158818030403
0,0,NO_RUN,NO_RUN,0.36502889547843215
1,0,RUN_SCORED,NO_RUN,0.17049187908205943
1,0,RUN_SCORED,NO_RUN,0.2609128608274159
0,0,NO_RUN,NO_RUN,0.012375268170845851
0,0,NO_RUN,NO_RUN,0.3647573683374059
0,0,NO_RUN,NO_RUN,0.20053368056197446
0,1,NO_RUN,RUN_SCORED,0.5462450026531634
1,0,RUN_SCORED,NO_RUN,0.26939562608200707
0,0,NO_RUN,NO_RUN,0.21136445510525315
0,0,NO_RUN,NO_RUN,0.13904961129604618
1,0,RUN_SCORED,NO_RUN,0.09108622620805948
1,0,RUN_SCORED,NO_RUN,0.23707352822926775
0,0,NO_RUN,NO_RUN,0.42138161542914815
1,0,RUN_SCORED,NO_RUN,0.17169102630038294
1,0,RUN_SCORED,NO_RUN,0.3517396691266019
0,0,NO_RUN,NO_RUN,0.1513369015525437
0,0,NO_RUN,NO_RUN,0.14157144840780464
0,0,NO_RUN,NO_RUN,0.033854519833751595
1,0,RUN_SCORED,NO_RUN,0.4563975274314519
0,1,NO_RUN,RUN_SCORED,0.5101160640919339
1,1,RUN_SCORED,RUN_SCORED,0.5882654667010571
0,0,NO_RUN,NO_RUN,0.017437685881420032
0,1,NO_RUN,RUN_SCORED,0.5896943413674719
1,0,RUN_SCORED,NO_RUN,0.3213577778226778
0,0,NO_RUN,NO_RUN,0.3776795751265281
0,0,NO_RUN,NO_RUN,0.28432296624840764
0,0,NO_RUN,NO_RUN,0.03196419694511172
0,0,NO_RUN,NO_RUN,0.38363031397470526
0,0,NO_RUN,NO_RUN,0.30451128863308874
0,0,NO_RUN,NO_RUN,0.4906224870507007
0,0,NO_RUN,NO_RUN,0.4283243492481288
0,1,NO_RUN,RUN_SCORED,0.5346538926155224
1,1,RUN_SCORED,RUN_SCORED,0.5813597888371309
1,0,RUN_SCORED,NO_RUN,0.3603701822915229
0,0,NO_RUN,NO_RUN,0.1611534142557766
0,0,NO_RUN,NO_RUN,0.37381246554057374
1,0,RUN_SCORED,NO_RUN,0.38328003270698363
1,0,RUN_SCORED,NO_RUN,0.32384716087260784
0,0,NO_RUN,NO_RUN,0.32682319834231477
0,1,NO_RUN,RUN_SCORED,0.65629994322171
0,1,NO_RUN,RUN_SCORED,0.5193604286061115
0,0,NO_RUN,NO_RUN,0.2868282793834449
0,1,NO_RUN,RUN_SCORED,0.6980592728495727
0,0,NO_RUN,NO_RUN,0.07118333255690405
0,0,NO_RUN,NO_RUN,0.14453886771784802
1,0,RUN_SCORED,NO_RUN,0.2879881913330755
1,0,RUN_SCORED,NO_RUN,0.32228113474598724
0,0,NO_RUN,NO_RUN,0.16035670247738332
0,0,NO_RUN,NO_RUN,0.4199881081345364
0,0,NO_RUN,NO_RUN,0.17466906978957902
0,0,NO_RUN,NO_RUN,0.09327609554441746
0,0,NO_RUN,NO_RUN,0.1689135651804857
0,1,NO_RUN,RUN_SCORED,0.5144188545212348
1,1,RUN_SCORED,RUN_SCORED,0.5504202656235652
0,1,NO_RUN,RUN_SCORED,0.7290362357543128
0,0,NO_RUN,NO_RUN,0.18235729823291874
0,1,NO_RUN,RUN_SCORED,0.5085067538203277
0,1,NO_RUN,RUN_SCORED,0.5087327336862277
0,0,NO_RUN,NO_RUN,0.24666032573023008
0,1,NO_RUN,RUN_SCORED,0.6453495618211819
0,0,NO_RUN,NO_RUN,0.058914976294836136
0,0,NO_RUN,NO_RUN,0.25090927102901245
0,1,NO_RUN,RUN_SCORED,0.5069383074778854
0,0,NO_RUN,NO_RUN,0.22670891008811106
1,0,RUN_SCORED,NO_RUN,0.46911422977834655
0,0,NO_RUN,NO_RUN,0.19555507918536547
0,0,NO_RUN,NO_RUN,0.49923139071333
0,0,NO_RUN,NO_RUN,0.15083852886553736
1,0,RUN_SCORED,NO_RUN,0.0976468401461993
0,0,NO_RUN,NO_RUN,0.019476355497761097
1,0,RUN_SCORED,NO_RUN,0.3904341747881501
1,0,RUN_SCORED,NO_RUN,0.40201662356007234
1,0,RUN_SCORED,NO_RUN,0.307344994317561
1,0,RUN_SCORED,NO_RUN,0.3617893582678649
1,1,RUN_SCORED,RUN_SCORED,0.6945912093229147
0,1,NO_RUN,RUN_SCORED,0.5687506677374897
0,1,NO_RUN,RUN_SCORED,0.6396137790563398
0,0,NO_RUN,NO_RUN,0.036778427682703896
1,1,RUN_SCORED,RUN_SCORED,0.7500908213826348
0,0,NO_RUN,NO_RUN,0.1055119721907784
0,0,NO_RUN,NO_RUN,0.13805672889553808
0,0,NO_RUN,NO_RUN,0.20128077612520945
0,0,NO_RUN,NO_RUN,0.006059105612631362
0,0,NO_RUN,NO_RUN,0.40078166536211485
0,0,NO_RUN,NO_RUN,0.29156237319641054
1,0,RUN_SCORED,NO_RUN,0.3837995685198895
0,0,NO_RUN,NO_RUN,0.10420210735150141
1,0,RUN_SCORED,NO_RUN,0.3065816817524642
0,0,NO_RUN,NO_RUN,0.27457484898716933
0,0,NO_RUN,NO_RUN,0.4609614774864072
0,0,NO_RUN,NO_RUN,0.1037450932870369
0,1,NO_RUN,RUN_SCORED,0.6010591673279654
0,1,NO_RUN,RUN_SCORED,0.5466427445626959
0,0,NO_RUN,NO_RUN,0.36888131957885933
0,0,NO_RUN,NO_RUN,0.03919021856749503
1,0,RUN_SCORED,NO_RUN,0.4769407581588877
0,0,NO_RUN,NO_RUN,0.46989038463577487
0,0,NO_RUN,NO_RUN,0.24674316335970947
0,0,NO_RUN,NO_RUN,0.29567920569746403
1,0,RUN_SCORED,NO_RUN,0.4839780825725175
0,0,NO_RUN,NO_RUN,0.28478811103425006
0,0,NO_RUN,NO_RUN,0.20456759108107736
1,0,RUN_SCORED,NO_RUN,0.4864347331430343
0,0,NO_RUN,NO_RUN,0.14735095431893958
0,0,NO_RUN,NO_RUN,0.3035825450825052
0,0,NO_RUN,NO_RUN,0.04319379501674705
0,1,NO_RUN,RUN_SCORED,0.6415889688379275
1,1,RUN_SCORED,RUN_SCORED,0.5676435693245094
0,0,NO_RUN,NO_RUN,0.016493292832039118
0,1,NO_RUN,RUN_SCORED,0.5425190305288595
0,0,NO_RUN,NO_RUN,0.3505317594046154
0,1,NO_RUN,RUN_SCORED,0.6064457705635945
0,0,NO_RUN,NO_RUN,0.36556152881979714
0,0,NO_RUN,NO_RUN,0.010996630825098136
0,0,NO_RUN,NO_RUN,0.27821919003415285
0,0,NO_RUN,NO_RUN,0.32879966837434876
0,0,NO_RUN,NO_RUN,0.16647652248660613
0,0,NO_RUN,NO_RUN,0.41310293400687736
0,0,NO_RUN,NO_RUN,0.25324687467117346
0,0,NO_RUN,NO_RUN,0.15433294387747656
0,0,NO_RUN,NO_RUN,0.32264762361584054
0,0,NO_RUN,NO_RUN,0.22551184192633733
0,0,NO_RUN,NO_RUN,0.035406606028566684
0,0,NO_RUN,NO_RUN,0.3367017272792788
0,0,NO_RUN,NO_RUN,0.15612014870702748
0,0,NO_RUN,NO_RUN,0.40170880853164703
1,0,RUN_SCORED,NO_RUN,0.4782866718418716
1,1,RUN_SCORED,RUN_SCORED,0.6188290138714454
0,0,NO_RUN,NO_RUN,0.3513155911644863
0,1,NO_RUN,RUN_SCORED,0.6127780383677467
0,1,NO_RUN,RUN_SCORED,0.5598279876086583
0,0,NO_RUN,NO_RUN,0.3204075982360181
0,1,NO_RUN,RUN_SCORED,0.6749931309364215
0,1,NO_RUN,RUN_SCORED,0.5448943385062167
0,0,NO_RUN,NO_RUN,0.46427743033294605
0,0,NO_RUN,NO_RUN,0.24280286544796398
0,0,NO_RUN,NO_RUN,0.38596835638187826
0,0,NO_RUN,NO_RUN,0.4522361037556935
1,0,RUN_SCORED,NO_RUN,0.489656847722435
0,0,NO_RUN,NO_RUN,0.11103756887058532
0,0,NO_RUN,NO_RUN,0.33911991425934307
0,0,NO_RUN,NO_RUN,0.24929092652516402
0,0,NO_RUN,NO_RUN,0.2731973915381706
0,0,NO_RUN,NO_RUN,0.18004131835680953
0,0,NO_RUN,NO_RUN,0.4185105103691898
0,0,NO_RUN,NO_RUN,0.43801149358251223
0,0,NO_RUN,NO_RUN,0.012355499119429006
0,1,NO_RUN,RUN_SCORED,0.6534934833353621
0,0,NO_RUN,NO_RUN,0.10143313124401858
0,0,NO_RUN,NO_RUN,0.46403177099965515
0,0,NO_RUN,NO_RUN,0.01389112726535524
1,0,RUN_SCORED,NO_RUN,0.05166910071539177
0,0,NO_RUN,NO_RUN,0.007415880784360191
0,0,NO_RUN,NO_RUN,0.05293791256458673
1,0,RUN_SCORED,NO_RUN,0.06844897347958624
0,0,NO_RUN,NO_RUN,0.4098036780306437
0,0,NO_RUN,NO_RUN,0.10502801211705387
0,1,NO_RUN,RUN_SCORED,0.5613756063903089
0,1,NO_RUN,RUN_SCORED,0.501049439444587
0,0,NO_RUN,NO_RUN,0.4933238948644035
0,0,NO_RUN,NO_RUN,0.033578877053229976
0,1,NO_RUN,RUN_SCORED,0.6791585497090088
0,0,NO_RUN,NO_RUN,0.14844039798148442
0,0,NO_RUN,NO_RUN,0.2122500311980391
0,0,NO_RUN,NO_RUN,0.2808463559489084
0,0,NO_RUN,NO_RUN,0.008069548129312288
1,1,RUN_SCORED,RUN_SCORED,0.5428839900602294
0,1,NO_RUN,RUN_SCORED,0.5366671912261538
1,0,RUN_SCORED,NO_RUN,0.46276825113219144
0,1,NO_RUN,RUN_SCORED,0.5073633088087413
1,1,RUN_SCORED,RUN_SCORED,0.6582993424457806
0,1,NO_RUN,RUN_SCORED,0.5452227061071158
0,0,NO_RUN,NO_RUN,0.3336685600446472
0,0,NO_RUN,NO_RUN,0.14400498919735583
0,0,NO_RUN,NO_RUN,0.15061478969217307
1,0,RUN_SCORED,NO_RUN,0.109620126474721
0,0,NO_RUN,NO_RUN,0.011940463551090841
0,0,NO_RUN,NO_RUN,0.2608993963916007
0,0,NO_RUN,NO_RUN,0.10848235851824026
0,0,NO_RUN,NO_RUN,0.38396953277651275
0,0,NO_RUN,NO_RUN,0.3184505093526441
1,0,RUN_SCORED,NO_RUN,0.32764787061581135
0,0,NO_RUN,NO_RUN,0.2288774960416902
0,0,NO_RUN,NO_RUN,0.05123350105233296
0,0,NO_RUN,NO_RUN,0.14491394223935944
1,0,RUN_SCORED,NO_RUN,0.33222304592138735
0,0,NO_RUN,NO_RUN,0.13831452471764139
0,0,NO_RUN,NO_RUN,0.010783194148304316
0,1,NO_RUN,RUN_SCORED,0.5133079957345946
0,0,NO_RUN,NO_RUN,0.12226812841065322
1,0,RUN_SCORED,NO_RUN,0.4967491162770449
1,0,RUN_SCORED,NO_RUN,0.24594545754712704
0,0,NO_RUN,NO_RUN,0.0031191634325986053
1,0,RUN_SCORED,NO_RUN,0.29681020118737395
0,0,NO_RUN,NO_RUN,0.14777296721092906
0,0,NO_RUN,NO_RUN,0.20481850149093397
0,0,NO_RUN,NO_RUN,0.11879937285360503
0,0,NO_RUN,NO_RUN,0.3313982435160283
0,0,NO_RUN,NO_RUN,0.2563939258003044
0,0,NO_RUN,NO_RUN,0.03292255364309128
0,0,NO_RUN,NO_RUN,0.036174309514999496
1,0,RUN_SCORED,NO_RUN,0.3452056472200661
0,0,NO_RUN,NO_RUN,0.33464995584613433
0,1,NO_RUN,RUN_SCORED,0.6085305099328897
0,1,NO_RUN,RUN_SCORED,0.6627922635071323
0,0,NO_RUN,NO_RUN,0.03331460861362475
1,1,RUN_SCORED,RUN_SCORED,0.5820836335857562
1,1,RUN_SCORED,RUN_SCORED,0.5146030996723845
0,0,NO_RUN,NO_RUN,0.3620429879211881
0,0,NO_RUN,NO_RUN,0.22533453449546864
0,0,NO_RUN,NO_RUN,0.35603840567596906
0,0,NO_RUN,NO_RUN,0.28243452655841217
0,0,NO_RUN,NO_RUN,0.19803566862249622
1,1,RUN_SCORED,RUN_SCORED,0.5350245444930846
0,0,NO_RUN,NO_RUN,0.15175381617685982
0,0,NO_RUN,NO_RUN,0.4349751064161989
0,0,NO_RUN,NO_RUN,0.36219076346286017
1,0,RUN_SCORED,NO_RUN,0.47276429840826845
1,0,RUN_SCORED,NO_RUN,0.030951903517665302
0,0,NO_RUN,NO_RUN,0.18611861715213832
0,0,NO_RUN,NO_RUN,0.20686305335225086
1,1,RUN_SCORED,RUN_SCORED,0.5614110898719663
0,0,NO_RUN,NO_RUN,0.40522646571662535
0,1,NO_RUN,RUN_SCORED,0.611025985150837
0,1,NO_RUN,RUN_SCORED,0.5127439658716895
0,1,NO_RUN,RUN_SCORED,0.5656135698065731
0,0,NO_RUN,NO_RUN,0.2957142096280269
0,1,NO_RUN,RUN_SCORED,0.6351975754476049
0,1,NO_RUN,RUN_SCORED,0.5749949898060555
0,0,NO_RUN,NO_RUN,0.30698504363018997
1,0,RUN_SCORED,NO_RUN,0.2580552178240439
0,0,NO_RUN,NO_RUN,0.4875970344393347
1,0,RUN_SCORED,NO_RUN,0.2837488874627829
0,1,NO_RUN,RUN_SCORED,0.5269180232998258
0,0,NO_RUN,NO_RUN,0.06867432774609718
0,0,NO_RUN,NO_RUN,0.3718827445921474
0,0,NO_RUN,NO_RUN,0.41374829356995996
0,0,NO_RUN,NO_RUN,0.17884680300145323
0,0,NO_RUN,NO_RUN,0.3065170334195826
1,0,RUN_SCORED,NO_RUN,0.08687386231788477
0,1,NO_RUN,RUN_SCORED,0.5248902074221915
1,0,RUN_SCORED,NO_RUN,0.33920087257608716
0,1,NO_RUN,RUN_SCORED,0.585086501132123
0,0,NO_RUN,NO_RUN,0.12043254612165565
1,1,RUN_SCORED,RUN_SCORED,0.5531269836612897
1,0,RUN_SCORED,NO_RUN,0.24977524644890142
0,0,NO_RUN,NO_RUN,0.12509054901527578
0,0,NO_RUN,NO_RUN,0.19775098388823956
1,0,RUN_SCORED,NO_RUN,0.3509330969171192
1,0,RUN_SCORED,NO_RUN,0.0662211758348747
1,0,RUN_SCORED,NO_RUN,0.3525435376693957
0,0,NO_RUN,NO_RUN,0.4818820182537789
0,1,NO_RUN,RUN_SCORED,0.5224434757321392
0,0,NO_RUN,NO_RUN,0.17829908602825079
0,0,NO_RUN,NO_RUN,0.32110855346775485
0,0,NO_RUN,NO_RUN,0.32875600551090767
0,0,NO_RUN,NO_RUN,0.14194774972400945
0,0,NO_RUN,NO_RUN,0.39363561727689256
0,0,NO_RUN,NO_RUN,0.33076379817970025
1,1,RUN_SCORED,RUN_SCORED,0.6064819169545625
0,0,NO_RUN,NO_RUN,0.016295848537891112
0,1,NO_RUN,RUN_SCORED,0.8992355344770463
1,1,RUN_SCORED,RUN_SCORED,0.5081092577884334
1,1,RUN_SCORED,RUN_SCORED,0.8104566943968357
0,1,NO_RUN,RUN_SCORED,0.6991481187604209
0,0,NO_RUN,NO_RUN,0.17349773887849038
0,1,NO_RUN,RUN_SCORED,0.6045229823980353
0,0,NO_RUN,NO_RUN,0.18853491113635418
0,1,NO_RUN,RUN_SCORED,0.5539854268839132
0,1,NO_RUN,RUN_SCORED,0.5195507550442372
0,0,NO_RUN,NO_RUN,0.22531177374459796
0,0,NO_RUN,NO_RUN,0.1335812233861469
0,0,NO_RUN,NO_RUN,0.05311025715566486
0,0,NO_RUN,NO_RUN,0.391167146681676
1,0,RUN_SCORED,NO_RUN,0.2661700971925217
0,0,NO_RUN,NO_RUN,0.23994577690215663
0,0,NO_RUN,NO_RUN,0.3449562750078574
0,0,NO_RUN,NO_RUN,0.45163336859401204
1,0,RUN_SCORED,NO_RUN,0.33297682947740703
0,0,NO_RUN,NO_RUN,0.39239234924972544
0,0,NO_RUN,NO_RUN,0.4772027255381316
1,0,RUN_SCORED,NO_RUN,0.16922647927824147
1,0,RUN_SCORED,NO_RUN,0.22050588550060365
0,0,NO_RUN,NO_RUN,0.12725203373880573
0,0,NO_RUN,NO_RUN,0.004457387718597043
1,1,RUN_SCORED,RUN_SCORED,0.557597904289454
0,0,NO_RUN,NO_RUN,0.14970443538052744
0,0,NO_RUN,NO_RUN,0.12435806042293439
0,0,NO_RUN,NO_RUN,0.11287174519696419
0,0,NO_RUN,NO_RUN,0.30210437583377875
0,0,NO_RUN,NO_RUN,0.06760723991703331
0,0,NO_RUN,NO_RUN,0.30806447385697927
0,0,NO_RUN,NO_RUN,0.06579865295389112
0,0,NO_RUN,NO_RUN,0.28609744622726235
0,0,NO_RUN,NO_RUN,0.0922158487708976
0,0,NO_RUN,NO_RUN,0.051159037858805656
0,0,NO_RUN,NO_RUN,0.37075597287921036
0,0,NO_RUN,NO_RUN,0.0585896200442081
0,1,NO_RUN,RUN_SCORED,0.6129214907554053
0,0,NO_RUN,NO_RUN,0.16573874279032869
1,1,RUN_SCORED,RUN_SCORED,0.6913980423568503
0,0,NO_RUN,NO_RUN,0.05809576996061371
0,1,NO_RUN,RUN_SCORED,0.8164070380124824
0,1,NO_RUN,RUN_SCORED,0.750429089902581
0,0,NO_RUN,NO_RUN,0.060676625200732255
0,0,NO_RUN,NO_RUN,0.3448308923231339
0,0,NO_RUN,NO_RUN,0.057656114909824814
1,0,RUN_SCORED,NO_RUN,0.4702502833358781
0,0,NO_RUN,NO_RUN,0.24985368004730676
0,1,NO_RUN,RUN_SCORED,0.5417351209728395
0,1,NO_RUN,RUN_SCORED,0.700216184986027
0,1,NO_RUN,RUN_SCORED,0.7074312308912566
0,0,NO_RUN,NO_RUN,0.12282372564143663
1,1,RUN_SCORED,RUN_SCORED,0.562334434637263
0,0,NO_RUN,NO_RUN,0.06197262526714982
0,0,NO_RUN,NO_RUN,0.4012924419344033
1,1,RUN_SCORED,RUN_SCORED,0.5042591643536957
1,0,RUN_SCORED,NO_RUN,0.42541006745570953
0,0,NO_RUN,NO_RUN,0.0027822176371122926
0,1,NO_RUN,RUN_SCORED,0.538149823240793
0,0,NO_RUN,NO_RUN,0.007342768401405028
1,1,RUN_SCORED,RUN_SCORED,0.5566367481424304
0,0,NO_RUN,NO_RUN,0.4165510944729252
0,0,NO_RUN,NO_RUN,0.24486747286431368
1,1,RUN_SCORED,RUN_SCORED,0.688146758000806
0,1,NO_RUN,RUN_SCORED,0.8590364173673634
0,1,NO_RUN,RUN_SCORED,0.6576193502520686
0,0,NO_RUN,NO_RUN,0.060757110576649585
0,1,NO_RUN,RUN_SCORED,0.8185092200588654
0,0,NO_RUN,NO_RUN,0.30508776967872947
0,1,NO_RUN,RUN_SCORED,0.5365178598554322
1,0,RUN_SCORED,NO_RUN,0.29551156046219085
1,0,RUN_SCORED,NO_RUN,0.46306724344998906
0,0,NO_RUN,NO_RUN,0.06743900509280211
0,0,NO_RUN,NO_RUN,0.025728672139647503
0,0,NO_RUN,NO_RUN,0.22008111891155524
1,1,RUN_SCORED,RUN_SCORED,0.5569481638126139
0,0,NO_RUN,NO_RUN,0.039746485017349995
0,0,NO_RUN,NO_RUN,0.45590542672556167
0,0,NO_RUN,NO_RUN,0.17498328738621757
0,1,NO_RUN,RUN_SCORED,0.5268449855933633
0,0,NO_RUN,NO_RUN,0.21023088946142054
0,0,NO_RUN,NO_RUN,0.24698256851627542
0,0,NO_RUN,NO_RUN,0.35386910273662936
0,1,NO_RUN,RUN_SCORED,0.5443896041917231
1,0,RUN_SCORED,NO_RUN,0.37091590570154515
0,0,NO_RUN,NO_RUN,0.44159423692314165
0,0,NO_RUN,NO_RUN,0.23380581482219803
0,0,NO_RUN,NO_RUN,0.005493633170671921
0,0,NO_RUN,NO_RUN,0.3726060485515788
0,0,NO_RUN,NO_RUN,0.19942008813352025
0,0,NO_RUN,NO_RUN,0.38340171038498794
0,0,NO_RUN,NO_RUN,0.06306444153477599
0,1,NO_RUN,RUN_SCORED,0.5823612792968422
1,1,RUN_SCORED,RUN_SCORED,0.6065377718505536
0,1,NO_RUN,RUN_SCORED,0.6668162045016184
0,1,NO_RUN,RUN_SCORED,0.7745128672299911
0,0,NO_RUN,NO_RUN,0.07500032671733547
0,0,NO_RUN,NO_RUN,0.10179133338381681
0,0,NO_RUN,NO_RUN,0.3573830107783086
0,0,NO_RUN,NO_RUN,0.2598482692821787
0,0,NO_RUN,NO_RUN,0.31821018607403234
0,0,NO_RUN,NO_RUN,0.007890958406033701
0,1,NO_RUN,RUN_SCORED,0.7103657356629864
0,0,NO_RUN,NO_RUN,0.4317360154269422
0,1,NO_RUN,RUN_SCORED,0.7034000186609123
0,0,NO_RUN,NO_RUN,0.41032846059312594
1,0,RUN_SCORED,NO_RUN,0.21461490093242555
0,0,NO_RUN,NO_RUN,0.21084623324307003
0,0,NO_RUN,NO_RUN,0.07645535164927968
0,0,NO_RUN,NO_RUN,0.011673452035076214
0,0,NO_RUN,NO_RUN,0.24056675582020348
0,0,NO_RUN,NO_RUN,0.13391546050130781
0,0,NO_RUN,NO_RUN,0.21791562885194768
0,0,NO_RUN,NO_RUN,0.287716776550208
0,0,NO_RUN,NO_RUN,0.2110152778078525
0,0,NO_RUN,NO_RUN,0.15724414871360012
1,0,RUN_SCORED,NO_RUN,0.22911031264838638
1,0,RUN_SCORED,NO_RUN,0.20467663195687544
0,0,NO_RUN,NO_RUN,0.04721947695437352
0,0,NO_RUN,NO_RUN,0.0006953083762804508
0,0,NO_RUN,NO_RUN,0.23298167125260108
0,0,NO_RUN,NO_RUN,0.008362330670629088
0,0,NO_RUN,NO_RUN,0.29348884524912183
0,0,NO_RUN,NO_RUN,0.016860533253801727
0,0,NO_RUN,NO_RUN,0.3151106322692873
0,1,NO_RUN,RUN_SCORED,0.7106276075401287
1,1,RUN_SCORED,RUN_SCORED,0.6720127394347186
0,0,NO_RUN,NO_RUN,0.3240833281603458
0,0,NO_RUN,NO_RUN,0.4071814296767038
0,1,NO_RUN,RUN_SCORED,0.507896265963762
1,0,RUN_SCORED,NO_RUN,0.01655487243563772
1,0,RUN_SCORED,NO_RUN,0.3997819725338918
0,0,NO_RUN,NO_RUN,0.06842757913503314
0,0,NO_RUN,NO_RUN,0.35572561019927124
1,1,RUN_SCORED,RUN_SCORED,0.5602197715797693
0,1,NO_RUN,RUN_SCORED,0.5315016614602769
1,0,RUN_SCORED,NO_RUN,0.3495572289116609
0,0,NO_RUN,NO_RUN,0.36179256480994704
1,0,RUN_SCORED,NO_RUN,0.06936627317793691
1,0,RUN_SCORED,NO_RUN,0.16673838099919383
0,1,NO_RUN,RUN_SCORED,0.5666417716861369
1,0,RUN_SCORED,NO_RUN,0.2415859939509906
1,0,RUN_SCORED,NO_RUN,0.3521934571190126
0,0,NO_RUN,NO_RUN,0.15286485791975676
0,0,NO_RUN,NO_RUN,0.0364291946180608
1,1,RUN_SCORED,RUN_SCORED,0.5708422761400139
1,0,RUN_SCORED,NO_RUN,0.4221164432287163
0,0,NO_RUN,NO_RUN,0.19354116692832057
0,0,NO_RUN,NO_RUN,0.06571344694814288
0,0,NO_RUN,NO_RUN,0.2917370062716149
0,0,NO_RUN,NO_RUN,0.35627660297078184
0,0,NO_RUN,NO_RUN,0.38808132889885577
0,0,NO_RUN,NO_RUN,0.012237145797413862
1,1,RUN_SCORED,RUN_SCORED,0.5071137354407284
0,0,NO_RUN,NO_RUN,0.3942785900440471
0,1,NO_RUN,RUN_SCORED,0.5733478076847058
0,0,NO_RUN,NO_RUN,0.3326095567650102
0,0,NO_RUN,NO_RUN,0.218353008157512
1,0,RUN_SCORED,NO_RUN,0.17967733891820198
0,0,NO_RUN,NO_RUN,0.43053895170800255
0,0,NO_RUN,NO_RUN,0.21754601934760884
0,0,NO_RUN,NO_RUN,0.22255113242076963
1,0,RUN_SCORED,NO_RUN,0.19122411708189735
0,0,NO_RUN,NO_RUN,0.009144794925994166
0,0,NO_RUN,NO_RUN,0.305347208423468
1,0,RUN_SCORED,NO_RUN,0.12087062069766599
0,0,NO_RUN,NO_RUN,0.26206007810872944
0,0,NO_RUN,NO_RUN,0.1676419775218613
1,0,RUN_SCORED,NO_RUN,0.18877580338774982
0,0,NO_RUN,NO_RUN,0.0030759270936933595
1,0,RUN_SCORED,NO_RUN,0.19026560968157896
0,0,NO_RUN,NO_RUN,0.0020733102556868
1,0,RUN_SCORED,NO_RUN,0.11386026630156913
0,0,NO_RUN,NO_RUN,0.002550260531956998
0,0,NO_RUN,NO_RUN,0.18952700219717952
0,0,NO_RUN,NO_RUN,0.012438901219480937
0,1,NO_RUN,RUN_SCORED,0.5946140680217838
0,0,NO_RUN,NO_RUN,0.10995951292832744
1,0,RUN_SCORED,NO_RUN,0.3679473913239425
0,0,NO_RUN,NO_RUN,0.4113475825346979
0,1,NO_RUN,RUN_SCORED,0.564072626901357
1,1,RUN_SCORED,RUN_SCORED,0.6034298767517848
0,0,NO_RUN,NO_RUN,0.29174797938929975
1,0,RUN_SCORED,NO_RUN,0.3478186540432607
0,0,NO_RUN,NO_RUN,0.44146011194766127
0,1,NO_RUN,RUN_SCORED,0.6453923224257702
1,1,RUN_SCORED,RUN_SCORED,0.7618239228914573
1,1,RUN_SCORED,RUN_SCORED,0.6718616680584244
1,1,RUN_SCORED,RUN_SCORED,0.5890648008747437
0,0,NO_RUN,NO_RUN,0.014398016881287085
0,0,NO_RUN,NO_RUN,0.16020375564074393
0,1,NO_RUN,RUN_SCORED,0.6107109682278238
0,0,NO_RUN,NO_RUN,0.03237887299943014
0,1,NO_RUN,RUN_SCORED,0.8609075897255477
1,0,RUN_SCORED,NO_RUN,0.29133974205480073
0,0,NO_RUN,NO_RUN,0.116170725925841
0,0,NO_RUN,NO_RUN,0.049692767666622936
1,0,RUN_SCORED,NO_RUN,0.0009575415571851429
1,0,RUN_SCORED,NO_RUN,0.20063087747975475
0,0,NO_RUN,NO_RUN,0.15150617231295552
0,0,NO_RUN,NO_RUN,0.2032860252541373
0,0,NO_RUN,NO_RUN,0.006794978699110096
0,0,NO_RUN,NO_RUN,0.39418315997690195
0,0,NO_RUN,NO_RUN,0.17115347767191896
0,0,NO_RUN,NO_RUN,0.014808365811897916
0,0,NO_RUN,NO_RUN,0.418877685928621
0,1,NO_RUN,RUN_SCORED,0.5201640682221951
0,0,NO_RUN,NO_RUN,0.02180293251096761
1,1,RUN_SCORED,RUN_SCORED,0.6055028462213136
0,0,NO_RUN,NO_RUN,0.009932444912018525
0,0,NO_RUN,NO_RUN,0.28672912629670305
0,0,NO_RUN,NO_RUN,0.03501399749414222
0,0,NO_RUN,NO_RUN,0.4179602437855939
0,0,NO_RUN,NO_RUN,0.469987030408286
0,0,NO_RUN,NO_RUN,0.35190243492859175
0,0,NO_RUN,NO_RUN,0.2216895248414774
0,0,NO_RUN,NO_RUN,0.3711840864569211
0,0,NO_RUN,NO_RUN,0.3233129776974108
0,0,NO_RUN,NO_RUN,0.020068303449519542
1,0,RUN_SCORED,NO_RUN,0.13282731044620355
0,0,NO_RUN,NO_RUN,0.02750459733268269
1,0,RUN_SCORED,NO_RUN,0.23357340851355704
0,0,NO_RUN,NO_RUN,0.15486644539186736
0,0,NO_RUN,NO_RUN,0.2145051389618755
0,0,NO_RUN,NO_RUN,0.0026398235775082065
1,0,RUN_SCORED,NO_RUN,0.40321323580551893
1,1,RUN_SCORED,RUN_SCORED,0.5231122896866961
0,0,NO_RUN,NO_RUN,0.006699819302966038
1,0,RUN_SCORED,NO_RUN,0.08948804501089128
0,0,NO_RUN,NO_RUN,0.222163717282164
0,0,NO_RUN,NO_RUN,0.22727328533565705
0,1,NO_RUN,RUN_SCORED,0.5231787891102597
0,0,NO_RUN,NO_RUN,0.33537013184853104
0,0,NO_RUN,NO_RUN,0.3597835118925886
0,0,NO_RUN,NO_RUN,0.4965501566574668
1,0,RUN_SCORED,NO_RUN,0.2547006503226526
1,0,RUN_SCORED,NO_RUN,0.22906764153282985
1,1,RUN_SCORED,RUN_SCORED,0.5085104201107019
1,0,RUN_SCORED,NO_RUN,0.43140138285933405
1,1,RUN_SCORED,RUN_SCORED,0.5295563726239554
0,0,NO_RUN,NO_RUN,0.12763831587852723
0,0,NO_RUN,NO_RUN,0.004840355138466357
0,1,NO_RUN,RUN_SCORED,0.5405967847692991
0,0,NO_RUN,NO_RUN,0.424140883894243
0,1,NO_RUN,RUN_SCORED,0.7596151607560439
1,0,RUN_SCORED,NO_RUN,0.42496444606858486
0,0,NO_RUN,NO_RUN,0.42874076084645535
0,0,NO_RUN,NO_RUN,0.2950833856171806
0,0,NO_RUN,NO_RUN,0.18184223870296204
1,0,RUN_SCORED,NO_RUN,0.40226040180643957
1,0,RUN_SCORED,NO_RUN,0.41907335881242763
0,0,NO_RUN,NO_RUN,0.3988507112481025
0,0,NO_RUN,NO_RUN,0.09354224764762269
0,1,NO_RUN,RUN_SCORED,0.5354413750823426
0,0,NO_RUN,NO_RUN,0.06454656622106812
0,0,NO_RUN,NO_RUN,0.020896500636268217
0,1,NO_RUN,RUN_SCORED,0.6441414555216379
0,1,NO_RUN,RUN_SCORED,0.7390400165277008
0,1,NO_RUN,RUN_SCORED,0.7984645324257469
1,1,RUN_SCORED,RUN_SCORED,0.8970282054672614
0,1,NO_RUN,RUN_SCORED,0.8527549602415243
0,0,NO_RUN,NO_RUN,0.23058881202081805
0,0,NO_RUN,NO_RUN,0.007593268292628046
0,1,NO_RUN,RUN_SCORED,0.5296370295026074
0,0,NO_RUN,NO_RUN,0.09241423130489143
0,0,NO_RUN,NO_RUN,0.27617253560975985
0,0,NO_RUN,NO_RUN,0.2966002682786133
1,0,RUN_SCORED,NO_RUN,0.2520925678567881
0,0,NO_RUN,NO_RUN,0.012543213310796312
0,0,NO_RUN,NO_RUN,0.3965540099288666
0,1,NO_RUN,RUN_SCORED,0.5261094391325063
0,0,NO_RUN,NO_RUN,0.415735989058091
1,0,RUN_SCORED,NO_RUN,0.24996418101666038
0,0,NO_RUN,NO_RUN,0.40950863390069203
0,0,NO_RUN,NO_RUN,0.0028243665695074686
1,0,RUN_SCORED,NO_RUN,0.4648299119503195
0,0,NO_RUN,NO_RUN,0.007676814982481153
0,1,NO_RUN,RUN_SCORED,0.5959419859722674
0,0,NO_RUN,NO_RUN,0.34123901568302084
0,1,NO_RUN,RUN_SCORED,0.5118951731571071
1,0,RUN_SCORED,NO_RUN,0.3061268279958168
0,0,NO_RUN,NO_RUN,0.018977912296176694
0,0,NO_RUN,NO_RUN,0.41960683709609775
0,0,NO_RUN,NO_RUN,0.448339980546412
0,0,NO_RUN,NO_RUN,0.4703251754449655
1,0,RUN_SCORED,NO_RUN,0.4582825835438807
0,1,NO_RUN,RUN_SCORED,0.592591930167872
0,1,NO_RUN,RUN_SCORED,0.5958289431050889
0,0,NO_RUN,NO_RUN,0.040875279483622066
1,0,RUN_SCORED,NO_RUN,0.4684305291385873
0,0,NO_RUN,NO_RUN,0.34442546204661767
0,0,NO_RUN,NO_RUN,0.045616759524104676
0,0,NO_RUN,NO_RUN,0.4507881200680563
0,0,NO_RUN,NO_RUN,0.34120843300930287
0,0,NO_RUN,NO_RUN,0.0209473586939133
0,1,NO_RUN,RUN_SCORED,0.719711899537184
0,0,NO_RUN,NO_RUN,0.30466314533444355
0,0,NO_RUN,NO_RUN,0.3147006651890028
0,0,NO_RUN,NO_RUN,0.1282383432335796
0,1,NO_RUN,RUN_SCORED,0.6931099153641703
1,0,RUN_SCORED,NO_RUN,0.2954843032917451
0,0,NO_RUN,NO_RUN,0.3761893648906528
0,0,NO_RUN,NO_RUN,0.4064158661146824
0,0,NO_RUN,NO_RUN,0.46469470553527314
0,0,NO_RUN,NO_RUN,0.49770678185678385
0,0,NO_RUN,NO_RUN,0.02009419971712141
0,0,NO_RUN,NO_RUN,0.44612611781794165
0,0,NO_RUN,NO_RUN,0.3793749481044993
0,0,NO_RUN,NO_RUN,0.26002158292945343
1,0,RUN_SCORED,NO_RUN,0.11168598710483202
0,0,NO_RUN,NO_RUN,0.403967673882087
1,0,RUN_SCORED,NO_RUN,0.04809110783207184
0,0,NO_RUN,NO_RUN,0.420005254457053
0,0,NO_RUN,NO_RUN,0.013106345868602794
0,1,NO_RUN,RUN_SCORED,0.6341145088496304
0,0,NO_RUN,NO_RUN,0.028995978443691724
0,1,NO_RUN,RUN_SCORED,0.8751940736382036
0,0,NO_RUN,NO_RUN,0.10263781502153246
0,0,NO_RUN,NO_RUN,0.013940685040789432
0,0,NO_RUN,NO_RUN,0.3728609849444209
0,0,NO_RUN,NO_RUN,0.061611363853426804
1,0,RUN_SCORED,NO_RUN,0.3025868789160602
0,0,NO_RUN,NO_RUN,0.0068918302681226385
0,1,NO_RUN,RUN_SCORED,0.55896066537423
0,0,NO_RUN,NO_RUN,0.009685748213896216
0,1,NO_RUN,RUN_SCORED,0.6292745145794137
0,1,NO_RUN,RUN_SCORED,0.5741891269897048
1,1,RUN_SCORED,RUN_SCORED,0.705405512371636
0,0,NO_RUN,NO_RUN,0.018099581469333624
0,0,NO_RUN,NO_RUN,0.18335778203619366
0,1,NO_RUN,RUN_SCORED,0.6145325697401781
0,1,NO_RUN,RUN_SCORED,0.5004814270446774
0,1,NO_RUN,RUN_SCORED,0.6011563534417551
1,1,RUN_SCORED,RUN_SCORED,0.5241813925520505
0,1,NO_RUN,RUN_SCORED,0.6440220484278282
0,1,NO_RUN,RUN_SCORED,0.6823948882586915
0,0,NO_RUN,NO_RUN,0.2267639349850218
1,0,RUN_SCORED,NO_RUN,0.07413218069671525
0,0,NO_RUN,NO_RUN,0.36734060771697014
