投手,チーム,打者,チーム,打率,打席,打数,安打,単打,二塁打,三塁打,本塁打,塁打,四球,死球,犠飛,三振,OPS,出塁率,長打率
小川　泰弘,ヤクルト,岡本　和真,巨人,0.328,81,67,22,9,4,0,9,53,13,1,0,7,1.235,0.444,0.791
高橋　奎二,ヤクルト,岡本　和真,巨人,0.288,60,52,15,6,4,0,5,34,6,1,0,13,1.021,0.367,0.654
石川　雅規,ヤクルト,岡本　和真,巨人,0.268,52,41,11,4,2,0,5,28,10,1,0,3,1.106,0.423,0.683
原　樹理,ヤクルト,岡本　和真,巨人,0.219,34,32,7,4,0,0,3,16,2,0,0,6,0.765,0.265,0.5
小澤　怜史,ヤクルト,岡本　和真,巨人,0.207,33,29,6,5,0,0,1,9,4,0,0,5,0.613,0.303,0.31
高梨　裕稔,ヤクルト,岡本　和真,巨人,0.407,31,27,11,4,2,0,5,28,4,0,0,2,1.521,0.484,1.037
石山　泰稚,ヤクルト,岡本　和真,巨人,0.217,30,23,5,2,2,0,1,10,6,0,0,2,0.802,0.367,0.435
サイスニード,ヤクルト,岡本　和真,巨人,0.444,29,27,12,9,2,0,1,17,1,1,0,2,1.113,0.483,0.63
木澤　尚文,ヤクルト,岡本　和真,巨人,0.19,28,21,4,1,3,0,0,7,4,2,0,6,0.69,0.357,0.333
Ｄ．ブキャナン,ヤクルト,岡本　和真,巨人,0.304,24,23,7,6,1,0,0,8,1,0,0,1,0.681,0.333,0.348
近藤　一樹,ヤクルト,岡本　和真,巨人,0.455,22,22,10,7,0,0,3,19,0,0,0,6,1.319,0.455,0.864
Ａ．スアレス,ヤクルト,岡本　和真,巨人,0.235,21,17,4,2,0,0,2,10,3,0,0,5,0.921,0.333,0.588
星　知弥,ヤクルト,岡本　和真,巨人,0.438,21,16,7,5,1,0,1,11,5,0,0,1,1.259,0.571,0.688
奥川　恭伸,ヤクルト,岡本　和真,巨人,0.278,21,18,5,4,0,0,1,8,1,2,0,3,0.825,0.381,0.444
吉村　貢司郎,ヤクルト,岡本　和真,巨人,0.4,21,20,8,5,1,0,2,15,1,0,0,3,1.179,0.429,0.75
大西　広樹,ヤクルト,岡本　和真,巨人,0.4,20,15,6,2,2,0,2,14,4,1,0,2,1.483,0.55,0.933
梅野　雄吾,ヤクルト,岡本　和真,巨人,0.267,20,15,4,3,0,0,1,7,5,0,0,0,0.917,0.45,0.467
Ｓ．マクガフ,ヤクルト,岡本　和真,巨人,0.294,19,17,5,4,0,0,1,8,2,0,0,4,0.839,0.368,0.471
田口　麗斗,ヤクルト,岡本　和真,巨人,0.286,18,14,4,2,1,0,1,8,3,0,0,3,0.96,0.389,0.571
清水　昇,ヤクルト,岡本　和真,巨人,0.438,18,16,7,4,2,0,1,12,2,0,0,2,1.25,0.5,0.75
山野　太一,ヤクルト,岡本　和真,巨人,0.333,17,15,5,3,0,0,2,11,2,0,0,1,1.145,0.412,0.733
今野　龍太,ヤクルト,岡本　和真,巨人,0.125,17,16,2,2,0,0,0,2,0,0,0,4,0.243,0.118,0.125
Ｍ．ヤフーレ,ヤクルト,岡本　和真,巨人,0.308,15,13,4,2,2,0,0,6,2,0,0,1,0.862,0.4,0.462
大下　佑馬,ヤクルト,岡本　和真,巨人,0.231,14,13,3,2,0,0,1,6,0,1,0,2,0.748,0.286,0.462
坂本　光士郎,ヤクルト,岡本　和真,巨人,0.3,13,10,3,0,3,0,0,6,3,0,0,1,1.062,0.462,0.6
Ｄ．ハフ,ヤクルト,岡本　和真,巨人,0.3,11,10,3,1,0,0,2,9,1,0,0,5,1.264,0.364,0.9
風張　蓮,ヤクルト,岡本　和真,巨人,0.364,11,11,4,2,1,0,1,8,0,0,0,3,1.091,0.364,0.727
山田　大樹,ヤクルト,岡本　和真,巨人,0.222,10,9,2,1,0,0,1,5,1,0,0,2,0.856,0.3,0.556
Ｅ．ロドリゲス,ヤクルト,岡本　和真,巨人,0.25,10,8,2,1,1,0,0,3,2,0,0,2,0.775,0.4,0.375
Ｐ．ランバート,ヤクルト,岡本　和真,巨人,0.444,9,9,4,3,1,0,0,5,0,0,0,4,1,0.444,0.556
Ｄ．ピーターズ,ヤクルト,岡本　和真,巨人,0.444,9,9,4,1,1,0,2,11,0,0,0,1,1.666,0.444,1.222
Ｍ．カラシティー,ヤクルト,岡本　和真,巨人,0.375,9,8,3,2,1,0,0,4,1,0,0,2,0.944,0.444,0.5
長谷川　宙輝,ヤクルト,岡本　和真,巨人,0.429,8,7,3,3,0,0,0,3,1,0,0,2,0.929,0.5,0.429
吉田　大喜,ヤクルト,岡本　和真,巨人,0.429,8,7,3,1,0,0,2,9,1,0,0,1,1.786,0.5,1.286
金久保　優斗,ヤクルト,岡本　和真,巨人,0,6,6,0,0,0,0,0,0,0,0,0,0,0,0,0
寺島　成輝,ヤクルト,岡本　和真,巨人,0.333,6,6,2,2,0,0,0,2,0,0,0,1,0.666,0.333,0.333
市川　悠太,ヤクルト,岡本　和真,巨人,0.333,5,3,1,0,1,0,0,2,1,1,0,0,1.267,0.6,0.667
中尾　輝,ヤクルト,岡本　和真,巨人,0.5,4,4,2,1,0,0,1,5,0,0,0,2,1.75,0.5,1.25
中澤　雅人,ヤクルト,岡本　和真,巨人,0,4,3,0,0,0,0,0,0,1,0,0,1,0.25,0.25,0
荘司　宏太,ヤクルト,岡本　和真,巨人,0,3,3,0,0,0,0,0,0,0,0,0,1,0,0,0
Ａ．Ｊ．コール,ヤクルト,岡本　和真,巨人,0,3,3,0,0,0,0,0,0,0,0,0,1,0,0,0
丸山　翔大,ヤクルト,岡本　和真,巨人,0,3,3,0,0,0,0,0,0,0,0,0,2,0,0,0
秋吉　亮,ヤクルト,岡本　和真,巨人,0.333,3,3,1,0,1,0,0,2,0,0,0,0,1,0.333,0.667
岩橋　慶侍,ヤクルト,岡本　和真,巨人,0,3,3,0,0,0,0,0,0,0,0,0,1,0,0,0
Ｐ．アビラ,ヤクルト,岡本　和真,巨人,0,3,2,0,0,0,0,0,0,1,0,0,1,0.333,0.333,0
山中　浩史,ヤクルト,岡本　和真,巨人,0.333,3,3,1,0,1,0,0,2,0,0,0,0,1,0.333,0.667
歳内　宏明,ヤクルト,岡本　和真,巨人,0.333,3,3,1,0,0,0,1,4,0,0,0,0,1.666,0.333,1.333
尾仲　祐哉,ヤクルト,岡本　和真,巨人,0.667,3,3,2,1,0,0,1,5,0,0,0,0,2.334,0.667,1.667
平井　諒,ヤクルト,岡本　和真,巨人,0.333,3,3,1,1,0,0,0,1,0,0,0,0,0.666,0.333,0.333
阪口　皓亮,ヤクルト,岡本　和真,巨人,0,3,2,0,0,0,0,0,0,0,1,0,1,0.333,0.333,0
久保　拓眞,ヤクルト,岡本　和真,巨人,0.333,3,3,1,1,0,0,0,1,0,0,0,0,0.666,0.333,0.333
松本　健吾,ヤクルト,岡本　和真,巨人,0,2,1,0,0,0,0,0,0,1,0,0,0,0.5,0.5,0
古野　正人,ヤクルト,岡本　和真,巨人,0.5,2,2,1,0,0,0,1,4,0,0,0,0,2.5,0.5,2
館山　昌平,ヤクルト,岡本　和真,巨人,0.5,2,2,1,1,0,0,0,1,0,0,0,1,1,0.5,0.5
Ｐ．ギルメット,ヤクルト,岡本　和真,巨人,0.5,2,2,1,1,0,0,0,1,0,0,0,0,1,0.5,0.5
Ａ．スアレス,ヤクルト,岡本　和真,巨人,1,2,1,1,1,0,0,0,1,1,0,0,0,2,1,1
山本　哲哉,ヤクルト,岡本　和真,巨人,0,2,2,0,0,0,0,0,0,0,0,0,0,0,0,0
拓也 （矢崎　拓也）,ヤクルト,岡本　和真,巨人,0,1,1,0,0,0,0,0,0,0,0,0,0,0,0,0
田川　賢吾,ヤクルト,岡本　和真,巨人,0,1,1,0,0,0,0,0,0,0,0,0,0,0,0,0
Ｊ．エスパーダ,ヤクルト,岡本　和真,巨人,1,1,1,1,0,0,0,1,4,0,0,0,0,5,1,4
Ｍ．バウマン,ヤクルト,岡本　和真,巨人,0,1,1,0,0,0,0,0,0,0,0,0,0,0,0,0
宮川　哲,ヤクルト,岡本　和真,巨人,1,1,1,1,1,0,0,0,1,0,0,0,0,2,1,1
近藤　弘樹,ヤクルト,岡本　和真,巨人,0,1,1,0,0,0,0,0,0,0,0,0,0,0,0,0
下川　隼佑,ヤクルト,岡本　和真,巨人,0,1,1,0,0,0,0,0,0,0,0,0,0,0,0,0
杉山　晃基,ヤクルト,岡本　和真,巨人,0,1,1,0,0,0,0,0,0,0,0,0,0,0,0,0
五十嵐　亮太,ヤクルト,岡本　和真,巨人,0,1,1,0,0,0,0,0,0,0,0,0,0,0,0,0
蔵本　治孝,ヤクルト,岡本　和真,巨人,0,1,1,0,0,0,0,0,0,0,0,0,0,0,0,0
松岡　健一,ヤクルト,岡本　和真,巨人,0,1,0,0,0,0,0,0,0,1,0,0,0,1,1,0
東　克樹,DeNA,岡本　和真,巨人,0.258,72,62,16,9,3,0,4,31,9,0,0,14,0.847,0.347,0.5
今永　昇太,DeNA,岡本　和真,巨人,0.265,57,49,13,3,7,0,3,29,8,0,0,14,0.96,0.368,0.592
大貫　晋一,DeNA,岡本　和真,巨人,0.318,50,44,14,9,2,0,3,25,5,1,0,9,0.968,0.4,0.568
濵口　遥大,DeNA,岡本　和真,巨人,0.282,40,39,11,8,2,0,1,16,1,0,0,9,0.71,0.3,0.41
石田　健大,DeNA,岡本　和真,巨人,0.333,36,33,11,5,3,0,3,23,2,0,0,9,1.058,0.361,0.697
平良　拳太郎,DeNA,岡本　和真,巨人,0.129,35,31,4,3,1,0,0,5,3,0,0,11,0.361,0.2,0.161
井納　翔一,DeNA,岡本　和真,巨人,0.344,33,32,11,4,4,0,3,24,0,1,0,11,1.114,0.364,0.75
山﨑　康晃,DeNA,岡本　和真,巨人,0.222,30,27,6,5,0,0,1,9,3,0,0,10,0.633,0.3,0.333
Ａ．ケイ,DeNA,岡本　和真,巨人,0.4,26,15,6,3,1,0,2,13,9,2,0,1,1.521,0.654,0.867
Ａ．ジャクソン,DeNA,岡本　和真,巨人,0.476,24,21,10,6,2,0,2,18,3,0,0,2,1.399,0.542,0.857
Ｆ．ロメロ,DeNA,岡本　和真,巨人,0.263,23,19,5,3,1,0,1,9,3,1,0,3,0.865,0.391,0.474
上茶谷　大河,DeNA,岡本　和真,巨人,0.316,23,19,6,4,1,0,1,10,3,1,0,5,0.961,0.435,0.526
三嶋　一輝,DeNA,岡本　和真,巨人,0.318,23,22,7,3,2,0,2,15,0,0,0,6,0.986,0.304,0.682
伊勢　大夢,DeNA,岡本　和真,巨人,0.421,23,19,8,5,2,0,1,13,3,1,0,3,1.206,0.522,0.684
坂本　裕哉,DeNA,岡本　和真,巨人,0.45,21,20,9,4,3,0,2,18,1,0,0,0,1.376,0.476,0.9
Ｓ．パットン,DeNA,岡本　和真,巨人,0.2,19,15,3,2,0,0,1,6,2,2,0,4,0.768,0.368,0.4
京山　将弥,DeNA,岡本　和真,巨人,0.385,18,13,5,3,2,0,0,7,5,0,0,3,1.094,0.556,0.538
Ｅ．エスコバー,DeNA,岡本　和真,巨人,0.231,16,13,3,0,1,0,2,10,3,0,0,7,1.144,0.375,0.769
国吉　佑樹,DeNA,岡本　和真,巨人,0.286,16,14,4,2,0,0,2,10,2,0,0,5,1.089,0.375,0.714
三上　朋也,DeNA,岡本　和真,巨人,0.2,15,15,3,3,0,0,0,3,0,0,0,4,0.4,0.2,0.2
平田　真吾,DeNA,岡本　和真,巨人,0.286,15,14,4,3,0,1,0,6,1,0,0,5,0.762,0.333,0.429
Ｊ．ウィーランド,DeNA,岡本　和真,巨人,0.2,12,10,2,2,0,0,0,2,1,1,0,1,0.533,0.333,0.2
石田　裕太郎,DeNA,岡本　和真,巨人,0.5,10,10,5,3,0,0,2,11,0,0,0,1,1.6,0.5,1.1
Ｔ．バウアー,DeNA,岡本　和真,巨人,0.5,9,8,4,1,0,0,3,13,1,0,0,1,2.181,0.556,1.625
Ｊ．Ｂ．ウェンデルケン,DeNA,岡本　和真,巨人,0.2,9,5,1,0,1,0,0,2,4,0,0,2,0.956,0.556,0.4
武藤　祐太,DeNA,岡本　和真,巨人,0.143,7,7,1,0,0,0,1,4,0,0,0,3,0.714,0.143,0.571
櫻井　周斗,DeNA,岡本　和真,巨人,0.5,7,6,3,2,0,0,1,6,1,0,0,1,1.571,0.571,1
森原　康平,DeNA,岡本　和真,巨人,0,7,5,0,0,0,0,0,0,1,1,0,2,0.286,0.286,0
中川　虎大,DeNA,岡本　和真,巨人,0.333,6,6,2,2,0,0,0,2,0,0,0,2,0.666,0.333,0.333
Ｒ．ガゼルマン,DeNA,岡本　和真,巨人,0.2,6,5,1,0,1,0,0,2,1,0,0,1,0.733,0.333,0.4
佐々木　千隼,DeNA,岡本　和真,巨人,0,6,5,0,0,0,0,0,0,1,0,0,3,0.167,0.167,0
Ｒ．ウィック,DeNA,岡本　和真,巨人,0.25,6,4,1,0,0,0,1,4,2,0,0,0,1.5,0.5,1
田中　健二朗,DeNA,岡本　和真,巨人,0,5,5,0,0,0,0,0,0,0,0,0,2,0,0,0
飯塚　悟史,DeNA,岡本　和真,巨人,0.5,5,4,2,1,1,0,0,3,1,0,0,1,1.35,0.6,0.75
吉野　光樹,DeNA,岡本　和真,巨人,0.4,5,5,2,2,0,0,0,2,0,0,0,1,0.8,0.4,0.4
石川　達也,DeNA,岡本　和真,巨人,0.25,5,4,1,0,1,0,0,2,1,0,0,1,0.9,0.4,0.5
森　唯斗,DeNA,岡本　和真,巨人,0.4,5,5,2,1,1,0,0,3,0,0,0,0,1,0.4,0.6
Ｋ．シャッケルフォード,DeNA,岡本　和真,巨人,0,4,4,0,0,0,0,0,0,0,0,0,4,0,0,0
入江　大生,DeNA,岡本　和真,巨人,0,4,2,0,0,0,0,0,0,2,0,0,1,0.5,0.5,0
宮國　椋丞,DeNA,岡本　和真,巨人,0.75,4,4,3,2,0,0,1,6,0,0,0,0,2.25,0.75,1.5
砂田　毅樹,DeNA,岡本　和真,巨人,0.333,4,3,1,1,0,0,0,1,1,0,0,0,0.833,0.5,0.333
阪口　皓亮,DeNA,岡本　和真,巨人,0.333,4,3,1,0,0,0,1,4,1,0,0,0,1.833,0.5,1.333
笠井　崇正,DeNA,岡本　和真,巨人,0.5,4,4,2,2,0,0,0,2,0,0,0,0,1,0.5,0.5
中川　颯,DeNA,岡本　和真,巨人,0.333,3,3,1,0,0,0,1,4,0,0,0,0,1.666,0.333,1.333
宮城　滝太,DeNA,岡本　和真,巨人,0.333,3,3,1,0,0,0,1,4,0,0,0,2,1.666,0.333,1.333
竹田　祐,DeNA,岡本　和真,巨人,0,3,3,0,0,0,0,0,0,0,0,0,0,0,0,0
松本　凌人,DeNA,岡本　和真,巨人,0.5,3,2,1,1,0,0,0,1,1,0,0,0,1.167,0.667,0.5
Ｅ．バリオス,DeNA,岡本　和真,巨人,0,2,2,0,0,0,0,0,0,0,0,0,1,0,0,0
藤岡　好明,DeNA,岡本　和真,巨人,0,2,2,0,0,0,0,0,0,0,0,0,1,0,0,0
三浦　銀二,DeNA,岡本　和真,巨人,1,2,2,2,1,1,0,0,3,0,0,0,0,2.5,1,1.5
Ｍ．ピープルズ,DeNA,岡本　和真,巨人,1,2,2,2,1,1,0,0,3,0,0,0,0,2.5,1,1.5
堀岡　隼人,DeNA,岡本　和真,巨人,0.5,2,2,1,0,1,0,0,2,0,0,0,1,1.5,0.5,1
池谷　蒼大,DeNA,岡本　和真,巨人,0.5,2,2,1,0,0,0,1,4,0,0,0,0,2.5,0.5,2
徳山　壮磨,DeNA,岡本　和真,巨人,0,1,1,0,0,0,0,0,0,0,0,0,0,0,0,0
藤浪　晋太郎,DeNA,岡本　和真,巨人,1,1,1,1,1,0,0,0,1,0,0,0,0,2,1,1
赤間　謙,DeNA,岡本　和真,巨人,0,1,1,0,0,0,0,0,0,0,0,0,0,0,0,0
進藤　拓也,DeNA,岡本　和真,巨人,0,1,1,0,0,0,0,0,0,0,0,0,0,0,0,0
濱矢　廣大,DeNA,岡本　和真,巨人,0,1,0,0,0,0,0,0,0,1,0,0,0,1,1,0
齋藤　俊介,DeNA,岡本　和真,巨人,0,1,0,0,0,0,0,0,0,1,0,0,0,1,1,0
須田　幸太,DeNA,岡本　和真,巨人,0,1,1,0,0,0,0,0,0,0,0,0,0,0,0,0
Ｂ．クリスキー,DeNA,岡本　和真,巨人,0,1,1,0,0,0,0,0,0,0,0,0,1,0,0,0
風張　蓮,DeNA,岡本　和真,巨人,0,1,1,0,0,0,0,0,0,0,0,0,0,0,0,0
西　勇輝,阪神,岡本　和真,巨人,0.2,81,70,14,10,3,0,1,20,9,1,0,14,0.582,0.296,0.286
才木　浩人,阪神,岡本　和真,巨人,0.235,56,51,12,7,3,0,2,21,4,1,0,11,0.716,0.304,0.412
青柳　晃洋,阪神,岡本　和真,巨人,0.267,50,45,12,7,1,0,4,25,2,2,0,9,0.876,0.32,0.556
髙橋　遥人,阪神,岡本　和真,巨人,0.295,48,44,13,6,4,0,3,26,4,0,0,12,0.945,0.354,0.591
伊藤　将司,阪神,岡本　和真,巨人,0.139,38,36,5,5,0,0,0,5,1,0,0,8,0.297,0.158,0.139
岩崎　優,阪神,岡本　和真,巨人,0.2,35,30,6,4,1,0,1,10,5,0,0,3,0.647,0.314,0.333
秋山　拓巳,阪神,岡本　和真,巨人,0.233,32,30,7,5,1,0,1,11,2,0,0,7,0.648,0.281,0.367
岩貞　祐太,阪神,岡本　和真,巨人,0.346,31,26,9,5,4,0,0,13,4,1,0,5,0.952,0.452,0.5
藤浪　晋太郎,阪神,岡本　和真,巨人,0.476,25,21,10,7,2,0,1,15,4,0,0,6,1.274,0.56,0.714
Ｏ．ガルシア,阪神,岡本　和真,巨人,0.4,21,20,8,4,2,0,2,16,1,0,0,0,1.229,0.429,0.8
Ｒ．メッセンジャー,阪神,岡本　和真,巨人,0.105,20,19,2,1,0,0,1,5,1,0,0,4,0.413,0.15,0.263
西　純矢,阪神,岡本　和真,巨人,0.333,18,15,5,2,1,0,2,12,3,0,0,1,1.244,0.444,0.8
村上　頌樹,阪神,岡本　和真,巨人,0.067,17,15,1,0,1,0,0,2,2,0,0,2,0.309,0.176,0.133
石井　大智,阪神,岡本　和真,巨人,0.267,17,15,4,2,0,0,2,10,2,0,0,4,1.02,0.353,0.667
Ｊ．ガンケル,阪神,岡本　和真,巨人,0.188,17,16,3,2,0,0,1,6,1,0,0,2,0.61,0.235,0.375
大竹　耕太郎,阪神,岡本　和真,巨人,0.5,15,14,7,4,2,0,1,12,1,0,0,1,1.39,0.533,0.857
浜地　真澄,阪神,岡本　和真,巨人,0.417,13,12,5,2,0,0,3,14,1,0,0,2,1.629,0.462,1.167
Ｊ．ビーズリー,阪神,岡本　和真,巨人,0.077,13,13,1,1,0,0,0,1,0,0,0,6,0.154,0.077,0.077
Ａ．ウィルカーソン,阪神,岡本　和真,巨人,0.167,12,12,2,2,0,0,0,2,0,0,0,1,0.334,0.167,0.167
小野　泰己,阪神,岡本　和真,巨人,0.5,12,8,4,2,0,0,2,10,3,0,0,0,1.833,0.583,1.25
望月　惇志,阪神,岡本　和真,巨人,0.5,12,8,4,2,0,0,2,10,4,0,0,1,1.917,0.667,1.25
藤川　球児,阪神,岡本　和真,巨人,0.111,11,9,1,0,0,0,1,4,2,0,0,2,0.717,0.273,0.444
及川　雅貴,阪神,岡本　和真,巨人,0.286,10,7,2,1,1,0,0,3,3,0,0,2,0.929,0.5,0.429
桐敷　拓馬,阪神,岡本　和真,巨人,0.375,10,8,3,3,0,0,0,3,2,0,0,4,0.875,0.5,0.375
桑原　謙太朗,阪神,岡本　和真,巨人,0.286,8,7,2,1,0,0,1,5,1,0,0,3,1.089,0.375,0.714
Ｐ．ジョンソン,阪神,岡本　和真,巨人,0.125,8,8,1,1,0,0,0,1,0,0,0,3,0.25,0.125,0.125
Ｒ．アルカンタラ,阪神,岡本　和真,巨人,0.429,8,7,3,1,1,0,1,7,1,0,0,0,1.5,0.5,1
小川　一平,阪神,岡本　和真,巨人,0.125,8,8,1,1,0,0,0,1,0,0,0,1,0.25,0.125,0.125
馬場　皐輔,阪神,岡本　和真,巨人,0.125,8,8,1,0,1,0,0,2,0,0,0,3,0.375,0.125,0.25
Ｊ．ゲラ,阪神,岡本　和真,巨人,0.375,8,8,3,1,1,0,1,7,0,0,0,2,1.25,0.375,0.875
能見　篤史,阪神,岡本　和真,巨人,0.143,8,7,1,1,0,0,0,1,0,0,0,1,0.268,0.125,0.143
Ｋ．ケラー,阪神,岡本　和真,巨人,0.333,7,6,2,1,1,0,0,3,1,0,0,0,0.929,0.429,0.5
岩田　稔,阪神,岡本　和真,巨人,0.2,7,5,1,0,1,0,0,2,2,0,0,1,0.829,0.429,0.4
加治屋　蓮,阪神,岡本　和真,巨人,0.167,7,6,1,0,1,0,0,2,0,1,0,2,0.619,0.286,0.333
Ｒ．ドリス,阪神,岡本　和真,巨人,0.143,7,7,1,1,0,0,0,1,0,0,0,2,0.286,0.143,0.143
岡留　英貴,阪神,岡本　和真,巨人,0.167,6,6,1,1,0,0,0,1,0,0,0,1,0.334,0.167,0.167
守屋　功輝,阪神,岡本　和真,巨人,0.5,5,4,2,2,0,0,0,2,1,0,0,1,1.1,0.6,0.5
門別　啓人,阪神,岡本　和真,巨人,0.5,5,4,2,1,0,0,1,5,1,0,0,1,1.85,0.6,1.25
富田　蓮,阪神,岡本　和真,巨人,0.4,5,5,2,1,0,1,0,4,0,0,0,0,1.2,0.4,0.8
島本　浩也,阪神,岡本　和真,巨人,0.25,5,4,1,1,0,0,0,1,1,0,0,0,0.65,0.4,0.25
Ｒ．スアレス,阪神,岡本　和真,巨人,0.25,5,4,1,1,0,0,0,1,1,0,0,1,0.65,0.4,0.25
岡本　洋介,阪神,岡本　和真,巨人,0.333,5,3,1,1,0,0,0,1,2,0,0,1,0.933,0.6,0.333
湯浅　京己,阪神,岡本　和真,巨人,0.4,5,5,2,1,1,0,0,3,0,0,0,0,1,0.4,0.6
飯田　優也,阪神,岡本　和真,巨人,0.8,5,5,4,2,1,0,1,8,0,0,0,1,2.4,0.8,1.6
谷川　昌希,阪神,岡本　和真,巨人,0.333,4,3,1,1,0,0,0,1,0,1,0,1,0.833,0.5,0.333
齋藤　友貴哉,阪神,岡本　和真,巨人,0,4,2,0,0,0,0,0,0,1,0,0,1,0.25,0.25,0
伊原　陵人,阪神,岡本　和真,巨人,0,3,3,0,0,0,0,0,0,0,0,0,1,0,0,0
漆原　大晟,阪神,岡本　和真,巨人,0.333,3,3,1,1,0,0,0,1,0,0,0,0,0.666,0.333,0.333
石崎　剛,阪神,岡本　和真,巨人,0,3,3,0,0,0,0,0,0,0,0,0,2,0,0,0
Ｊ．デュプランティエ,阪神,岡本　和真,巨人,0,2,1,0,0,0,0,0,0,0,0,0,0,0,0,0
Ｍ．マテオ,阪神,岡本　和真,巨人,0.5,2,2,1,1,0,0,0,1,0,0,0,1,1,0.5,0.5
Ｃ．ブルワー,阪神,岡本　和真,巨人,0,2,2,0,0,0,0,0,0,0,0,0,1,0,0,0
高野　圭佑,阪神,岡本　和真,巨人,1,2,1,1,1,0,0,0,1,0,1,0,0,2,1,1
髙橋　聡文,阪神,岡本　和真,巨人,0.5,2,2,1,1,0,0,0,1,0,0,0,0,1,0.5,0.5
畠　世周,阪神,岡本　和真,巨人,0,1,1,0,0,0,0,0,0,0,0,0,0,0,0,0
Ｎ．ネルソン,阪神,岡本　和真,巨人,1,1,1,1,0,1,0,0,2,0,0,0,0,3,1,2
横山　雄哉,阪神,岡本　和真,巨人,0,1,1,0,0,0,0,0,0,0,0,0,0,0,0,0
Ｊ．エドワーズ,阪神,岡本　和真,巨人,0,1,1,0,0,0,0,0,0,0,0,0,1,0,0,0
Ｄ．モレノ,阪神,岡本　和真,巨人,1,1,1,1,1,0,0,0,1,0,0,0,0,2,1,1
大瀬良　大地,広島,岡本　和真,巨人,0.346,84,78,27,15,4,0,8,55,6,0,0,15,1.098,0.393,0.705
九里　亜蓮,広島,岡本　和真,巨人,0.269,82,67,18,11,2,0,5,35,12,2,0,12,0.912,0.39,0.522
床田　寛樹,広島,岡本　和真,巨人,0.266,68,64,17,15,2,0,0,19,4,0,0,8,0.606,0.309,0.297
森下　暢仁,広島,岡本　和真,巨人,0.264,60,53,14,9,2,0,3,25,7,0,0,14,0.822,0.35,0.472
遠藤　淳志,広島,岡本　和真,巨人,0.154,44,39,6,4,0,0,2,12,5,0,0,8,0.558,0.25,0.308
野村　祐輔,広島,岡本　和真,巨人,0.282,42,39,11,4,3,0,4,26,2,1,0,7,1,0.333,0.667
Ｋ．ジョンソン,広島,岡本　和真,巨人,0.207,33,29,6,4,1,0,1,10,3,1,0,6,0.648,0.303,0.345
島内　颯太郎,広島,岡本　和真,巨人,0.267,32,30,8,6,1,0,1,12,1,0,0,3,0.681,0.281,0.4
玉村　昇悟,広島,岡本　和真,巨人,0.481,29,27,13,6,5,0,2,24,2,0,0,2,1.406,0.517,0.889
アドゥワ　誠,広島,岡本　和真,巨人,0.273,25,22,6,5,0,0,1,9,3,0,0,7,0.769,0.36,0.409
中﨑　翔太,広島,岡本　和真,巨人,0.353,19,17,6,5,1,0,0,7,1,0,0,2,0.78,0.368,0.412
Ｇ．フランスア,広島,岡本　和真,巨人,0.214,18,14,3,2,0,0,1,6,4,0,0,7,0.818,0.389,0.429
高橋　昂也,広島,岡本　和真,巨人,0.214,15,14,3,2,1,0,0,4,1,0,0,5,0.553,0.267,0.286
塹江　敦哉,広島,岡本　和真,巨人,0.4,15,10,4,2,1,0,1,8,5,0,0,1,1.4,0.6,0.8
森浦　大輔,広島,岡本　和真,巨人,0.231,15,13,3,2,0,0,1,6,2,0,0,0,0.795,0.333,0.462
栗林　良吏,広島,岡本　和真,巨人,0.385,15,13,5,4,1,0,0,6,2,0,0,2,0.929,0.467,0.462
拓也 （矢崎　拓也）,広島,岡本　和真,巨人,0.583,13,12,7,5,1,0,1,11,1,0,0,1,1.532,0.615,0.917
岡田　明丈,広島,岡本　和真,巨人,0.417,13,12,5,2,2,0,1,10,1,0,0,1,1.295,0.462,0.833
一岡　竜司,広島,岡本　和真,巨人,0.091,13,11,1,1,0,0,0,1,2,0,0,3,0.322,0.231,0.091
ケムナ　誠,広島,岡本　和真,巨人,0.3,12,10,3,2,0,0,1,6,2,0,0,2,1.017,0.417,0.6
大道　温貴,広島,岡本　和真,巨人,0.3,12,10,3,1,2,0,0,5,1,1,0,3,0.917,0.417,0.5
森　翔平,広島,岡本　和真,巨人,0.2,12,10,2,0,1,0,1,6,2,0,0,0,0.933,0.333,0.6
Ｒ．コルニエル,広島,岡本　和真,巨人,0.375,10,8,3,0,1,0,2,10,1,1,0,2,1.75,0.5,1.25
Ｄ．アンダーソン,広島,岡本　和真,巨人,0,9,8,0,0,0,0,0,0,1,0,0,2,0.111,0.111,0
薮田　和樹,広島,岡本　和真,巨人,0,8,5,0,0,0,0,0,0,3,0,0,2,0.375,0.375,0
菊池　保則,広島,岡本　和真,巨人,0.125,8,8,1,0,0,0,1,4,0,0,0,2,0.625,0.125,0.5
中村　祐太,広島,岡本　和真,巨人,0.333,8,6,2,2,0,0,0,2,2,0,0,0,0.833,0.5,0.333
松本　竜也,広島,岡本　和真,巨人,0.333,7,6,2,1,1,0,0,3,1,0,0,1,0.929,0.429,0.5
今村　猛,広島,岡本　和真,巨人,0.333,7,6,2,1,0,0,1,5,0,0,0,2,1.119,0.286,0.833
Ｊ．ジャクソン,広島,岡本　和真,巨人,0.4,6,5,2,1,0,0,1,5,1,0,0,1,1.5,0.5,1
Ｎ．ターリー,広島,岡本　和真,巨人,0.5,6,6,3,3,0,0,0,3,0,0,0,1,1,0.5,0.5
髙　太一,広島,岡本　和真,巨人,0.25,6,4,1,0,1,0,0,2,2,0,0,0,1,0.5,0.5
Ｋ．レグナルト,広島,岡本　和真,巨人,0.167,6,6,1,1,0,0,0,1,0,0,0,2,0.334,0.167,0.167
黒原　拓未,広島,岡本　和真,巨人,0.2,5,5,1,0,1,0,0,2,0,0,0,1,0.6,0.2,0.4
中村　恭平,広島,岡本　和真,巨人,0.5,5,4,2,2,0,0,0,2,0,1,0,1,1.1,0.6,0.5
Ｔ．ハーン,広島,岡本　和真,巨人,0.2,5,5,1,0,0,0,1,4,0,0,0,1,1,0.2,0.8
河野　佳,広島,岡本　和真,巨人,0.25,4,4,1,0,0,0,1,4,0,0,0,0,1.25,0.25,1
Ｔ．スコット,広島,岡本　和真,巨人,0,4,3,0,0,0,0,0,0,1,0,0,1,0.25,0.25,0
中田　廉,広島,岡本　和真,巨人,0,4,2,0,0,0,0,0,0,2,0,0,0,0.5,0.5,0
戸田　隆矢,広島,岡本　和真,巨人,0.667,3,3,2,1,1,0,0,3,0,0,0,0,1.667,0.667,1
岡本　駿,広島,岡本　和真,巨人,0,3,3,0,0,0,0,0,0,0,0,0,0,0,0,0
永川　勝浩,広島,岡本　和真,巨人,0,3,3,0,0,0,0,0,0,0,0,0,0,0,0,0
Ｔ．ハッチ,広島,岡本　和真,巨人,0,3,3,0,0,0,0,0,0,0,0,0,1,0,0,0
福井　優也,広島,岡本　和真,巨人,0.333,3,3,1,1,0,0,0,1,0,0,0,1,0.666,0.333,0.333
高橋　樹也,広島,岡本　和真,巨人,0.5,2,2,1,0,1,0,0,2,0,0,0,0,1.5,0.5,1
Ｋ．バード,広島,岡本　和真,巨人,0,2,1,0,0,0,0,0,0,1,0,0,1,0.5,0.5,0
Ｊ．ドミンゲス,広島,岡本　和真,巨人,0.5,2,2,1,0,0,0,1,4,0,0,0,0,2.5,0.5,2
Ｅ．モンティージャ,広島,岡本　和真,巨人,0,2,1,0,0,0,0,0,0,1,0,0,1,0.5,0.5,0
戸根　千明,広島,岡本　和真,巨人,0,1,0,0,0,0,0,0,0,1,0,0,0,1,1,0
Ｄ．Ｊ．ジョンソン,広島,岡本　和真,巨人,0,1,1,0,0,0,0,0,0,0,0,0,0,0,0,0
長谷部　銀次,広島,岡本　和真,巨人,0,1,1,0,0,0,0,0,0,0,0,0,0,0,0,0
鈴木　健矢,広島,岡本　和真,巨人,0,1,1,0,0,0,0,0,0,0,0,0,0,0,0,0
長井　良太,広島,岡本　和真,巨人,1,1,1,1,0,0,0,1,4,0,0,0,0,5,1,4
Ｌ．カンポス,広島,岡本　和真,巨人,1,1,1,1,1,0,0,0,1,0,0,0,0,2,1,1
益田　武尚,広島,岡本　和真,巨人,0,1,1,0,0,0,0,0,0,0,0,0,0,0,0,0
大野　雄大,中日,岡本　和真,巨人,0.203,82,74,15,6,6,1,2,29,7,0,0,12,0.66,0.268,0.392
柳　裕也,中日,岡本　和真,巨人,0.29,76,69,20,16,0,0,4,32,6,1,0,18,0.819,0.355,0.464
小笠原　慎之介,中日,岡本　和真,巨人,0.286,73,63,18,15,1,0,2,25,8,0,0,8,0.753,0.356,0.397
髙橋　宏斗,中日,岡本　和真,巨人,0.071,39,28,2,1,0,0,1,5,9,2,0,16,0.512,0.333,0.179
祖父江　大輔,中日,岡本　和真,巨人,0.207,34,29,6,4,1,0,1,10,3,2,0,2,0.669,0.324,0.345
勝野　昌慶,中日,岡本　和真,巨人,0.313,33,32,10,4,5,0,1,18,1,0,0,7,0.896,0.333,0.563
松葉　貴大,中日,岡本　和真,巨人,0.222,31,27,6,3,3,0,0,9,3,1,0,5,0.656,0.323,0.333
Ｒ．マルティネス,中日,岡本　和真,巨人,0.25,28,28,7,6,1,0,0,8,0,0,0,8,0.536,0.25,0.286
清水　達也,中日,岡本　和真,巨人,0.217,27,23,5,4,0,0,1,8,4,0,0,7,0.681,0.333,0.348
福谷　浩司,中日,岡本　和真,巨人,0.375,27,24,9,5,3,0,1,15,3,0,0,3,1.069,0.444,0.625
藤嶋　健人,中日,岡本　和真,巨人,0.25,24,20,5,3,0,0,2,11,4,0,0,2,0.925,0.375,0.55
Ｙ．ロドリゲス,中日,岡本　和真,巨人,0.176,21,17,3,2,0,0,1,6,3,1,0,6,0.686,0.333,0.353
梅津　晃大,中日,岡本　和真,巨人,0.294,19,17,5,3,1,0,1,9,2,0,0,3,0.897,0.368,0.529
谷元　圭介,中日,岡本　和真,巨人,0.214,17,14,3,2,1,0,0,4,3,0,0,4,0.639,0.353,0.286
山井　大介,中日,岡本　和真,巨人,0.077,15,13,1,1,0,0,0,1,2,0,0,2,0.277,0.2,0.077
吉見　一起,中日,岡本　和真,巨人,0,15,15,0,0,0,0,0,0,0,0,0,1,0,0,0
涌井　秀章,中日,岡本　和真,巨人,0.2,14,10,2,1,0,0,1,5,3,1,0,2,0.929,0.429,0.5
山本　拓実,中日,岡本　和真,巨人,0.308,14,13,4,1,2,0,1,9,1,0,0,3,1.049,0.357,0.692
田島　慎二,中日,岡本　和真,巨人,0.167,12,12,2,1,0,0,1,5,0,0,0,3,0.584,0.167,0.417
Ｏ．ガルシア,中日,岡本　和真,巨人,0.1,12,10,1,1,0,0,0,1,2,0,0,2,0.35,0.25,0.1
又吉　克樹,中日,岡本　和真,巨人,0.4,11,10,4,4,0,0,0,4,1,0,0,3,0.855,0.455,0.4
Ｅ．ロメロ,中日,岡本　和真,巨人,0.3,11,10,3,2,1,0,0,4,1,0,0,0,0.764,0.364,0.4
博志 （鈴木　博志）,中日,岡本　和真,巨人,0.222,10,9,2,2,0,0,0,2,1,0,0,1,0.522,0.3,0.222
松山　晋也,中日,岡本　和真,巨人,0.375,9,8,3,2,1,0,0,4,1,0,0,1,0.944,0.444,0.5
笠原　祥太郎,中日,岡本　和真,巨人,0.667,9,6,4,3,0,0,1,7,3,0,0,0,1.945,0.778,1.167
福　敬登,中日,岡本　和真,巨人,0.125,9,8,1,0,1,0,0,2,1,0,0,3,0.472,0.222,0.25
Ｈ．メヒア,中日,岡本　和真,巨人,0.143,8,7,1,0,1,0,0,2,1,0,0,1,0.536,0.25,0.286
Ｋ．マラー,中日,岡本　和真,巨人,0.714,7,7,5,3,0,0,2,11,0,0,0,1,2.285,0.714,1.571
三ツ間　卓也,中日,岡本　和真,巨人,0.5,7,6,3,0,1,0,2,10,1,0,0,0,2.238,0.571,1.667
Ｊ．ロドリゲス,中日,岡本　和真,巨人,0.2,6,5,1,1,0,0,0,1,1,0,0,3,0.533,0.333,0.2
松坂　大輔,中日,岡本　和真,巨人,0.5,6,6,3,0,2,0,1,8,0,0,0,1,1.833,0.5,1.333
岡野　祐一郎,中日,岡本　和真,巨人,0.167,6,6,1,0,1,0,0,2,0,0,0,2,0.5,0.167,0.333
佐藤　優,中日,岡本　和真,巨人,0.2,6,5,1,0,1,0,0,2,1,0,0,1,0.733,0.333,0.4
仲地　礼亜,中日,岡本　和真,巨人,0.2,5,5,1,0,0,0,1,4,0,0,0,1,1,0.2,0.8
上田　洸太朗,中日,岡本　和真,巨人,0,5,3,0,0,0,0,0,0,2,0,0,1,0.4,0.4,0
小熊　凌祐,中日,岡本　和真,巨人,0.25,5,4,1,1,0,0,0,1,1,0,0,0,0.65,0.4,0.25
齋藤　綱記,中日,岡本　和真,巨人,0,5,5,0,0,0,0,0,0,0,0,0,3,0,0,0
Ｍ．フェリス,中日,岡本　和真,巨人,0,5,5,0,0,0,0,0,0,0,0,0,0,0,0,0
根尾　昂,中日,岡本　和真,巨人,0,5,4,0,0,0,0,0,0,1,0,0,2,0.2,0.2,0
橋本　侑樹,中日,岡本　和真,巨人,0,4,3,0,0,0,0,0,0,1,0,0,0,0.25,0.25,0
岡田　俊哉,中日,岡本　和真,巨人,0,4,4,0,0,0,0,0,0,0,0,0,0,0,0,0
木下　雄介,中日,岡本　和真,巨人,0.667,4,3,2,1,1,0,0,3,1,0,0,1,1.75,0.75,1
松木平　優太,中日,岡本　和真,巨人,0.5,3,2,1,0,0,0,1,4,1,0,0,0,2.667,0.667,2
Ｒ．バルデス,中日,岡本　和真,巨人,0,3,2,0,0,0,0,0,0,1,0,0,0,0.333,0.333,0
浅尾　拓也,中日,岡本　和真,巨人,0.333,3,3,1,0,0,0,1,4,0,0,0,1,1.666,0.333,1.333
伊藤　準規,中日,岡本　和真,巨人,1,2,1,1,0,1,0,0,2,1,0,0,0,3,1,2
伊藤　茉央,中日,岡本　和真,巨人,0,2,1,0,0,0,0,0,0,1,0,0,0,0.5,0.5,0
Ｌ．ゴンサレス,中日,岡本　和真,巨人,0,2,1,0,0,0,0,0,0,1,0,0,0,0.5,0.5,0
草加　勝,中日,岡本　和真,巨人,0,2,2,0,0,0,0,0,0,0,0,0,0,0,0,0
濱田　達郎,中日,岡本　和真,巨人,0,2,2,0,0,0,0,0,0,0,0,0,0,0,0,0
森　博人,中日,岡本　和真,巨人,0,2,2,0,0,0,0,0,0,0,0,0,1,0,0,0
Ｙ．マルテ,中日,岡本　和真,巨人,0,1,1,0,0,0,0,0,0,0,0,0,0,0,0,0
岩嵜　翔,中日,岡本　和真,巨人,0,1,1,0,0,0,0,0,0,0,0,0,0,0,0,0
近藤　廉,中日,岡本　和真,巨人,0,1,1,0,0,0,0,0,0,0,0,0,1,0,0,0
Ｎ．ウォルターズ,中日,岡本　和真,巨人,0,1,1,0,0,0,0,0,0,0,0,0,1,0,0,0
砂田　毅樹,中日,岡本　和真,巨人,0,1,1,0,0,0,0,0,0,0,0,0,0,0,0,0
梅野　雄吾,中日,岡本　和真,巨人,0,1,0,0,0,0,0,0,0,0,1,0,0,1,1,0
マルク （石田　健人マルク）,中日,岡本　和真,巨人,0,1,0,0,0,0,0,0,0,1,0,0,0,1,1,0
石川　柊太,ソフトバンク,岡本　和真,巨人,0.222,12,9,2,1,0,0,1,5,2,1,0,2,0.973,0.417,0.556
和田　毅,ソフトバンク,岡本　和真,巨人,0.429,7,7,3,0,0,0,3,12,0,0,0,1,2.143,0.429,1.714
東浜　巨,ソフトバンク,岡本　和真,巨人,0.333,6,6,2,1,0,0,1,5,0,0,0,2,1.166,0.333,0.833
武田　翔太,ソフトバンク,岡本　和真,巨人,0.5,5,4,2,1,1,0,0,3,0,0,0,0,1.15,0.4,0.75
有原　航平,ソフトバンク,岡本　和真,巨人,0,3,2,0,0,0,0,0,0,1,0,0,1,0.333,0.333,0
大関　友久,ソフトバンク,岡本　和真,巨人,0,3,3,0,0,0,0,0,0,0,0,0,0,0,0,0
嘉弥真　新也,ソフトバンク,岡本　和真,巨人,0.333,3,3,1,1,0,0,0,1,0,0,0,1,0.666,0.333,0.333
Ｎ．マルティネス,ソフトバンク,岡本　和真,巨人,0.333,3,3,1,1,0,0,0,1,0,0,0,0,0.666,0.333,0.333
攝津　正,ソフトバンク,岡本　和真,巨人,0.5,3,2,1,0,0,0,1,4,1,0,0,0,2.667,0.667,2
千賀　滉大,ソフトバンク,岡本　和真,巨人,0,3,3,0,0,0,0,0,0,0,0,0,0,0,0,0
高橋　礼,ソフトバンク,岡本　和真,巨人,0.5,2,2,1,0,1,0,0,2,0,0,0,0,1.5,0.5,1
藤井　皓哉,ソフトバンク,岡本　和真,巨人,0,2,2,0,0,0,0,0,0,0,0,0,1,0,0,0
松本　裕樹,ソフトバンク,岡本　和真,巨人,0,2,2,0,0,0,0,0,0,0,0,0,1,0,0,0
Ｌ．モイネロ,ソフトバンク,岡本　和真,巨人,0,2,2,0,0,0,0,0,0,0,0,0,0,0,0,0
津森　宥紀,ソフトバンク,岡本　和真,巨人,0,2,1,0,0,0,0,0,0,1,0,0,0,0.5,0.5,0
甲斐野　央,ソフトバンク,岡本　和真,巨人,0.5,2,2,1,0,0,0,1,4,0,0,0,0,2.5,0.5,2
Ｃ．レイ,ソフトバンク,岡本　和真,巨人,0.5,2,2,1,1,0,0,0,1,0,0,0,1,1,0.5,0.5
加治屋　蓮,ソフトバンク,岡本　和真,巨人,0.5,2,2,1,1,0,0,0,1,0,0,0,1,1,0.5,0.5
寺原　隼人,ソフトバンク,岡本　和真,巨人,0,2,1,0,0,0,0,0,0,1,0,0,1,0.5,0.5,0
杉山　一樹,ソフトバンク,岡本　和真,巨人,0,1,1,0,0,0,0,0,0,0,0,0,0,0,0,0
松本　晴,ソフトバンク,岡本　和真,巨人,0,1,0,0,0,0,0,0,0,1,0,0,0,1,1,0
椎野　新,ソフトバンク,岡本　和真,巨人,0,1,1,0,0,0,0,0,0,0,0,0,1,0,0,0
又吉　克樹,ソフトバンク,岡本　和真,巨人,0,1,0,0,0,0,0,0,0,1,0,0,0,1,1,0
岡本　健,ソフトバンク,岡本　和真,巨人,0,1,1,0,0,0,0,0,0,0,0,0,0,0,0,0
Ｒ．オスナ,ソフトバンク,岡本　和真,巨人,0,1,0,0,0,0,0,0,0,1,0,0,0,1,1,0
泉　圭輔,ソフトバンク,岡本　和真,巨人,0,1,1,0,0,0,0,0,0,0,0,0,1,0,0,0
尾形　崇斗,ソフトバンク,岡本　和真,巨人,0,1,1,0,0,0,0,0,0,0,0,0,0,0,0,0
板東　湧梧,ソフトバンク,岡本　和真,巨人,0,1,1,0,0,0,0,0,0,0,0,0,0,0,0,0
伊藤　大海,日本ハム,岡本　和真,巨人,0,6,6,0,0,0,0,0,0,0,0,0,2,0,0,0
上沢　直之,日本ハム,岡本　和真,巨人,0,6,6,0,0,0,0,0,0,0,0,0,2,0,0,0
杉浦　稔大,日本ハム,岡本　和真,巨人,0.2,5,5,1,1,0,0,0,1,0,0,0,2,0.4,0.2,0.2
有原　航平,日本ハム,岡本　和真,巨人,0.25,4,4,1,1,0,0,0,1,0,0,0,1,0.5,0.25,0.25
玉井　大翔,日本ハム,岡本　和真,巨人,0.25,4,4,1,0,1,0,0,2,0,0,0,2,0.75,0.25,0.5
金村　尚真,日本ハム,岡本　和真,巨人,0.5,4,4,2,1,0,0,1,5,0,0,0,1,1.75,0.5,1.25
池田　隆英,日本ハム,岡本　和真,巨人,0.333,4,3,1,1,0,0,0,1,1,0,0,0,0.833,0.5,0.333
Ｎ．マルティネス,日本ハム,岡本　和真,巨人,0.25,4,4,1,1,0,0,0,1,0,0,0,2,0.5,0.25,0.25
Ｂ．ロドリゲス,日本ハム,岡本　和真,巨人,0,3,3,0,0,0,0,0,0,0,0,0,2,0,0,0
加藤　貴之,日本ハム,岡本　和真,巨人,0.333,3,3,1,0,0,0,1,4,0,0,0,0,1.666,0.333,1.333
鈴木　健矢,日本ハム,岡本　和真,巨人,0,3,2,0,0,0,0,0,0,1,0,0,1,0.333,0.333,0
北山　亘基,日本ハム,岡本　和真,巨人,0.667,3,3,2,1,0,0,1,5,0,0,0,0,2.334,0.667,1.667
村田　透,日本ハム,岡本　和真,巨人,0.333,3,3,1,1,0,0,0,1,0,0,0,0,0.666,0.333,0.333
河野　竜生,日本ハム,岡本　和真,巨人,0,3,2,0,0,0,0,0,0,1,0,0,2,0.333,0.333,0
山﨑　福也,日本ハム,岡本　和真,巨人,0.5,3,2,1,0,1,0,0,2,1,0,0,1,1.667,0.667,1
金子　千尋,日本ハム,岡本　和真,巨人,0,2,1,0,0,0,0,0,0,1,0,0,0,0.5,0.5,0
西村　天裕,日本ハム,岡本　和真,巨人,0.5,2,2,1,0,1,0,0,2,0,0,0,0,1.5,0.5,1
立野　和明,日本ハム,岡本　和真,巨人,0,2,2,0,0,0,0,0,0,0,0,0,1,0,0,0
根本　悠楓,日本ハム,岡本　和真,巨人,0.5,2,2,1,0,0,0,1,4,0,0,0,0,2.5,0.5,2
宮西　尚生,日本ハム,岡本　和真,巨人,0,1,1,0,0,0,0,0,0,0,0,0,0,0,0,0
谷川　昌希,日本ハム,岡本　和真,巨人,0,1,1,0,0,0,0,0,0,0,0,0,0,0,0,0
堀　瑞輝,日本ハム,岡本　和真,巨人,0,1,1,0,0,0,0,0,0,0,0,0,0,0,0,0
生田目　翼,日本ハム,岡本　和真,巨人,0,1,1,0,0,0,0,0,0,0,0,0,0,0,0,0
井口　和朋,日本ハム,岡本　和真,巨人,0,1,1,0,0,0,0,0,0,0,0,0,0,0,0,0
吉田　輝星,日本ハム,岡本　和真,巨人,0,1,1,0,0,0,0,0,0,0,0,0,0,0,0,0
吉田　侑樹,日本ハム,岡本　和真,巨人,1,1,1,1,0,0,0,1,4,0,0,0,0,5,1,4
古川　侑利,日本ハム,岡本　和真,巨人,0,1,0,0,0,0,0,0,0,1,0,0,0,1,1,0
石川　直也,日本ハム,岡本　和真,巨人,1,1,1,1,1,0,0,0,1,0,0,0,0,2,1,1
Ａ．ザバラ,日本ハム,岡本　和真,巨人,0,1,1,0,0,0,0,0,0,0,0,0,0,0,0,0
鍵谷　陽平,日本ハム,岡本　和真,巨人,0,1,1,0,0,0,0,0,0,0,0,0,1,0,0,0
田中　瑛斗,日本ハム,岡本　和真,巨人,0,1,1,0,0,0,0,0,0,0,0,0,0,0,0,0
公文　克彦,日本ハム,岡本　和真,巨人,0,1,1,0,0,0,0,0,0,0,0,0,1,0,0,0
與座　海人,西武,岡本　和真,巨人,0,8,8,0,0,0,0,0,0,0,0,0,0,0,0,0
松本　航,西武,岡本　和真,巨人,0.6,6,5,3,1,1,0,1,7,1,0,0,1,2.067,0.667,1.4
十亀　剣,西武,岡本　和真,巨人,0.25,5,4,1,0,1,0,0,2,1,0,0,0,0.9,0.4,0.5
増田　達至,西武,岡本　和真,巨人,0.333,4,3,1,1,0,0,0,1,1,0,0,1,0.833,0.5,0.333
多和田　真三郎,西武,岡本　和真,巨人,0.667,3,3,2,2,0,0,0,2,0,0,0,1,1.334,0.667,0.667
隅田　知一郎,西武,岡本　和真,巨人,0.667,3,3,2,2,0,0,0,2,0,0,0,0,1.334,0.667,0.667
渡邉　勇太朗,西武,岡本　和真,巨人,0.5,3,2,1,1,0,0,0,1,0,0,0,0,0.833,0.333,0.5
平良　海馬,西武,岡本　和真,巨人,0,3,3,0,0,0,0,0,0,0,0,0,2,0,0,0
ボー・タカハシ,西武,岡本　和真,巨人,0,3,3,0,0,0,0,0,0,0,0,0,2,0,0,0
宮川　哲,西武,岡本　和真,巨人,1,3,2,2,2,0,0,0,2,1,0,0,0,2,1,1
Ｂ．ウルフ,西武,岡本　和真,巨人,0.333,3,3,1,1,0,0,0,1,0,0,0,0,0.666,0.333,0.333
菊池　雄星,西武,岡本　和真,巨人,0.5,3,2,1,1,0,0,0,1,1,0,0,0,1.167,0.667,0.5
髙橋　光成,西武,岡本　和真,巨人,0.5,2,2,1,1,0,0,0,1,0,0,0,0,1,0.5,0.5
粟津　凱士,西武,岡本　和真,巨人,0.5,2,2,1,1,0,0,0,1,0,0,0,0,1,0.5,0.5
平井　克典,西武,岡本　和真,巨人,1,2,1,1,1,0,0,0,1,0,0,0,0,1.5,0.5,1
内海　哲也,西武,岡本　和真,巨人,0.5,2,2,1,0,1,0,0,2,0,0,0,0,1.5,0.5,1
豆田　泰志,西武,岡本　和真,巨人,0.5,2,2,1,0,1,0,0,2,0,0,0,0,1.5,0.5,1
青山　美夏人,西武,岡本　和真,巨人,0,2,1,0,0,0,0,0,0,1,0,0,0,0.5,0.5,0
Ｄ．エンス,西武,岡本　和真,巨人,0.5,2,2,1,0,0,0,1,4,0,0,0,0,2.5,0.5,2
佐藤　隼輔,西武,岡本　和真,巨人,1,2,2,2,1,1,0,0,3,0,0,0,0,2.5,1,1.5
Ｍ．ダーモディ,西武,岡本　和真,巨人,0.5,2,2,1,0,1,0,0,2,0,0,0,0,1.5,0.5,1
郭　俊麟,西武,岡本　和真,巨人,0,2,2,0,0,0,0,0,0,0,0,0,0,0,0,0
佐野　泰雄,西武,岡本　和真,巨人,0,2,2,0,0,0,0,0,0,0,0,0,1,0,0,0
松岡　洸希,西武,岡本　和真,巨人,0,1,1,0,0,0,0,0,0,0,0,0,0,0,0,0
中村　祐太,西武,岡本　和真,巨人,0,1,1,0,0,0,0,0,0,0,0,0,0,0,0,0
Ｎ．ワグナー,西武,岡本　和真,巨人,0,1,0,0,0,0,0,0,0,1,0,0,0,1,1,0
本田　圭佑,西武,岡本　和真,巨人,0,1,1,0,0,0,0,0,0,0,0,0,0,0,0,0
松本　直晃,西武,岡本　和真,巨人,0,1,1,0,0,0,0,0,0,0,0,0,0,0,0,0
田村　伊知郎,西武,岡本　和真,巨人,1,1,1,1,1,0,0,0,1,0,0,0,0,2,1,1
Ｋ．マーティン,西武,岡本　和真,巨人,0,1,1,0,0,0,0,0,0,0,0,0,0,0,0,0
大曲　錬,西武,岡本　和真,巨人,1,1,1,1,1,0,0,0,1,0,0,0,0,2,1,1
佐々木　健,西武,岡本　和真,巨人,0,1,1,0,0,0,0,0,0,0,0,0,0,0,0,0
小川　龍也,西武,岡本　和真,巨人,0,1,1,0,0,0,0,0,0,0,0,0,1,0,0,0
山岡　泰輔,オリックス,岡本　和真,巨人,0.25,12,12,3,1,0,0,2,9,0,0,0,3,1,0.25,0.75
山本　由伸,オリックス,岡本　和真,巨人,0.5,8,8,4,3,0,0,1,7,0,0,0,2,1.375,0.5,0.875
山﨑　福也,オリックス,岡本　和真,巨人,0.2,6,5,1,1,0,0,0,1,0,1,0,1,0.533,0.333,0.2
近藤　大亮,オリックス,岡本　和真,巨人,0,4,2,0,0,0,0,0,0,2,0,0,1,0.5,0.5,0
鈴木　康平,オリックス,岡本　和真,巨人,0,3,2,0,0,0,0,0,0,1,0,0,0,0.333,0.333,0
本田　仁海,オリックス,岡本　和真,巨人,0,3,2,0,0,0,0,0,0,1,0,0,1,0.333,0.333,0
榊原　翼,オリックス,岡本　和真,巨人,0.333,3,3,1,0,0,0,1,4,0,0,0,0,1.666,0.333,1.333
田嶋　大樹,オリックス,岡本　和真,巨人,0.333,3,3,1,1,0,0,0,1,0,0,0,2,0.666,0.333,0.333
Ｂ．ディクソン,オリックス,岡本　和真,巨人,0,3,3,0,0,0,0,0,0,0,0,0,1,0,0,0
東　晃平,オリックス,岡本　和真,巨人,0,3,3,0,0,0,0,0,0,0,0,0,0,0,0,0
宮城　大弥,オリックス,岡本　和真,巨人,0.333,3,3,1,0,0,0,1,4,0,0,0,2,1.666,0.333,1.333
Ｊ．ワゲスパック,オリックス,岡本　和真,巨人,0.5,2,2,1,0,0,0,1,4,0,0,0,0,2.5,0.5,2
比嘉　幹貴,オリックス,岡本　和真,巨人,0,2,2,0,0,0,0,0,0,0,0,0,0,0,0,0
齋藤　響介,オリックス,岡本　和真,巨人,0,2,1,0,0,0,0,0,0,0,1,0,1,0.5,0.5,0
漆原　大晟,オリックス,岡本　和真,巨人,0,2,1,0,0,0,0,0,0,1,0,0,0,0.5,0.5,0
曽谷　龍平,オリックス,岡本　和真,巨人,1,2,2,2,2,0,0,0,2,0,0,0,0,2,1,1
佐藤　一磨,オリックス,岡本　和真,巨人,0,2,2,0,0,0,0,0,0,0,0,0,0,0,0,0
山﨑　颯一郎,オリックス,岡本　和真,巨人,0.5,2,2,1,1,0,0,0,1,0,0,0,1,1,0.5,0.5
Ｊ．ビドル,オリックス,岡本　和真,巨人,1,1,1,1,1,0,0,0,1,0,0,0,0,2,1,1
博志 （鈴木　博志）,オリックス,岡本　和真,巨人,0,1,0,0,0,0,0,0,0,1,0,0,0,1,1,0
井口　和朋,オリックス,岡本　和真,巨人,0,1,1,0,0,0,0,0,0,0,0,0,1,0,0,0
吉田　一将,オリックス,岡本　和真,巨人,0,1,0,0,0,0,0,0,0,1,0,0,0,1,1,0
平野　佳寿,オリックス,岡本　和真,巨人,0,1,1,0,0,0,0,0,0,0,0,0,0,0,0,0
Ｔ．エップラー,オリックス,岡本　和真,巨人,0,1,1,0,0,0,0,0,0,0,0,0,1,0,0,0
Ａ．マチャド,オリックス,岡本　和真,巨人,0,1,1,0,0,0,0,0,0,0,0,0,1,0,0,0
古田島　成龍,オリックス,岡本　和真,巨人,0,1,1,0,0,0,0,0,0,0,0,0,0,0,0,0
増井　浩俊,オリックス,岡本　和真,巨人,0,1,1,0,0,0,0,0,0,0,0,0,0,0,0,0
澤田　圭佑,オリックス,岡本　和真,巨人,0,1,1,0,0,0,0,0,0,0,0,0,0,0,0,0
黒木　優太,オリックス,岡本　和真,巨人,0,1,1,0,0,0,0,0,0,0,0,0,1,0,0,0
西野　勇士,ロッテ,岡本　和真,巨人,0.571,8,7,4,2,2,0,0,6,1,0,0,1,1.482,0.625,0.857
本前　郁也,ロッテ,岡本　和真,巨人,0.333,6,6,2,1,0,0,1,5,0,0,0,0,1.166,0.333,0.833
小島　和哉,ロッテ,岡本　和真,巨人,0.2,5,5,1,1,0,0,0,1,0,0,0,1,0.4,0.2,0.2
種市　篤暉,ロッテ,岡本　和真,巨人,0,4,4,0,0,0,0,0,0,0,0,0,3,0,0,0
涌井　秀章,ロッテ,岡本　和真,巨人,0,4,4,0,0,0,0,0,0,0,0,0,0,0,0,0
益田　直也,ロッテ,岡本　和真,巨人,0.5,4,2,1,0,0,0,1,4,2,0,0,1,2.75,0.75,2
Ｍ．ボルシンガー,ロッテ,岡本　和真,巨人,0,4,4,0,0,0,0,0,0,0,0,0,0,0,0,0
酒居　知史,ロッテ,岡本　和真,巨人,0.333,3,3,1,1,0,0,0,1,0,0,0,0,0.666,0.333,0.333
土肥　星也,ロッテ,岡本　和真,巨人,0,3,2,0,0,0,0,0,0,1,0,0,0,0.333,0.333,0
二木　康太,ロッテ,岡本　和真,巨人,0.333,3,3,1,1,0,0,0,1,0,0,0,2,0.666,0.333,0.333
Ｃ．Ｃ．メルセデス,ロッテ,岡本　和真,巨人,1,3,2,2,1,0,0,1,5,1,0,0,0,3.5,1,2.5
佐々木　朗希,ロッテ,岡本　和真,巨人,0.333,3,3,1,0,0,0,1,4,0,0,0,1,1.666,0.333,1.333
佐藤　奨真,ロッテ,岡本　和真,巨人,0,3,2,0,0,0,0,0,0,1,0,0,0,0.333,0.333,0
中村　稔弥,ロッテ,岡本　和真,巨人,0,2,1,0,0,0,0,0,0,1,0,0,0,0.5,0.5,0
Ｌ．カスティーヨ,ロッテ,岡本　和真,巨人,1,2,2,2,0,1,0,1,6,0,0,0,0,4,1,3
石川　歩,ロッテ,岡本　和真,巨人,0,2,2,0,0,0,0,0,0,0,0,0,0,0,0,0
二保　旭,ロッテ,岡本　和真,巨人,1,2,2,2,1,1,0,0,3,0,0,0,0,2.5,1,1.5
美馬　学,ロッテ,岡本　和真,巨人,1,2,2,2,0,0,0,2,8,0,0,0,0,5,1,4
Ｔ．ゲレーロ,ロッテ,岡本　和真,巨人,0,1,1,0,0,0,0,0,0,0,0,0,0,0,0,0
小野　郁,ロッテ,岡本　和真,巨人,0,1,0,0,0,0,0,0,0,1,0,0,0,1,1,0
チェン・グァンユウ （陳　冠宇）,ロッテ,岡本　和真,巨人,1,1,1,1,1,0,0,0,1,0,0,0,0,2,1,1
唐川　侑己,ロッテ,岡本　和真,巨人,0,1,1,0,0,0,0,0,0,0,0,0,0,0,0,0
坂本　光士郎,ロッテ,岡本　和真,巨人,0,1,0,0,0,0,0,0,0,1,0,0,0,1,1,0
大嶺　祐太,ロッテ,岡本　和真,巨人,1,1,1,1,0,0,0,1,4,0,0,0,0,5,1,4
吉田　凌,ロッテ,岡本　和真,巨人,1,1,1,1,0,1,0,0,2,0,0,0,0,3,1,2
廣畑　敦也,ロッテ,岡本　和真,巨人,0,1,1,0,0,0,0,0,0,0,0,0,1,0,0,0
Ｊ．フローレス,ロッテ,岡本　和真,巨人,1,1,1,1,1,0,0,0,1,0,0,0,0,2,1,1
西村　天裕,ロッテ,岡本　和真,巨人,0,1,1,0,0,0,0,0,0,0,0,0,0,0,0,0
岩下　大輝,ロッテ,岡本　和真,巨人,0,1,1,0,0,0,0,0,0,0,0,0,1,0,0,0
ブランドン,ロッテ,岡本　和真,巨人,0,1,1,0,0,0,0,0,0,0,0,0,0,0,0,0
澤田　圭佑,ロッテ,岡本　和真,巨人,0,1,1,0,0,0,0,0,0,0,0,0,0,0,0,0
澤村　拓一,ロッテ,岡本　和真,巨人,1,1,1,1,0,0,0,1,4,0,0,0,0,5,1,4
岸　孝之,楽天,岡本　和真,巨人,0.25,9,8,2,1,1,0,0,3,1,0,0,4,0.708,0.333,0.375
則本　昂大,楽天,岡本　和真,巨人,0.167,6,6,1,0,0,0,1,4,0,0,0,0,0.834,0.167,0.667
早川　隆久,楽天,岡本　和真,巨人,0.4,6,5,2,0,2,0,0,4,1,0,0,1,1.3,0.5,0.8
古川　侑利,楽天,岡本　和真,巨人,0.2,5,5,1,1,0,0,0,1,0,0,0,2,0.4,0.2,0.2
石橋　良太,楽天,岡本　和真,巨人,0.4,5,5,2,1,0,0,1,5,0,0,0,2,1.4,0.4,1
藤井　聖,楽天,岡本　和真,巨人,1,4,1,1,0,1,0,0,2,3,0,0,0,3,1,2
内　星龍,楽天,岡本　和真,巨人,0.333,3,3,1,0,1,0,0,2,0,0,0,0,1,0.333,0.667
塩見　貴洋,楽天,岡本　和真,巨人,0.333,3,3,1,1,0,0,0,1,0,0,0,2,0.666,0.333,0.333
辛島　航,楽天,岡本　和真,巨人,0.5,3,2,1,0,0,0,1,4,1,0,0,0,2.667,0.667,2
近藤　弘樹,楽天,岡本　和真,巨人,0,3,2,0,0,0,0,0,0,1,0,0,0,0.333,0.333,0
Ｃ．ポンセ,楽天,岡本　和真,巨人,0,3,3,0,0,0,0,0,0,0,0,0,0,0,0,0
安樂　智大,楽天,岡本　和真,巨人,0,2,1,0,0,0,0,0,0,1,0,0,1,0.5,0.5,0
渡辺　翔太,楽天,岡本　和真,巨人,0,2,2,0,0,0,0,0,0,0,0,0,0,0,0,0
酒居　知史,楽天,岡本　和真,巨人,0,2,1,0,0,0,0,0,0,1,0,0,1,0.5,0.5,0
瀧中　瞭太,楽天,岡本　和真,巨人,0,2,2,0,0,0,0,0,0,0,0,0,1,0,0,0
池田　隆英,楽天,岡本　和真,巨人,0.5,2,2,1,1,0,0,0,1,0,0,0,0,1,0.5,0.5
宋　家豪,楽天,岡本　和真,巨人,0,2,1,0,0,0,0,0,0,1,0,0,0,0.5,0.5,0
Ａ．ブセニッツ,楽天,岡本　和真,巨人,0.5,2,2,1,1,0,0,0,1,0,0,0,0,1,0.5,0.5
松井　裕樹,楽天,岡本　和真,巨人,0.5,2,2,1,1,0,0,0,1,0,0,0,0,1,0.5,0.5
Ｆ．ハーマン,楽天,岡本　和真,巨人,0,1,1,0,0,0,0,0,0,0,0,0,0,0,0,0
内間　拓馬,楽天,岡本　和真,巨人,0,1,1,0,0,0,0,0,0,0,0,0,1,0,0,0
青山　浩二,楽天,岡本　和真,巨人,0,1,1,0,0,0,0,0,0,0,0,0,0,0,0,0
西垣　雅矢,楽天,岡本　和真,巨人,0,1,1,0,0,0,0,0,0,0,0,0,1,0,0,0
西口　直人,楽天,岡本　和真,巨人,0,1,1,0,0,0,0,0,0,0,0,0,0,0,0,0
Ｎ．ターリー,楽天,岡本　和真,巨人,0,1,1,0,0,0,0,0,0,0,0,0,0,0,0,0
高梨　雄平,楽天,岡本　和真,巨人,1,1,1,1,1,0,0,0,1,0,0,0,0,2,1,1
森原　康平,楽天,岡本　和真,巨人,1,1,1,1,1,0,0,0,1,0,0,0,0,2,1,1
