game_date,game_id,team_id,inning,top_bottom,true_id,pred_id,true_label,pred_label,prob_RUN_SCORED,threshold,selection_criterion
2025-09-19,cl2025091901,巨人,1,1,0,1,NO_RUN,RUN_SCORED,0.6001214,0.5,default_0_50
2025-09-19,cl2025091901,巨人,2,1,1,0,RUN_SCORED,NO_RUN,0.32525256,0.5,default_0_50
2025-09-19,cl2025091901,巨人,3,1,0,1,NO_RUN,RUN_SCORED,0.59940845,0.5,default_0_50
2025-09-19,cl2025091901,巨人,4,1,1,1,RUN_SCORED,RUN_SCORED,0.6301458,0.5,default_0_50
2025-09-19,cl2025091901,巨人,5,1,0,1,NO_RUN,RUN_SCORED,0.6586002,0.5,default_0_50
2025-09-19,cl2025091901,巨人,6,1,1,1,RUN_SCORED,RUN_SCORED,0.67050064,0.5,default_0_50
2025-09-19,cl2025091901,巨人,7,1,0,1,NO_RUN,RUN_SCORED,0.5683345,0.5,default_0_50
2025-09-19,cl2025091901,巨人,8,1,0,1,NO_RUN,RUN_SCORED,0.5446822,0.5,default_0_50
2025-09-19,cl2025091901,広島,1,0,1,0,RUN_SCORED,NO_RUN,0.43291858,0.5,default_0_50
2025-09-19,cl2025091901,広島,2,0,0,0,NO_RUN,NO_RUN,0.44063374,0.5,default_0_50
2025-09-19,cl2025091901,広島,3,0,0,0,NO_RUN,NO_RUN,0.45773995,0.5,default_0_50
2025-09-19,cl2025091901,広島,4,0,0,0,NO_RUN,NO_RUN,0.27227113,0.5,default_0_50
2025-09-19,cl2025091901,広島,5,0,0,0,NO_RUN,NO_RUN,0.44932204,0.5,default_0_50
2025-09-19,cl2025091901,広島,6,0,0,0,NO_RUN,NO_RUN,0.28692737,0.5,default_0_50
2025-09-19,cl2025091901,広島,7,0,1,0,RUN_SCORED,NO_RUN,0.4429089,0.5,default_0_50
2025-09-19,cl2025091901,広島,8,0,0,0,NO_RUN,NO_RUN,0.27304053,0.5,default_0_50
2025-09-19,cl2025091901,広島,9,0,0,0,NO_RUN,NO_RUN,0.40019473,0.5,default_0_50
2025-09-19,cl2025091902,ヤクルト,1,0,1,1,RUN_SCORED,RUN_SCORED,0.52389103,0.5,default_0_50
2025-09-19,cl2025091902,ヤクルト,2,0,1,1,RUN_SCORED,RUN_SCORED,0.5312472,0.5,default_0_50
2025-09-19,cl2025091902,ヤクルト,3,0,0,0,NO_RUN,NO_RUN,0.2964692,0.5,default_0_50
2025-09-19,cl2025091902,ヤクルト,4,0,0,1,NO_RUN,RUN_SCORED,0.55835384,0.5,default_0_50
2025-09-19,cl2025091902,ヤクルト,5,0,0,1,NO_RUN,RUN_SCORED,0.573751,0.5,default_0_50
2025-09-19,cl2025091902,ヤクルト,6,0,0,0,NO_RUN,NO_RUN,0.29399663,0.5,default_0_50
2025-09-19,cl2025091902,ヤクルト,7,0,1,1,RUN_SCORED,RUN_SCORED,0.54013133,0.5,default_0_50
2025-09-19,cl2025091902,ヤクルト,8,0,1,1,RUN_SCORED,RUN_SCORED,0.554374,0.5,default_0_50
2025-09-19,cl2025091902,ヤクルト,9,0,0,1,NO_RUN,RUN_SCORED,0.51542336,0.5,default_0_50
2025-09-19,cl2025091902,中日,1,1,0,1,NO_RUN,RUN_SCORED,0.64006877,0.5,default_0_50
2025-09-19,cl2025091902,中日,2,1,0,0,NO_RUN,NO_RUN,0.3404284,0.5,default_0_50
2025-09-19,cl2025091902,中日,3,1,0,1,NO_RUN,RUN_SCORED,0.64006877,0.5,default_0_50
2025-09-19,cl2025091902,中日,4,1,0,1,NO_RUN,RUN_SCORED,0.56830007,0.5,default_0_50
2025-09-19,cl2025091902,中日,5,1,0,0,NO_RUN,NO_RUN,0.31628728,0.5,default_0_50
2025-09-19,cl2025091902,中日,6,1,0,1,NO_RUN,RUN_SCORED,0.69180447,0.5,default_0_50
2025-09-19,cl2025091902,中日,7,1,1,0,RUN_SCORED,NO_RUN,0.35033062,0.5,default_0_50
2025-09-19,cl2025091902,中日,8,1,0,1,NO_RUN,RUN_SCORED,0.5942954,0.5,default_0_50
2025-09-19,cl2025091902,中日,9,1,0,0,NO_RUN,NO_RUN,0.31534615,0.5,default_0_50
2025-09-19,cl2025091903,阪神,1,1,0,1,NO_RUN,RUN_SCORED,0.52989835,0.5,default_0_50
2025-09-19,cl2025091903,阪神,2,1,0,0,NO_RUN,NO_RUN,0.32849216,0.5,default_0_50
2025-09-19,cl2025091903,阪神,3,1,0,1,NO_RUN,RUN_SCORED,0.52989835,0.5,default_0_50
2025-09-19,cl2025091903,阪神,4,1,1,1,RUN_SCORED,RUN_SCORED,0.5023218,0.5,default_0_50
2025-09-19,cl2025091903,阪神,5,1,1,1,RUN_SCORED,RUN_SCORED,0.5355096,0.5,default_0_50
2025-09-19,cl2025091903,阪神,6,1,1,0,RUN_SCORED,NO_RUN,0.31713924,0.5,default_0_50
2025-09-19,cl2025091903,阪神,7,1,0,1,NO_RUN,RUN_SCORED,0.53971165,0.5,default_0_50
2025-09-19,cl2025091903,阪神,8,1,0,0,NO_RUN,NO_RUN,0.34410718,0.5,default_0_50
2025-09-19,cl2025091903,ＤｅＮＡ,1,0,0,0,NO_RUN,NO_RUN,0.49027723,0.5,default_0_50
2025-09-19,cl2025091903,ＤｅＮＡ,2,0,0,0,NO_RUN,NO_RUN,0.31739795,0.5,default_0_50
2025-09-19,cl2025091903,ＤｅＮＡ,3,0,0,1,NO_RUN,RUN_SCORED,0.5135844,0.5,default_0_50
2025-09-19,cl2025091903,ＤｅＮＡ,4,0,0,0,NO_RUN,NO_RUN,0.4840613,0.5,default_0_50
2025-09-19,cl2025091903,ＤｅＮＡ,5,0,0,0,NO_RUN,NO_RUN,0.3089505,0.5,default_0_50
2025-09-19,cl2025091903,ＤｅＮＡ,6,0,0,1,NO_RUN,RUN_SCORED,0.55492455,0.5,default_0_50
2025-09-19,cl2025091903,ＤｅＮＡ,7,0,0,0,NO_RUN,NO_RUN,0.29558358,0.5,default_0_50
2025-09-19,cl2025091903,ＤｅＮＡ,8,0,0,1,NO_RUN,RUN_SCORED,0.5101644,0.5,default_0_50
2025-09-19,cl2025091903,ＤｅＮＡ,9,0,0,0,NO_RUN,NO_RUN,0.2937686,0.5,default_0_50
2025-09-19,pl2025091911,楽天,1,1,0,1,NO_RUN,RUN_SCORED,0.561634,0.5,default_0_50
2025-09-19,pl2025091911,楽天,2,1,0,0,NO_RUN,NO_RUN,0.33490586,0.5,default_0_50
2025-09-19,pl2025091911,楽天,3,1,0,1,NO_RUN,RUN_SCORED,0.561634,0.5,default_0_50
2025-09-19,pl2025091911,楽天,4,1,1,1,RUN_SCORED,RUN_SCORED,0.5858182,0.5,default_0_50
2025-09-19,pl2025091911,楽天,5,1,0,1,NO_RUN,RUN_SCORED,0.5877233,0.5,default_0_50
2025-09-19,pl2025091911,楽天,6,1,0,1,NO_RUN,RUN_SCORED,0.5627068,0.5,default_0_50
2025-09-19,pl2025091911,楽天,7,1,0,0,NO_RUN,NO_RUN,0.28609097,0.5,default_0_50
2025-09-19,pl2025091911,楽天,8,1,0,1,NO_RUN,RUN_SCORED,0.5195636,0.5,default_0_50
2025-09-19,pl2025091911,楽天,9,1,0,0,NO_RUN,NO_RUN,0.30089745,0.5,default_0_50
2025-09-19,pl2025091911,西武,1,0,0,1,NO_RUN,RUN_SCORED,0.51556814,0.5,default_0_50
2025-09-19,pl2025091911,西武,2,0,0,0,NO_RUN,NO_RUN,0.3028133,0.5,default_0_50
2025-09-19,pl2025091911,西武,3,0,0,1,NO_RUN,RUN_SCORED,0.51556814,0.5,default_0_50
2025-09-19,pl2025091911,西武,4,0,0,1,NO_RUN,RUN_SCORED,0.5030149,0.5,default_0_50
2025-09-19,pl2025091911,西武,5,0,1,0,RUN_SCORED,NO_RUN,0.3102664,0.5,default_0_50
2025-09-19,pl2025091911,西武,6,0,0,1,NO_RUN,RUN_SCORED,0.5621588,0.5,default_0_50
2025-09-19,pl2025091911,西武,7,0,1,1,RUN_SCORED,RUN_SCORED,0.53505754,0.5,default_0_50
2025-09-19,pl2025091911,西武,8,0,0,1,NO_RUN,RUN_SCORED,0.58500963,0.5,default_0_50
2025-09-19,pl2025091911,西武,9,0,0,0,NO_RUN,NO_RUN,0.29303765,0.5,default_0_50
2025-09-20,cl2025092001,巨人,1,1,0,1,NO_RUN,RUN_SCORED,0.56297976,0.5,default_0_50
2025-09-20,cl2025092001,巨人,2,1,1,0,RUN_SCORED,NO_RUN,0.32387397,0.5,default_0_50
2025-09-20,cl2025092001,巨人,3,1,0,1,NO_RUN,RUN_SCORED,0.57004136,0.5,default_0_50
2025-09-20,cl2025092001,巨人,4,1,1,1,RUN_SCORED,RUN_SCORED,0.5929811,0.5,default_0_50
2025-09-20,cl2025092001,巨人,5,1,0,1,NO_RUN,RUN_SCORED,0.62222284,0.5,default_0_50
2025-09-20,cl2025092001,巨人,6,1,0,0,NO_RUN,NO_RUN,0.32907853,0.5,default_0_50
2025-09-20,cl2025092001,巨人,7,1,0,1,NO_RUN,RUN_SCORED,0.5733546,0.5,default_0_50
2025-09-20,cl2025092001,巨人,8,1,0,1,NO_RUN,RUN_SCORED,0.50288194,0.5,default_0_50
2025-09-20,cl2025092001,広島,1,0,0,0,NO_RUN,NO_RUN,0.48391286,0.5,default_0_50
2025-09-20,cl2025092001,広島,2,0,0,0,NO_RUN,NO_RUN,0.29595652,0.5,default_0_50
2025-09-20,cl2025092001,広島,3,0,0,0,NO_RUN,NO_RUN,0.24401401,0.5,default_0_50
2025-09-20,cl2025092001,広島,4,0,1,1,RUN_SCORED,RUN_SCORED,0.5033682,0.5,default_0_50
2025-09-20,cl2025092001,広島,5,0,0,0,NO_RUN,NO_RUN,0.26937854,0.5,default_0_50
2025-09-20,cl2025092001,広島,6,0,0,1,NO_RUN,RUN_SCORED,0.50214225,0.5,default_0_50
2025-09-20,cl2025092001,広島,7,0,0,0,NO_RUN,NO_RUN,0.43258676,0.5,default_0_50
2025-09-20,cl2025092001,広島,8,0,0,0,NO_RUN,NO_RUN,0.26328796,0.5,default_0_50
2025-09-20,cl2025092001,広島,9,0,0,0,NO_RUN,NO_RUN,0.4311139,0.5,default_0_50
2025-09-20,cl2025092002,ヤクルト,1,0,0,1,NO_RUN,RUN_SCORED,0.5506838,0.5,default_0_50
2025-09-20,cl2025092002,ヤクルト,2,0,0,0,NO_RUN,NO_RUN,0.3046437,0.5,default_0_50
2025-09-20,cl2025092002,ヤクルト,3,0,0,0,NO_RUN,NO_RUN,0.283039,0.5,default_0_50
2025-09-20,cl2025092002,ヤクルト,4,0,0,1,NO_RUN,RUN_SCORED,0.50167763,0.5,default_0_50
2025-09-20,cl2025092002,ヤクルト,5,0,0,0,NO_RUN,NO_RUN,0.28868222,0.5,default_0_50
2025-09-20,cl2025092002,ヤクルト,6,0,0,0,NO_RUN,NO_RUN,0.26920167,0.5,default_0_50
2025-09-20,cl2025092002,ヤクルト,7,0,0,0,NO_RUN,NO_RUN,0.28339165,0.5,default_0_50
2025-09-20,cl2025092002,ヤクルト,8,0,0,0,NO_RUN,NO_RUN,0.27236637,0.5,default_0_50
2025-09-20,cl2025092002,ヤクルト,9,0,0,0,NO_RUN,NO_RUN,0.4581039,0.5,default_0_50
2025-09-20,cl2025092002,中日,1,1,0,1,NO_RUN,RUN_SCORED,0.5944841,0.5,default_0_50
2025-09-20,cl2025092002,中日,2,1,0,0,NO_RUN,NO_RUN,0.3334898,0.5,default_0_50
2025-09-20,cl2025092002,中日,3,1,1,1,RUN_SCORED,RUN_SCORED,0.5944841,0.5,default_0_50
2025-09-20,cl2025092002,中日,4,1,0,0,NO_RUN,NO_RUN,0.34356207,0.5,default_0_50
2025-09-20,cl2025092002,中日,5,1,0,1,NO_RUN,RUN_SCORED,0.6280862,0.5,default_0_50
2025-09-20,cl2025092002,中日,6,1,0,1,NO_RUN,RUN_SCORED,0.6249638,0.5,default_0_50
2025-09-20,cl2025092002,中日,7,1,1,1,RUN_SCORED,RUN_SCORED,0.5135329,0.5,default_0_50
2025-09-20,cl2025092002,中日,8,1,0,1,NO_RUN,RUN_SCORED,0.5464698,0.5,default_0_50
2025-09-20,cl2025092003,阪神,1,1,0,1,NO_RUN,RUN_SCORED,0.51025915,0.5,default_0_50
2025-09-20,cl2025092003,阪神,2,1,0,0,NO_RUN,NO_RUN,0.3037874,0.5,default_0_50
2025-09-20,cl2025092003,阪神,3,1,0,1,NO_RUN,RUN_SCORED,0.5099182,0.5,default_0_50
2025-09-20,cl2025092003,阪神,4,1,0,0,NO_RUN,NO_RUN,0.32166722,0.5,default_0_50
2025-09-20,cl2025092003,阪神,5,1,0,0,NO_RUN,NO_RUN,0.2680386,0.5,default_0_50
2025-09-20,cl2025092003,阪神,6,1,0,1,NO_RUN,RUN_SCORED,0.54997766,0.5,default_0_50
2025-09-20,cl2025092003,阪神,7,1,1,0,RUN_SCORED,NO_RUN,0.31740806,0.5,default_0_50
2025-09-20,cl2025092003,阪神,8,1,0,0,NO_RUN,NO_RUN,0.44739887,0.5,default_0_50
2025-09-20,cl2025092003,阪神,9,1,0,1,NO_RUN,RUN_SCORED,0.5074491,0.5,default_0_50
2025-09-20,cl2025092003,ＤｅＮＡ,1,0,0,0,NO_RUN,NO_RUN,0.4965448,0.5,default_0_50
2025-09-20,cl2025092003,ＤｅＮＡ,2,0,0,0,NO_RUN,NO_RUN,0.31052083,0.5,default_0_50
2025-09-20,cl2025092003,ＤｅＮＡ,3,0,0,0,NO_RUN,NO_RUN,0.4965448,0.5,default_0_50
2025-09-20,cl2025092003,ＤｅＮＡ,4,0,1,1,RUN_SCORED,RUN_SCORED,0.5217763,0.5,default_0_50
2025-09-20,cl2025092003,ＤｅＮＡ,5,0,1,1,RUN_SCORED,RUN_SCORED,0.5309399,0.5,default_0_50
2025-09-20,cl2025092003,ＤｅＮＡ,6,0,0,1,NO_RUN,RUN_SCORED,0.5051307,0.5,default_0_50
2025-09-20,cl2025092003,ＤｅＮＡ,7,0,0,1,NO_RUN,RUN_SCORED,0.52245027,0.5,default_0_50
2025-09-20,cl2025092003,ＤｅＮＡ,8,0,1,1,RUN_SCORED,RUN_SCORED,0.52245027,0.5,default_0_50
2025-09-20,cl2025092003,ＤｅＮＡ,9,0,0,0,NO_RUN,NO_RUN,0.26807323,0.5,default_0_50
2025-09-20,pl2025092004,ロッテ,1,0,0,1,NO_RUN,RUN_SCORED,0.5154258,0.5,default_0_50
2025-09-20,pl2025092004,ロッテ,2,0,0,0,NO_RUN,NO_RUN,0.28653944,0.5,default_0_50
2025-09-20,pl2025092004,ロッテ,3,0,0,1,NO_RUN,RUN_SCORED,0.5097668,0.5,default_0_50
2025-09-20,pl2025092004,ロッテ,4,0,1,0,RUN_SCORED,NO_RUN,0.45271432,0.5,default_0_50
2025-09-20,pl2025092004,ロッテ,5,0,1,1,RUN_SCORED,RUN_SCORED,0.5251073,0.5,default_0_50
2025-09-20,pl2025092004,ロッテ,6,0,1,1,RUN_SCORED,RUN_SCORED,0.55863535,0.5,default_0_50
2025-09-20,pl2025092004,ロッテ,7,0,1,0,RUN_SCORED,NO_RUN,0.45448142,0.5,default_0_50
2025-09-20,pl2025092004,ロッテ,8,0,0,0,NO_RUN,NO_RUN,0.48692784,0.5,default_0_50
2025-09-20,pl2025092004,ロッテ,9,0,0,0,NO_RUN,NO_RUN,0.44405705,0.5,default_0_50
2025-09-20,pl2025092004,日本ハム,1,1,1,1,RUN_SCORED,RUN_SCORED,0.7003229,0.5,default_0_50
2025-09-20,pl2025092004,日本ハム,2,1,1,1,RUN_SCORED,RUN_SCORED,0.7103913,0.5,default_0_50
2025-09-20,pl2025092004,日本ハム,3,1,1,1,RUN_SCORED,RUN_SCORED,0.66538423,0.5,default_0_50
2025-09-20,pl2025092004,日本ハム,4,1,1,1,RUN_SCORED,RUN_SCORED,0.7388918,0.5,default_0_50
2025-09-20,pl2025092004,日本ハム,5,1,0,1,NO_RUN,RUN_SCORED,0.7696655,0.5,default_0_50
2025-09-20,pl2025092004,日本ハム,6,1,0,0,NO_RUN,NO_RUN,0.40441674,0.5,default_0_50
2025-09-20,pl2025092004,日本ハム,7,1,0,1,NO_RUN,RUN_SCORED,0.6987253,0.5,default_0_50
2025-09-20,pl2025092004,日本ハム,8,1,0,1,NO_RUN,RUN_SCORED,0.65525013,0.5,default_0_50
2025-09-20,pl2025092004,日本ハム,9,1,1,0,RUN_SCORED,NO_RUN,0.36698115,0.5,default_0_50
2025-09-20,pl2025092005,楽天,1,1,0,1,NO_RUN,RUN_SCORED,0.5927554,0.5,default_0_50
2025-09-20,pl2025092005,楽天,2,1,0,0,NO_RUN,NO_RUN,0.3215412,0.5,default_0_50
2025-09-20,pl2025092005,楽天,3,1,1,1,RUN_SCORED,RUN_SCORED,0.5927554,0.5,default_0_50
2025-09-20,pl2025092005,楽天,4,1,0,1,NO_RUN,RUN_SCORED,0.6291419,0.5,default_0_50
2025-09-20,pl2025092005,楽天,5,1,0,1,NO_RUN,RUN_SCORED,0.58541983,0.5,default_0_50
2025-09-20,pl2025092005,楽天,6,1,0,1,NO_RUN,RUN_SCORED,0.6540952,0.5,default_0_50
2025-09-20,pl2025092005,楽天,7,1,0,1,NO_RUN,RUN_SCORED,0.54595315,0.5,default_0_50
2025-09-20,pl2025092005,楽天,8,1,0,1,NO_RUN,RUN_SCORED,0.5575509,0.5,default_0_50
2025-09-20,pl2025092005,西武,1,0,0,0,NO_RUN,NO_RUN,0.48259315,0.5,default_0_50
2025-09-20,pl2025092005,西武,2,0,0,0,NO_RUN,NO_RUN,0.2952605,0.5,default_0_50
2025-09-20,pl2025092005,西武,3,0,0,0,NO_RUN,NO_RUN,0.48259315,0.5,default_0_50
2025-09-20,pl2025092005,西武,4,0,1,0,RUN_SCORED,NO_RUN,0.29274875,0.5,default_0_50
2025-09-20,pl2025092005,西武,5,0,0,1,NO_RUN,RUN_SCORED,0.5167512,0.5,default_0_50
2025-09-20,pl2025092005,西武,6,0,0,0,NO_RUN,NO_RUN,0.29111892,0.5,default_0_50
2025-09-20,pl2025092005,西武,7,0,0,0,NO_RUN,NO_RUN,0.4715097,0.5,default_0_50
2025-09-20,pl2025092005,西武,8,0,0,0,NO_RUN,NO_RUN,0.39069304,0.5,default_0_50
2025-09-20,pl2025092005,西武,9,0,0,0,NO_RUN,NO_RUN,0.2778876,0.5,default_0_50
2025-09-20,pl2025092006,オリックス,1,0,0,1,NO_RUN,RUN_SCORED,0.6188294,0.5,default_0_50
2025-09-20,pl2025092006,オリックス,2,0,0,0,NO_RUN,NO_RUN,0.32739988,0.5,default_0_50
2025-09-20,pl2025092006,オリックス,3,0,0,1,NO_RUN,RUN_SCORED,0.6124427,0.5,default_0_50
2025-09-20,pl2025092006,オリックス,4,0,1,1,RUN_SCORED,RUN_SCORED,0.64601755,0.5,default_0_50
2025-09-20,pl2025092006,オリックス,5,0,0,1,NO_RUN,RUN_SCORED,0.66515714,0.5,default_0_50
2025-09-20,pl2025092006,オリックス,6,0,0,1,NO_RUN,RUN_SCORED,0.61253023,0.5,default_0_50
2025-09-20,pl2025092006,オリックス,7,0,0,0,NO_RUN,NO_RUN,0.3586527,0.5,default_0_50
2025-09-20,pl2025092006,オリックス,8,0,0,0,NO_RUN,NO_RUN,0.31381756,0.5,default_0_50
2025-09-20,pl2025092006,オリックス,9,0,1,0,RUN_SCORED,NO_RUN,0.32584736,0.5,default_0_50
2025-09-20,pl2025092006,ソフトバンク,1,1,1,1,RUN_SCORED,RUN_SCORED,0.56926566,0.5,default_0_50
2025-09-20,pl2025092006,ソフトバンク,2,1,0,1,NO_RUN,RUN_SCORED,0.577392,0.5,default_0_50
2025-09-20,pl2025092006,ソフトバンク,3,1,0,1,NO_RUN,RUN_SCORED,0.522576,0.5,default_0_50
2025-09-20,pl2025092006,ソフトバンク,4,1,0,0,NO_RUN,NO_RUN,0.3060765,0.5,default_0_50
2025-09-20,pl2025092006,ソフトバンク,5,1,1,1,RUN_SCORED,RUN_SCORED,0.6142717,0.5,default_0_50
2025-09-20,pl2025092006,ソフトバンク,6,1,0,0,NO_RUN,NO_RUN,0.34372446,0.5,default_0_50
2025-09-20,pl2025092006,ソフトバンク,7,1,0,1,NO_RUN,RUN_SCORED,0.59199303,0.5,default_0_50
2025-09-20,pl2025092006,ソフトバンク,8,1,0,1,NO_RUN,RUN_SCORED,0.5669359,0.5,default_0_50
2025-09-20,pl2025092006,ソフトバンク,9,1,1,1,RUN_SCORED,RUN_SCORED,0.5525404,0.5,default_0_50
2025-09-21,cl2025092101,ヤクルト,1,1,0,0,NO_RUN,NO_RUN,0.4953285,0.5,default_0_50
2025-09-21,cl2025092101,ヤクルト,2,1,1,0,RUN_SCORED,NO_RUN,0.4953285,0.5,default_0_50
2025-09-21,cl2025092101,ヤクルト,3,1,0,0,NO_RUN,NO_RUN,0.3149123,0.5,default_0_50
2025-09-21,cl2025092101,ヤクルト,4,1,0,1,NO_RUN,RUN_SCORED,0.5284103,0.5,default_0_50
2025-09-21,cl2025092101,ヤクルト,5,1,1,1,RUN_SCORED,RUN_SCORED,0.5492153,0.5,default_0_50
2025-09-21,cl2025092101,ヤクルト,6,1,0,1,NO_RUN,RUN_SCORED,0.6583564,0.5,default_0_50
2025-09-21,cl2025092101,ヤクルト,7,1,0,1,NO_RUN,RUN_SCORED,0.56522226,0.5,default_0_50
2025-09-21,cl2025092101,ヤクルト,8,1,0,0,NO_RUN,NO_RUN,0.34228364,0.5,default_0_50
2025-09-21,cl2025092101,阪神,1,0,0,1,NO_RUN,RUN_SCORED,0.65015113,0.5,default_0_50
2025-09-21,cl2025092101,阪神,2,0,0,0,NO_RUN,NO_RUN,0.3584841,0.5,default_0_50
2025-09-21,cl2025092101,阪神,3,0,0,1,NO_RUN,RUN_SCORED,0.6431094,0.5,default_0_50
2025-09-21,cl2025092101,阪神,4,0,0,0,NO_RUN,NO_RUN,0.35736582,0.5,default_0_50
2025-09-21,cl2025092101,阪神,5,0,0,1,NO_RUN,RUN_SCORED,0.6724083,0.5,default_0_50
2025-09-21,cl2025092101,阪神,6,0,0,1,NO_RUN,RUN_SCORED,0.69739276,0.5,default_0_50
2025-09-21,cl2025092101,阪神,7,0,0,0,NO_RUN,NO_RUN,0.3641414,0.5,default_0_50
2025-09-21,cl2025092101,阪神,8,0,1,1,RUN_SCORED,RUN_SCORED,0.59051776,0.5,default_0_50
2025-09-21,cl2025092101,阪神,9,0,0,0,NO_RUN,NO_RUN,0.28907597,0.5,default_0_50
2025-09-21,cl2025092102,広島,1,0,0,1,NO_RUN,RUN_SCORED,0.5662666,0.5,default_0_50
2025-09-21,cl2025092102,広島,2,0,0,0,NO_RUN,NO_RUN,0.33420056,0.5,default_0_50
2025-09-21,cl2025092102,広島,3,0,0,1,NO_RUN,RUN_SCORED,0.54658264,0.5,default_0_50
2025-09-21,cl2025092102,広島,4,0,0,1,NO_RUN,RUN_SCORED,0.6071501,0.5,default_0_50
2025-09-21,cl2025092102,広島,5,0,1,1,RUN_SCORED,RUN_SCORED,0.6071501,0.5,default_0_50
2025-09-21,cl2025092102,広島,6,0,1,0,RUN_SCORED,NO_RUN,0.36316603,0.5,default_0_50
2025-09-21,cl2025092102,広島,7,0,0,1,NO_RUN,RUN_SCORED,0.5471411,0.5,default_0_50
2025-09-21,cl2025092102,広島,8,0,0,0,NO_RUN,NO_RUN,0.47945023,0.5,default_0_50
2025-09-21,cl2025092102,広島,9,0,0,0,NO_RUN,NO_RUN,0.4657236,0.5,default_0_50
2025-09-21,cl2025092102,ＤｅＮＡ,1,1,0,1,NO_RUN,RUN_SCORED,0.643041,0.5,default_0_50
2025-09-21,cl2025092102,ＤｅＮＡ,2,1,1,1,RUN_SCORED,RUN_SCORED,0.643041,0.5,default_0_50
2025-09-21,cl2025092102,ＤｅＮＡ,3,1,1,1,RUN_SCORED,RUN_SCORED,0.6105326,0.5,default_0_50
2025-09-21,cl2025092102,ＤｅＮＡ,4,1,0,1,NO_RUN,RUN_SCORED,0.72591275,0.5,default_0_50
2025-09-21,cl2025092102,ＤｅＮＡ,5,1,0,1,NO_RUN,RUN_SCORED,0.6655696,0.5,default_0_50
2025-09-21,cl2025092102,ＤｅＮＡ,6,1,0,1,NO_RUN,RUN_SCORED,0.6559365,0.5,default_0_50
2025-09-21,cl2025092102,ＤｅＮＡ,7,1,0,0,NO_RUN,NO_RUN,0.34487945,0.5,default_0_50
2025-09-21,cl2025092102,ＤｅＮＡ,8,1,0,1,NO_RUN,RUN_SCORED,0.66035706,0.5,default_0_50
2025-09-21,cl2025092103,中日,1,1,1,1,RUN_SCORED,RUN_SCORED,0.6483932,0.5,default_0_50
2025-09-21,cl2025092103,中日,2,1,1,1,RUN_SCORED,RUN_SCORED,0.6483932,0.5,default_0_50
2025-09-21,cl2025092103,中日,3,1,0,1,NO_RUN,RUN_SCORED,0.6792118,0.5,default_0_50
2025-09-21,cl2025092103,中日,4,1,0,0,NO_RUN,NO_RUN,0.33122998,0.5,default_0_50
2025-09-21,cl2025092103,中日,5,1,0,1,NO_RUN,RUN_SCORED,0.6960611,0.5,default_0_50
2025-09-21,cl2025092103,中日,6,1,1,1,RUN_SCORED,RUN_SCORED,0.7334548,0.5,default_0_50
2025-09-21,cl2025092103,中日,7,1,0,0,NO_RUN,NO_RUN,0.2806972,0.5,default_0_50
2025-09-21,cl2025092103,中日,8,1,0,1,NO_RUN,RUN_SCORED,0.6616398,0.5,default_0_50
2025-09-21,cl2025092103,巨人,1,0,1,1,RUN_SCORED,RUN_SCORED,0.54120666,0.5,default_0_50
2025-09-21,cl2025092103,巨人,2,0,0,1,NO_RUN,RUN_SCORED,0.5502165,0.5,default_0_50
2025-09-21,cl2025092103,巨人,3,0,0,0,NO_RUN,NO_RUN,0.48427072,0.5,default_0_50
2025-09-21,cl2025092103,巨人,4,0,0,0,NO_RUN,NO_RUN,0.3066535,0.5,default_0_50
2025-09-21,cl2025092103,巨人,5,0,0,1,NO_RUN,RUN_SCORED,0.58651453,0.5,default_0_50
2025-09-21,cl2025092103,巨人,6,0,0,0,NO_RUN,NO_RUN,0.32537758,0.5,default_0_50
2025-09-21,cl2025092103,巨人,7,0,0,1,NO_RUN,RUN_SCORED,0.50434786,0.5,default_0_50
2025-09-21,cl2025092103,巨人,8,0,0,0,NO_RUN,NO_RUN,0.47631016,0.5,default_0_50
2025-09-21,cl2025092103,巨人,9,0,0,0,NO_RUN,NO_RUN,0.253919,0.5,default_0_50
2025-09-21,pl2025092104,ロッテ,1,0,0,0,NO_RUN,NO_RUN,0.46453708,0.5,default_0_50
2025-09-21,pl2025092104,ロッテ,2,0,0,0,NO_RUN,NO_RUN,0.29088083,0.5,default_0_50
2025-09-21,pl2025092104,ロッテ,3,0,0,0,NO_RUN,NO_RUN,0.4578063,0.5,default_0_50
2025-09-21,pl2025092104,ロッテ,4,0,1,0,RUN_SCORED,NO_RUN,0.4679097,0.5,default_0_50
2025-09-21,pl2025092104,ロッテ,5,0,0,1,NO_RUN,RUN_SCORED,0.5042658,0.5,default_0_50
2025-09-21,pl2025092104,ロッテ,6,0,0,0,NO_RUN,NO_RUN,0.30714136,0.5,default_0_50
2025-09-21,pl2025092104,ロッテ,7,0,0,0,NO_RUN,NO_RUN,0.48773244,0.5,default_0_50
2025-09-21,pl2025092104,ロッテ,8,0,0,0,NO_RUN,NO_RUN,0.45446628,0.5,default_0_50
2025-09-21,pl2025092104,ロッテ,9,0,0,0,NO_RUN,NO_RUN,0.30768582,0.5,default_0_50
2025-09-21,pl2025092104,日本ハム,1,1,1,1,RUN_SCORED,RUN_SCORED,0.6983837,0.5,default_0_50
2025-09-21,pl2025092104,日本ハム,2,1,0,0,NO_RUN,NO_RUN,0.3860254,0.5,default_0_50
2025-09-21,pl2025092104,日本ハム,3,1,1,1,RUN_SCORED,RUN_SCORED,0.7079829,0.5,default_0_50
2025-09-21,pl2025092104,日本ハム,4,1,0,0,NO_RUN,NO_RUN,0.40595514,0.5,default_0_50
2025-09-21,pl2025092104,日本ハム,5,1,0,1,NO_RUN,RUN_SCORED,0.7580082,0.5,default_0_50
2025-09-21,pl2025092104,日本ハム,6,1,1,1,RUN_SCORED,RUN_SCORED,0.7580082,0.5,default_0_50
2025-09-21,pl2025092104,日本ハム,7,1,0,1,NO_RUN,RUN_SCORED,0.67916596,0.5,default_0_50
2025-09-21,pl2025092104,日本ハム,8,1,0,0,NO_RUN,NO_RUN,0.39642802,0.5,default_0_50
2025-09-21,pl2025092105,楽天,1,1,0,1,NO_RUN,RUN_SCORED,0.5064239,0.5,default_0_50
2025-09-21,pl2025092105,楽天,2,1,0,0,NO_RUN,NO_RUN,0.28180146,0.5,default_0_50
2025-09-21,pl2025092105,楽天,3,1,0,0,NO_RUN,NO_RUN,0.4819577,0.5,default_0_50
2025-09-21,pl2025092105,楽天,4,1,0,0,NO_RUN,NO_RUN,0.29101923,0.5,default_0_50
2025-09-21,pl2025092105,楽天,5,1,1,1,RUN_SCORED,RUN_SCORED,0.5095768,0.5,default_0_50
2025-09-21,pl2025092105,楽天,6,1,1,0,RUN_SCORED,NO_RUN,0.3257712,0.5,default_0_50
2025-09-21,pl2025092105,楽天,7,1,0,0,NO_RUN,NO_RUN,0.47317857,0.5,default_0_50
2025-09-21,pl2025092105,楽天,8,1,0,0,NO_RUN,NO_RUN,0.49702063,0.5,default_0_50
2025-09-21,pl2025092105,楽天,9,1,0,0,NO_RUN,NO_RUN,0.30679032,0.5,default_0_50
2025-09-21,pl2025092105,西武,1,0,0,0,NO_RUN,NO_RUN,0.49531737,0.5,default_0_50
2025-09-21,pl2025092105,西武,2,0,1,0,RUN_SCORED,NO_RUN,0.49531737,0.5,default_0_50
2025-09-21,pl2025092105,西武,3,0,1,0,RUN_SCORED,NO_RUN,0.4982637,0.5,default_0_50
2025-09-21,pl2025092105,西武,4,0,0,1,NO_RUN,RUN_SCORED,0.5811114,0.5,default_0_50
2025-09-21,pl2025092105,西武,5,0,1,0,RUN_SCORED,NO_RUN,0.3004033,0.5,default_0_50
2025-09-21,pl2025092105,西武,6,0,0,1,NO_RUN,RUN_SCORED,0.5334554,0.5,default_0_50
2025-09-21,pl2025092105,西武,7,0,1,0,RUN_SCORED,NO_RUN,0.30176622,0.5,default_0_50
2025-09-21,pl2025092105,西武,8,0,1,1,RUN_SCORED,RUN_SCORED,0.51978296,0.5,default_0_50
2025-09-21,pl2025092105,西武,9,0,0,1,NO_RUN,RUN_SCORED,0.5560201,0.5,default_0_50
2025-09-21,pl2025092106,オリックス,1,0,0,1,NO_RUN,RUN_SCORED,0.5403963,0.5,default_0_50
2025-09-21,pl2025092106,オリックス,2,0,1,0,RUN_SCORED,NO_RUN,0.31540972,0.5,default_0_50
2025-09-21,pl2025092106,オリックス,3,0,0,1,NO_RUN,RUN_SCORED,0.5466936,0.5,default_0_50
2025-09-21,pl2025092106,オリックス,4,0,0,0,NO_RUN,NO_RUN,0.32817864,0.5,default_0_50
2025-09-21,pl2025092106,オリックス,5,0,1,1,RUN_SCORED,RUN_SCORED,0.5777486,0.5,default_0_50
2025-09-21,pl2025092106,オリックス,6,0,0,1,NO_RUN,RUN_SCORED,0.5608312,0.5,default_0_50
2025-09-21,pl2025092106,オリックス,7,0,0,0,NO_RUN,NO_RUN,0.3176858,0.5,default_0_50
2025-09-21,pl2025092106,オリックス,8,0,0,1,NO_RUN,RUN_SCORED,0.5589073,0.5,default_0_50
2025-09-21,pl2025092106,オリックス,9,0,0,0,NO_RUN,NO_RUN,0.31131375,0.5,default_0_50
2025-09-21,pl2025092106,ソフトバンク,1,1,0,1,NO_RUN,RUN_SCORED,0.68007016,0.5,default_0_50
2025-09-21,pl2025092106,ソフトバンク,2,1,0,0,NO_RUN,NO_RUN,0.36646608,0.5,default_0_50
2025-09-21,pl2025092106,ソフトバンク,3,1,0,1,NO_RUN,RUN_SCORED,0.67182165,0.5,default_0_50
2025-09-21,pl2025092106,ソフトバンク,4,1,0,1,NO_RUN,RUN_SCORED,0.70380664,0.5,default_0_50
2025-09-21,pl2025092106,ソフトバンク,5,1,0,1,NO_RUN,RUN_SCORED,0.7388105,0.5,default_0_50
2025-09-21,pl2025092106,ソフトバンク,6,1,0,0,NO_RUN,NO_RUN,0.33201438,0.5,default_0_50
2025-09-21,pl2025092106,ソフトバンク,7,1,0,1,NO_RUN,RUN_SCORED,0.6996868,0.5,default_0_50
2025-09-21,pl2025092106,ソフトバンク,8,1,0,1,NO_RUN,RUN_SCORED,0.65862566,0.5,default_0_50
2025-09-21,pl2025092106,ソフトバンク,9,1,1,1,RUN_SCORED,RUN_SCORED,0.6334495,0.5,default_0_50
2025-09-22,cl2025092201,ヤクルト,1,1,0,0,NO_RUN,NO_RUN,0.4842983,0.5,default_0_50
2025-09-22,cl2025092201,ヤクルト,2,1,0,0,NO_RUN,NO_RUN,0.28602928,0.5,default_0_50
2025-09-22,cl2025092201,ヤクルト,3,1,0,0,NO_RUN,NO_RUN,0.47548687,0.5,default_0_50
2025-09-22,cl2025092201,ヤクルト,4,1,0,1,NO_RUN,RUN_SCORED,0.5130068,0.5,default_0_50
2025-09-22,cl2025092201,ヤクルト,5,1,1,1,RUN_SCORED,RUN_SCORED,0.50192934,0.5,default_0_50
2025-09-22,cl2025092201,ヤクルト,6,1,0,0,NO_RUN,NO_RUN,0.49162737,0.5,default_0_50
2025-09-22,cl2025092201,ヤクルト,7,1,0,0,NO_RUN,NO_RUN,0.4981457,0.5,default_0_50
2025-09-22,cl2025092201,ヤクルト,8,1,1,0,RUN_SCORED,NO_RUN,0.46681693,0.5,default_0_50
2025-09-22,cl2025092201,阪神,1,0,0,1,NO_RUN,RUN_SCORED,0.6372665,0.5,default_0_50
2025-09-22,cl2025092201,阪神,2,0,1,0,RUN_SCORED,NO_RUN,0.3510296,0.5,default_0_50
2025-09-22,cl2025092201,阪神,3,0,0,1,NO_RUN,RUN_SCORED,0.64806396,0.5,default_0_50
2025-09-22,cl2025092201,阪神,4,0,1,0,RUN_SCORED,NO_RUN,0.3684933,0.5,default_0_50
2025-09-22,cl2025092201,阪神,5,0,0,1,NO_RUN,RUN_SCORED,0.70275384,0.5,default_0_50
2025-09-22,cl2025092201,阪神,6,0,0,0,NO_RUN,NO_RUN,0.34989655,0.5,default_0_50
2025-09-22,cl2025092201,阪神,7,0,0,1,NO_RUN,RUN_SCORED,0.59234494,0.5,default_0_50
2025-09-22,cl2025092201,阪神,8,0,0,0,NO_RUN,NO_RUN,0.26951924,0.5,default_0_50
2025-09-22,cl2025092201,阪神,9,0,0,0,NO_RUN,NO_RUN,0.31090084,0.5,default_0_50
2025-09-22,pl2025092202,ロッテ,1,0,0,0,NO_RUN,NO_RUN,0.48975053,0.5,default_0_50
2025-09-22,pl2025092202,ロッテ,2,0,1,0,RUN_SCORED,NO_RUN,0.48975053,0.5,default_0_50
2025-09-22,pl2025092202,ロッテ,3,0,0,0,NO_RUN,NO_RUN,0.49956456,0.5,default_0_50
2025-09-22,pl2025092202,ロッテ,4,0,0,0,NO_RUN,NO_RUN,0.3108973,0.5,default_0_50
2025-09-22,pl2025092202,ロッテ,5,0,0,1,NO_RUN,RUN_SCORED,0.5277003,0.5,default_0_50
2025-09-22,pl2025092202,ロッテ,6,0,0,1,NO_RUN,RUN_SCORED,0.54633224,0.5,default_0_50
2025-09-22,pl2025092202,ロッテ,7,0,0,0,NO_RUN,NO_RUN,0.29048443,0.5,default_0_50
2025-09-22,pl2025092202,ロッテ,8,0,0,0,NO_RUN,NO_RUN,0.49591285,0.5,default_0_50
2025-09-22,pl2025092202,ロッテ,9,0,0,1,NO_RUN,RUN_SCORED,0.50296694,0.5,default_0_50
2025-09-22,pl2025092202,日本ハム,1,1,0,1,NO_RUN,RUN_SCORED,0.7398509,0.5,default_0_50
2025-09-22,pl2025092202,日本ハム,2,1,0,0,NO_RUN,NO_RUN,0.38868466,0.5,default_0_50
2025-09-22,pl2025092202,日本ハム,3,1,0,1,NO_RUN,RUN_SCORED,0.73109794,0.5,default_0_50
2025-09-22,pl2025092202,日本ハム,4,1,0,1,NO_RUN,RUN_SCORED,0.68536365,0.5,default_0_50
2025-09-22,pl2025092202,日本ハム,5,1,0,0,NO_RUN,NO_RUN,0.4412301,0.5,default_0_50
2025-09-22,pl2025092202,日本ハム,6,1,0,1,NO_RUN,RUN_SCORED,0.7786612,0.5,default_0_50
2025-09-22,pl2025092202,日本ハム,7,1,0,0,NO_RUN,NO_RUN,0.39185575,0.5,default_0_50
2025-09-22,pl2025092202,日本ハム,8,1,0,1,NO_RUN,RUN_SCORED,0.65127426,0.5,default_0_50
2025-09-22,pl2025092202,日本ハム,9,1,0,1,NO_RUN,RUN_SCORED,0.60566616,0.5,default_0_50
2025-09-22,pl2025092203,オリックス,1,0,0,1,NO_RUN,RUN_SCORED,0.56836766,0.5,default_0_50
2025-09-22,pl2025092203,オリックス,2,0,0,0,NO_RUN,NO_RUN,0.32130393,0.5,default_0_50
2025-09-22,pl2025092203,オリックス,3,0,0,0,NO_RUN,NO_RUN,0.31477073,0.5,default_0_50
2025-09-22,pl2025092203,オリックス,4,0,0,1,NO_RUN,RUN_SCORED,0.59909755,0.5,default_0_50
2025-09-22,pl2025092203,オリックス,5,0,0,0,NO_RUN,NO_RUN,0.3339874,0.5,default_0_50
2025-09-22,pl2025092203,オリックス,6,0,0,1,NO_RUN,RUN_SCORED,0.59909755,0.5,default_0_50
2025-09-22,pl2025092203,オリックス,7,0,0,0,NO_RUN,NO_RUN,0.31281498,0.5,default_0_50
2025-09-22,pl2025092203,オリックス,8,0,1,1,RUN_SCORED,RUN_SCORED,0.5209685,0.5,default_0_50
2025-09-22,pl2025092203,オリックス,9,0,0,1,NO_RUN,RUN_SCORED,0.56015456,0.5,default_0_50
2025-09-22,pl2025092203,ソフトバンク,1,1,0,1,NO_RUN,RUN_SCORED,0.60215324,0.5,default_0_50
2025-09-22,pl2025092203,ソフトバンク,2,1,0,0,NO_RUN,NO_RUN,0.35129148,0.5,default_0_50
2025-09-22,pl2025092203,ソフトバンク,3,1,0,1,NO_RUN,RUN_SCORED,0.60215324,0.5,default_0_50
2025-09-22,pl2025092203,ソフトバンク,4,1,0,0,NO_RUN,NO_RUN,0.3645843,0.5,default_0_50
2025-09-22,pl2025092203,ソフトバンク,5,1,0,1,NO_RUN,RUN_SCORED,0.631168,0.5,default_0_50
2025-09-22,pl2025092203,ソフトバンク,6,1,0,0,NO_RUN,NO_RUN,0.37564144,0.5,default_0_50
2025-09-22,pl2025092203,ソフトバンク,7,1,0,1,NO_RUN,RUN_SCORED,0.5755419,0.5,default_0_50
2025-09-22,pl2025092203,ソフトバンク,8,1,0,0,NO_RUN,NO_RUN,0.35152975,0.5,default_0_50
2025-09-22,pl2025092203,ソフトバンク,9,1,0,0,NO_RUN,NO_RUN,0.32525122,0.5,default_0_50
2025-09-23,cl2025092301,ヤクルト,1,1,0,1,NO_RUN,RUN_SCORED,0.62780327,0.5,default_0_50
2025-09-23,cl2025092301,ヤクルト,2,1,0,0,NO_RUN,NO_RUN,0.3444569,0.5,default_0_50
2025-09-23,cl2025092301,ヤクルト,3,1,0,1,NO_RUN,RUN_SCORED,0.62780327,0.5,default_0_50
2025-09-23,cl2025092301,ヤクルト,4,1,0,1,NO_RUN,RUN_SCORED,0.56236595,0.5,default_0_50
2025-09-23,cl2025092301,ヤクルト,5,1,0,1,NO_RUN,RUN_SCORED,0.64302605,0.5,default_0_50
2025-09-23,cl2025092301,ヤクルト,6,1,0,0,NO_RUN,NO_RUN,0.35925686,0.5,default_0_50
2025-09-23,cl2025092301,ヤクルト,7,1,0,1,NO_RUN,RUN_SCORED,0.57026136,0.5,default_0_50
2025-09-23,cl2025092301,ヤクルト,8,1,0,0,NO_RUN,NO_RUN,0.30662113,0.5,default_0_50
2025-09-23,cl2025092301,ヤクルト,9,1,0,0,NO_RUN,NO_RUN,0.32945555,0.5,default_0_50
2025-09-23,cl2025092301,中日,1,0,0,1,NO_RUN,RUN_SCORED,0.64435446,0.5,default_0_50
2025-09-23,cl2025092301,中日,2,0,0,0,NO_RUN,NO_RUN,0.35358262,0.5,default_0_50
2025-09-23,cl2025092301,中日,3,0,0,0,NO_RUN,NO_RUN,0.28709137,0.5,default_0_50
2025-09-23,cl2025092301,中日,4,0,1,1,RUN_SCORED,RUN_SCORED,0.67355835,0.5,default_0_50
2025-09-23,cl2025092301,中日,5,0,0,1,NO_RUN,RUN_SCORED,0.68491054,0.5,default_0_50
2025-09-23,cl2025092301,中日,6,0,0,1,NO_RUN,RUN_SCORED,0.7216896,0.5,default_0_50
2025-09-23,cl2025092301,中日,7,0,0,0,NO_RUN,NO_RUN,0.32877496,0.5,default_0_50
2025-09-23,cl2025092301,中日,8,0,0,1,NO_RUN,RUN_SCORED,0.54505754,0.5,default_0_50
2025-09-23,cl2025092301,中日,9,0,1,0,RUN_SCORED,NO_RUN,0.34375736,0.5,default_0_50
2025-09-23,cl2025092302,阪神,1,0,0,1,NO_RUN,RUN_SCORED,0.55225056,0.5,default_0_50
2025-09-23,cl2025092302,阪神,2,0,0,0,NO_RUN,NO_RUN,0.28300032,0.5,default_0_50
2025-09-23,cl2025092302,阪神,3,0,0,1,NO_RUN,RUN_SCORED,0.5440388,0.5,default_0_50
2025-09-23,cl2025092302,阪神,4,0,0,0,NO_RUN,NO_RUN,0.29686877,0.5,default_0_50
2025-09-23,cl2025092302,阪神,5,0,1,1,RUN_SCORED,RUN_SCORED,0.5744452,0.5,default_0_50
2025-09-23,cl2025092302,阪神,6,0,1,0,RUN_SCORED,NO_RUN,0.29431602,0.5,default_0_50
2025-09-23,cl2025092302,阪神,7,0,0,1,NO_RUN,RUN_SCORED,0.5674118,0.5,default_0_50
2025-09-23,cl2025092302,阪神,8,0,0,0,NO_RUN,NO_RUN,0.44203043,0.5,default_0_50
2025-09-23,cl2025092302,阪神,9,0,0,0,NO_RUN,NO_RUN,0.3112917,0.5,default_0_50
2025-09-23,cl2025092302,阪神,10,0,0,1,NO_RUN,RUN_SCORED,0.57823104,0.5,default_0_50
2025-09-23,cl2025092302,阪神,11,0,0,0,NO_RUN,NO_RUN,0.31805968,0.5,default_0_50
2025-09-23,cl2025092302,阪神,12,0,0,1,NO_RUN,RUN_SCORED,0.56098676,0.5,default_0_50
2025-09-23,cl2025092302,ＤｅＮＡ,1,1,0,1,NO_RUN,RUN_SCORED,0.5645129,0.5,default_0_50
2025-09-23,cl2025092302,ＤｅＮＡ,2,1,1,0,RUN_SCORED,NO_RUN,0.3322217,0.5,default_0_50
2025-09-23,cl2025092302,ＤｅＮＡ,3,1,0,1,NO_RUN,RUN_SCORED,0.5689423,0.5,default_0_50
2025-09-23,cl2025092302,ＤｅＮＡ,4,1,0,0,NO_RUN,NO_RUN,0.3356011,0.5,default_0_50
2025-09-23,cl2025092302,ＤｅＮＡ,5,1,1,1,RUN_SCORED,RUN_SCORED,0.59127456,0.5,default_0_50
2025-09-23,cl2025092302,ＤｅＮＡ,6,1,0,0,NO_RUN,NO_RUN,0.3242664,0.5,default_0_50
2025-09-23,cl2025092302,ＤｅＮＡ,7,1,0,1,NO_RUN,RUN_SCORED,0.54275006,0.5,default_0_50
2025-09-23,cl2025092302,ＤｅＮＡ,8,1,0,1,NO_RUN,RUN_SCORED,0.58421063,0.5,default_0_50
2025-09-23,cl2025092302,ＤｅＮＡ,9,1,0,0,NO_RUN,NO_RUN,0.2979453,0.5,default_0_50
2025-09-23,cl2025092302,ＤｅＮＡ,10,1,0,1,NO_RUN,RUN_SCORED,0.60057914,0.5,default_0_50
2025-09-23,cl2025092302,ＤｅＮＡ,11,1,0,0,NO_RUN,NO_RUN,0.3199766,0.5,default_0_50
2025-09-23,cl2025092302,ＤｅＮＡ,12,1,0,1,NO_RUN,RUN_SCORED,0.5887387,0.5,default_0_50
2025-09-23,cl2025092303,巨人,1,0,0,1,NO_RUN,RUN_SCORED,0.54358876,0.5,default_0_50
2025-09-23,cl2025092303,巨人,2,0,0,0,NO_RUN,NO_RUN,0.3013592,0.5,default_0_50
2025-09-23,cl2025092303,巨人,3,0,0,1,NO_RUN,RUN_SCORED,0.5231487,0.5,default_0_50
2025-09-23,cl2025092303,巨人,4,0,0,0,NO_RUN,NO_RUN,0.32450202,0.5,default_0_50
2025-09-23,cl2025092303,巨人,5,0,0,1,NO_RUN,RUN_SCORED,0.55327755,0.5,default_0_50
2025-09-23,cl2025092303,巨人,6,0,0,0,NO_RUN,NO_RUN,0.33156785,0.5,default_0_50
2025-09-23,cl2025092303,巨人,7,0,0,0,NO_RUN,NO_RUN,0.4933664,0.5,default_0_50
2025-09-23,cl2025092303,巨人,8,0,0,0,NO_RUN,NO_RUN,0.4180529,0.5,default_0_50
2025-09-23,cl2025092303,巨人,9,0,0,0,NO_RUN,NO_RUN,0.2915473,0.5,default_0_50
2025-09-23,cl2025092303,広島,1,1,1,1,RUN_SCORED,RUN_SCORED,0.6342237,0.5,default_0_50
2025-09-23,cl2025092303,広島,2,1,1,1,RUN_SCORED,RUN_SCORED,0.6438003,0.5,default_0_50
2025-09-23,cl2025092303,広島,3,1,0,1,NO_RUN,RUN_SCORED,0.59160894,0.5,default_0_50
2025-09-23,cl2025092303,広島,4,1,0,0,NO_RUN,NO_RUN,0.31671816,0.5,default_0_50
2025-09-23,cl2025092303,広島,5,1,0,1,NO_RUN,RUN_SCORED,0.66297853,0.5,default_0_50
2025-09-23,cl2025092303,広島,6,1,0,0,NO_RUN,NO_RUN,0.31484288,0.5,default_0_50
2025-09-23,cl2025092303,広島,7,1,0,1,NO_RUN,RUN_SCORED,0.63888365,0.5,default_0_50
2025-09-23,cl2025092303,広島,8,1,1,0,RUN_SCORED,NO_RUN,0.28320262,0.5,default_0_50
2025-09-23,pl2025092304,日本ハム,1,1,0,1,NO_RUN,RUN_SCORED,0.59596866,0.5,default_0_50
2025-09-23,pl2025092304,日本ハム,2,1,0,0,NO_RUN,NO_RUN,0.32095274,0.5,default_0_50
2025-09-23,pl2025092304,日本ハム,3,1,0,0,NO_RUN,NO_RUN,0.31982642,0.5,default_0_50
2025-09-23,pl2025092304,日本ハム,4,1,0,1,NO_RUN,RUN_SCORED,0.6243581,0.5,default_0_50
2025-09-23,pl2025092304,日本ハム,5,1,0,0,NO_RUN,NO_RUN,0.34308052,0.5,default_0_50
2025-09-23,pl2025092304,日本ハム,6,1,0,1,NO_RUN,RUN_SCORED,0.6164831,0.5,default_0_50
2025-09-23,pl2025092304,日本ハム,7,1,0,1,NO_RUN,RUN_SCORED,0.5784398,0.5,default_0_50
2025-09-23,pl2025092304,日本ハム,8,1,0,1,NO_RUN,RUN_SCORED,0.6382504,0.5,default_0_50
2025-09-23,pl2025092304,日本ハム,9,1,0,1,NO_RUN,RUN_SCORED,0.5846923,0.5,default_0_50
2025-09-23,pl2025092304,楽天,1,0,1,1,RUN_SCORED,RUN_SCORED,0.60691005,0.5,default_0_50
2025-09-23,pl2025092304,楽天,2,0,1,1,RUN_SCORED,RUN_SCORED,0.64988405,0.5,default_0_50
2025-09-23,pl2025092304,楽天,3,0,0,1,NO_RUN,RUN_SCORED,0.53974634,0.5,default_0_50
2025-09-23,pl2025092304,楽天,4,0,0,1,NO_RUN,RUN_SCORED,0.63402456,0.5,default_0_50
2025-09-23,pl2025092304,楽天,5,0,1,1,RUN_SCORED,RUN_SCORED,0.56754327,0.5,default_0_50
2025-09-23,pl2025092304,楽天,6,0,1,1,RUN_SCORED,RUN_SCORED,0.6194314,0.5,default_0_50
2025-09-23,pl2025092304,楽天,7,0,0,1,NO_RUN,RUN_SCORED,0.6081402,0.5,default_0_50
2025-09-23,pl2025092304,楽天,8,0,1,1,RUN_SCORED,RUN_SCORED,0.6014141,0.5,default_0_50
2025-09-23,pl2025092304,楽天,9,0,0,1,NO_RUN,RUN_SCORED,0.6739754,0.5,default_0_50
2025-09-23,pl2025092305,ロッテ,1,1,0,1,NO_RUN,RUN_SCORED,0.59549344,0.5,default_0_50
2025-09-23,pl2025092305,ロッテ,2,1,1,0,RUN_SCORED,NO_RUN,0.30973297,0.5,default_0_50
2025-09-23,pl2025092305,ロッテ,3,1,0,1,NO_RUN,RUN_SCORED,0.60525435,0.5,default_0_50
2025-09-23,pl2025092305,ロッテ,4,1,0,0,NO_RUN,NO_RUN,0.31851476,0.5,default_0_50
2025-09-23,pl2025092305,ロッテ,5,1,0,1,NO_RUN,RUN_SCORED,0.6349041,0.5,default_0_50
2025-09-23,pl2025092305,ロッテ,6,1,0,1,NO_RUN,RUN_SCORED,0.59717697,0.5,default_0_50
2025-09-23,pl2025092305,ロッテ,7,1,0,0,NO_RUN,NO_RUN,0.28023604,0.5,default_0_50
2025-09-23,pl2025092305,ロッテ,8,1,0,1,NO_RUN,RUN_SCORED,0.613493,0.5,default_0_50
2025-09-23,pl2025092305,西武,1,0,0,1,NO_RUN,RUN_SCORED,0.6158612,0.5,default_0_50
2025-09-23,pl2025092305,西武,2,0,0,0,NO_RUN,NO_RUN,0.34233353,0.5,default_0_50
2025-09-23,pl2025092305,西武,3,0,0,1,NO_RUN,RUN_SCORED,0.6061204,0.5,default_0_50
2025-09-23,pl2025092305,西武,4,0,0,0,NO_RUN,NO_RUN,0.35032225,0.5,default_0_50
2025-09-23,pl2025092305,西武,5,0,0,0,NO_RUN,NO_RUN,0.3127669,0.5,default_0_50
2025-09-23,pl2025092305,西武,6,0,0,1,NO_RUN,RUN_SCORED,0.6589468,0.5,default_0_50
2025-09-23,pl2025092305,西武,7,0,0,0,NO_RUN,NO_RUN,0.34358186,0.5,default_0_50
2025-09-23,pl2025092305,西武,8,0,0,1,NO_RUN,RUN_SCORED,0.59071016,0.5,default_0_50
2025-09-23,pl2025092305,西武,9,0,0,1,NO_RUN,RUN_SCORED,0.586447,0.5,default_0_50
2025-09-23,pl2025092306,オリックス,1,0,0,1,NO_RUN,RUN_SCORED,0.56978035,0.5,default_0_50
2025-09-23,pl2025092306,オリックス,2,0,0,0,NO_RUN,NO_RUN,0.31349117,0.5,default_0_50
2025-09-23,pl2025092306,オリックス,3,0,1,1,RUN_SCORED,RUN_SCORED,0.56978035,0.5,default_0_50
2025-09-23,pl2025092306,オリックス,4,0,0,0,NO_RUN,NO_RUN,0.32775143,0.5,default_0_50
2025-09-23,pl2025092306,オリックス,5,0,0,1,NO_RUN,RUN_SCORED,0.6123842,0.5,default_0_50
2025-09-23,pl2025092306,オリックス,6,0,0,0,NO_RUN,NO_RUN,0.34094432,0.5,default_0_50
2025-09-23,pl2025092306,オリックス,7,0,0,1,NO_RUN,RUN_SCORED,0.6083253,0.5,default_0_50
2025-09-23,pl2025092306,オリックス,8,0,0,0,NO_RUN,NO_RUN,0.49726853,0.5,default_0_50
2025-09-23,pl2025092306,オリックス,9,0,0,0,NO_RUN,NO_RUN,0.32101157,0.5,default_0_50
2025-09-23,pl2025092306,ソフトバンク,1,1,0,1,NO_RUN,RUN_SCORED,0.6031704,0.5,default_0_50
2025-09-23,pl2025092306,ソフトバンク,2,1,0,0,NO_RUN,NO_RUN,0.3374458,0.5,default_0_50
2025-09-23,pl2025092306,ソフトバンク,3,1,0,1,NO_RUN,RUN_SCORED,0.59417444,0.5,default_0_50
2025-09-23,pl2025092306,ソフトバンク,4,1,0,0,NO_RUN,NO_RUN,0.34501287,0.5,default_0_50
2025-09-23,pl2025092306,ソフトバンク,5,1,0,1,NO_RUN,RUN_SCORED,0.6507107,0.5,default_0_50
2025-09-23,pl2025092306,ソフトバンク,6,1,0,0,NO_RUN,NO_RUN,0.35649014,0.5,default_0_50
2025-09-23,pl2025092306,ソフトバンク,7,1,0,0,NO_RUN,NO_RUN,0.3031643,0.5,default_0_50
2025-09-23,pl2025092306,ソフトバンク,8,1,0,1,NO_RUN,RUN_SCORED,0.5397687,0.5,default_0_50
2025-09-23,pl2025092306,ソフトバンク,9,1,0,0,NO_RUN,NO_RUN,0.297886,0.5,default_0_50
2025-09-24,pl2025092401,ソフトバンク,1,0,1,1,RUN_SCORED,RUN_SCORED,0.56918293,0.5,default_0_50
2025-09-24,pl2025092401,ソフトバンク,2,0,1,1,RUN_SCORED,RUN_SCORED,0.5792438,0.5,default_0_50
2025-09-24,pl2025092401,ソフトバンク,3,0,0,1,NO_RUN,RUN_SCORED,0.52299184,0.5,default_0_50
2025-09-24,pl2025092401,ソフトバンク,4,0,1,1,RUN_SCORED,RUN_SCORED,0.6089822,0.5,default_0_50
2025-09-24,pl2025092401,ソフトバンク,5,0,0,0,NO_RUN,NO_RUN,0.35114563,0.5,default_0_50
2025-09-24,pl2025092401,ソフトバンク,6,0,1,1,RUN_SCORED,RUN_SCORED,0.57737255,0.5,default_0_50
2025-09-24,pl2025092401,ソフトバンク,7,0,0,0,NO_RUN,NO_RUN,0.35606983,0.5,default_0_50
2025-09-24,pl2025092401,ソフトバンク,8,0,0,0,NO_RUN,NO_RUN,0.32663175,0.5,default_0_50
2025-09-24,pl2025092401,ソフトバンク,9,0,0,0,NO_RUN,NO_RUN,0.3497699,0.5,default_0_50
2025-09-24,pl2025092401,楽天,1,1,0,0,NO_RUN,NO_RUN,0.48557425,0.5,default_0_50
2025-09-24,pl2025092401,楽天,2,1,0,0,NO_RUN,NO_RUN,0.30108693,0.5,default_0_50
2025-09-24,pl2025092401,楽天,3,1,0,0,NO_RUN,NO_RUN,0.48557425,0.5,default_0_50
2025-09-24,pl2025092401,楽天,4,1,0,1,NO_RUN,RUN_SCORED,0.52221817,0.5,default_0_50
2025-09-24,pl2025092401,楽天,5,1,1,1,RUN_SCORED,RUN_SCORED,0.50050974,0.5,default_0_50
2025-09-24,pl2025092401,楽天,6,1,0,1,NO_RUN,RUN_SCORED,0.57146126,0.5,default_0_50
2025-09-24,pl2025092401,楽天,7,1,0,0,NO_RUN,NO_RUN,0.28875566,0.5,default_0_50
2025-09-24,pl2025092401,楽天,8,1,0,1,NO_RUN,RUN_SCORED,0.54609525,0.5,default_0_50
2025-09-24,pl2025092401,楽天,9,1,1,1,RUN_SCORED,RUN_SCORED,0.5079323,0.5,default_0_50
2025-09-24,pl2025092402,ロッテ,1,1,0,1,NO_RUN,RUN_SCORED,0.5835963,0.5,default_0_50
2025-09-24,pl2025092402,ロッテ,2,1,1,0,RUN_SCORED,NO_RUN,0.3254478,0.5,default_0_50
2025-09-24,pl2025092402,ロッテ,3,1,0,1,NO_RUN,RUN_SCORED,0.59260744,0.5,default_0_50
2025-09-24,pl2025092402,ロッテ,4,1,0,0,NO_RUN,NO_RUN,0.35604194,0.5,default_0_50
2025-09-24,pl2025092402,ロッテ,5,1,1,1,RUN_SCORED,RUN_SCORED,0.62104523,0.5,default_0_50
2025-09-24,pl2025092402,ロッテ,6,1,1,1,RUN_SCORED,RUN_SCORED,0.6451614,0.5,default_0_50
2025-09-24,pl2025092402,ロッテ,7,1,0,0,NO_RUN,NO_RUN,0.31751522,0.5,default_0_50
2025-09-24,pl2025092402,ロッテ,8,1,0,1,NO_RUN,RUN_SCORED,0.6367334,0.5,default_0_50
2025-09-24,pl2025092402,西武,1,0,0,1,NO_RUN,RUN_SCORED,0.6009305,0.5,default_0_50
2025-09-24,pl2025092402,西武,2,0,0,0,NO_RUN,NO_RUN,0.33064935,0.5,default_0_50
2025-09-24,pl2025092402,西武,3,0,0,0,NO_RUN,NO_RUN,0.2872674,0.5,default_0_50
2025-09-24,pl2025092402,西武,4,0,0,1,NO_RUN,RUN_SCORED,0.6164421,0.5,default_0_50
2025-09-24,pl2025092402,西武,5,0,0,0,NO_RUN,NO_RUN,0.33348876,0.5,default_0_50
2025-09-24,pl2025092402,西武,6,0,0,0,NO_RUN,NO_RUN,0.29568607,0.5,default_0_50
2025-09-24,pl2025092402,西武,7,0,0,1,NO_RUN,RUN_SCORED,0.5986886,0.5,default_0_50
2025-09-24,pl2025092402,西武,8,0,0,0,NO_RUN,NO_RUN,0.30182227,0.5,default_0_50
2025-09-24,pl2025092402,西武,9,0,0,1,NO_RUN,RUN_SCORED,0.58764315,0.5,default_0_50
2025-09-25,pl2025092501,ソフトバンク,1,0,0,1,NO_RUN,RUN_SCORED,0.564848,0.5,default_0_50
2025-09-25,pl2025092501,ソフトバンク,2,0,0,0,NO_RUN,NO_RUN,0.33822024,0.5,default_0_50
2025-09-25,pl2025092501,ソフトバンク,3,0,0,1,NO_RUN,RUN_SCORED,0.564848,0.5,default_0_50
2025-09-25,pl2025092501,ソフトバンク,4,0,0,1,NO_RUN,RUN_SCORED,0.54709065,0.5,default_0_50
2025-09-25,pl2025092501,ソフトバンク,5,0,0,1,NO_RUN,RUN_SCORED,0.5902856,0.5,default_0_50
2025-09-25,pl2025092501,ソフトバンク,6,0,0,0,NO_RUN,NO_RUN,0.34495348,0.5,default_0_50
2025-09-25,pl2025092501,ソフトバンク,7,0,1,0,RUN_SCORED,NO_RUN,0.43548372,0.5,default_0_50
2025-09-25,pl2025092501,ソフトバンク,8,0,0,1,NO_RUN,RUN_SCORED,0.5763084,0.5,default_0_50
2025-09-25,pl2025092501,ソフトバンク,9,0,1,1,RUN_SCORED,RUN_SCORED,0.55246973,0.5,default_0_50
2025-09-25,pl2025092501,楽天,1,1,0,1,NO_RUN,RUN_SCORED,0.56085587,0.5,default_0_50
2025-09-25,pl2025092501,楽天,2,1,0,1,NO_RUN,RUN_SCORED,0.56085587,0.5,default_0_50
2025-09-25,pl2025092501,楽天,3,1,0,1,NO_RUN,RUN_SCORED,0.5616829,0.5,default_0_50
2025-09-25,pl2025092501,楽天,4,1,0,0,NO_RUN,NO_RUN,0.2851774,0.5,default_0_50
2025-09-25,pl2025092501,楽天,5,1,0,1,NO_RUN,RUN_SCORED,0.60819185,0.5,default_0_50
2025-09-25,pl2025092501,楽天,6,1,0,0,NO_RUN,NO_RUN,0.3110612,0.5,default_0_50
2025-09-25,pl2025092501,楽天,7,1,0,1,NO_RUN,RUN_SCORED,0.5692906,0.5,default_0_50
2025-09-25,pl2025092501,楽天,8,1,0,1,NO_RUN,RUN_SCORED,0.50307196,0.5,default_0_50
2025-09-25,pl2025092501,楽天,9,1,0,0,NO_RUN,NO_RUN,0.2957995,0.5,default_0_50
2025-09-25,pl2025092502,日本ハム,1,0,0,1,NO_RUN,RUN_SCORED,0.53271705,0.5,default_0_50
2025-09-25,pl2025092502,日本ハム,2,0,1,0,RUN_SCORED,NO_RUN,0.3028513,0.5,default_0_50
2025-09-25,pl2025092502,日本ハム,3,0,1,1,RUN_SCORED,RUN_SCORED,0.541178,0.5,default_0_50
2025-09-25,pl2025092502,日本ハム,4,0,0,0,NO_RUN,NO_RUN,0.3115007,0.5,default_0_50
2025-09-25,pl2025092502,日本ハム,5,0,1,1,RUN_SCORED,RUN_SCORED,0.56978214,0.5,default_0_50
2025-09-25,pl2025092502,日本ハム,6,0,0,0,NO_RUN,NO_RUN,0.33338982,0.5,default_0_50
2025-09-25,pl2025092502,日本ハム,7,0,0,0,NO_RUN,NO_RUN,0.30816376,0.5,default_0_50
2025-09-25,pl2025092502,日本ハム,8,0,0,0,NO_RUN,NO_RUN,0.28900054,0.5,default_0_50
2025-09-25,pl2025092502,日本ハム,9,0,0,0,NO_RUN,NO_RUN,0.2974013,0.5,default_0_50
2025-09-25,pl2025092502,西武,1,1,0,0,NO_RUN,NO_RUN,0.48340467,0.5,default_0_50
2025-09-25,pl2025092502,西武,2,1,0,0,NO_RUN,NO_RUN,0.30351278,0.5,default_0_50
2025-09-25,pl2025092502,西武,3,1,0,0,NO_RUN,NO_RUN,0.47257915,0.5,default_0_50
2025-09-25,pl2025092502,西武,4,1,0,1,NO_RUN,RUN_SCORED,0.5044651,0.5,default_0_50
2025-09-25,pl2025092502,西武,5,1,0,0,NO_RUN,NO_RUN,0.4869283,0.5,default_0_50
2025-09-25,pl2025092502,西武,6,1,0,1,NO_RUN,RUN_SCORED,0.5141549,0.5,default_0_50
2025-09-25,pl2025092502,西武,7,1,1,0,RUN_SCORED,NO_RUN,0.481138,0.5,default_0_50
2025-09-25,pl2025092502,西武,8,1,0,0,NO_RUN,NO_RUN,0.4640869,0.5,default_0_50
2025-09-25,pl2025092503,オリックス,1,1,0,1,NO_RUN,RUN_SCORED,0.65130347,0.5,default_0_50
2025-09-25,pl2025092503,オリックス,2,1,0,0,NO_RUN,NO_RUN,0.34705323,0.5,default_0_50
2025-09-25,pl2025092503,オリックス,3,1,0,1,NO_RUN,RUN_SCORED,0.6378483,0.5,default_0_50
2025-09-25,pl2025092503,オリックス,4,1,0,1,NO_RUN,RUN_SCORED,0.69994915,0.5,default_0_50
2025-09-25,pl2025092503,オリックス,5,1,0,0,NO_RUN,NO_RUN,0.3812396,0.5,default_0_50
2025-09-25,pl2025092503,オリックス,6,1,0,1,NO_RUN,RUN_SCORED,0.72037905,0.5,default_0_50
2025-09-25,pl2025092503,オリックス,7,1,0,0,NO_RUN,NO_RUN,0.3826218,0.5,default_0_50
2025-09-25,pl2025092503,オリックス,8,1,0,1,NO_RUN,RUN_SCORED,0.67153543,0.5,default_0_50
2025-09-25,pl2025092503,オリックス,9,1,1,1,RUN_SCORED,RUN_SCORED,0.6817301,0.5,default_0_50
2025-09-25,pl2025092503,ロッテ,1,0,1,1,RUN_SCORED,RUN_SCORED,0.5811118,0.5,default_0_50
2025-09-25,pl2025092503,ロッテ,2,0,0,1,NO_RUN,RUN_SCORED,0.5940081,0.5,default_0_50
2025-09-25,pl2025092503,ロッテ,3,0,1,1,RUN_SCORED,RUN_SCORED,0.61256343,0.5,default_0_50
2025-09-25,pl2025092503,ロッテ,4,0,1,1,RUN_SCORED,RUN_SCORED,0.63447195,0.5,default_0_50
2025-09-25,pl2025092503,ロッテ,5,0,0,0,NO_RUN,NO_RUN,0.36007285,0.5,default_0_50
2025-09-25,pl2025092503,ロッテ,6,0,0,1,NO_RUN,RUN_SCORED,0.6605586,0.5,default_0_50
2025-09-25,pl2025092503,ロッテ,7,0,0,0,NO_RUN,NO_RUN,0.34753448,0.5,default_0_50
2025-09-25,pl2025092503,ロッテ,8,0,0,1,NO_RUN,RUN_SCORED,0.60982597,0.5,default_0_50
2025-09-25,pl2025092503,ロッテ,9,0,0,1,NO_RUN,RUN_SCORED,0.61305416,0.5,default_0_50
2025-09-26,cl2025092610,ヤクルト,1,1,1,1,RUN_SCORED,RUN_SCORED,0.5644076,0.5,default_0_50
2025-09-26,cl2025092610,ヤクルト,2,1,0,1,NO_RUN,RUN_SCORED,0.5706885,0.5,default_0_50
2025-09-26,cl2025092610,ヤクルト,3,1,1,1,RUN_SCORED,RUN_SCORED,0.5697949,0.5,default_0_50
2025-09-26,cl2025092610,ヤクルト,4,1,1,1,RUN_SCORED,RUN_SCORED,0.5877412,0.5,default_0_50
2025-09-26,cl2025092610,ヤクルト,5,1,0,1,NO_RUN,RUN_SCORED,0.6388005,0.5,default_0_50
2025-09-26,cl2025092610,ヤクルト,6,1,0,0,NO_RUN,NO_RUN,0.35974115,0.5,default_0_50
2025-09-26,cl2025092610,ヤクルト,7,1,0,0,NO_RUN,NO_RUN,0.31935075,0.5,default_0_50
2025-09-26,cl2025092610,ヤクルト,8,1,1,1,RUN_SCORED,RUN_SCORED,0.6036294,0.5,default_0_50
2025-09-26,cl2025092610,広島,1,0,0,1,NO_RUN,RUN_SCORED,0.63669306,0.5,default_0_50
2025-09-26,cl2025092610,広島,2,0,0,0,NO_RUN,NO_RUN,0.27797964,0.5,default_0_50
2025-09-26,cl2025092610,広島,3,0,0,1,NO_RUN,RUN_SCORED,0.63025725,0.5,default_0_50
2025-09-26,cl2025092610,広島,4,0,1,1,RUN_SCORED,RUN_SCORED,0.56279916,0.5,default_0_50
2025-09-26,cl2025092610,広島,5,0,0,1,NO_RUN,RUN_SCORED,0.7002704,0.5,default_0_50
2025-09-26,cl2025092610,広島,6,0,0,0,NO_RUN,NO_RUN,0.30583966,0.5,default_0_50
2025-09-26,cl2025092610,広島,7,0,0,1,NO_RUN,RUN_SCORED,0.5979623,0.5,default_0_50
2025-09-26,cl2025092610,広島,8,0,0,0,NO_RUN,NO_RUN,0.32497537,0.5,default_0_50
2025-09-26,cl2025092610,広島,9,0,0,0,NO_RUN,NO_RUN,0.2799585,0.5,default_0_50
2025-09-26,cl2025092611,中日,1,0,0,0,NO_RUN,NO_RUN,0.41881666,0.5,default_0_50
2025-09-26,cl2025092611,中日,2,0,0,0,NO_RUN,NO_RUN,0.29492635,0.5,default_0_50
2025-09-26,cl2025092611,中日,3,0,0,0,NO_RUN,NO_RUN,0.40208417,0.5,default_0_50
2025-09-26,cl2025092611,中日,4,0,0,0,NO_RUN,NO_RUN,0.39591315,0.5,default_0_50
2025-09-26,cl2025092611,中日,5,0,1,0,RUN_SCORED,NO_RUN,0.41991714,0.5,default_0_50
2025-09-26,cl2025092611,中日,6,0,1,0,RUN_SCORED,NO_RUN,0.38156608,0.5,default_0_50
2025-09-26,cl2025092611,中日,7,0,0,0,NO_RUN,NO_RUN,0.41634494,0.5,default_0_50
2025-09-26,cl2025092611,中日,8,0,0,0,NO_RUN,NO_RUN,0.36760017,0.5,default_0_50
2025-09-26,cl2025092611,中日,9,0,0,0,NO_RUN,NO_RUN,0.26284134,0.5,default_0_50
2025-09-26,cl2025092611,阪神,1,1,1,1,RUN_SCORED,RUN_SCORED,0.5594772,0.5,default_0_50
2025-09-26,cl2025092611,阪神,2,1,0,1,NO_RUN,RUN_SCORED,0.5831808,0.5,default_0_50
2025-09-26,cl2025092611,阪神,3,1,1,0,RUN_SCORED,NO_RUN,0.33184093,0.5,default_0_50
2025-09-26,cl2025092611,阪神,4,1,0,1,NO_RUN,RUN_SCORED,0.611692,0.5,default_0_50
2025-09-26,cl2025092611,阪神,5,1,1,1,RUN_SCORED,RUN_SCORED,0.56380004,0.5,default_0_50
2025-09-26,cl2025092611,阪神,6,1,0,0,NO_RUN,NO_RUN,0.2997292,0.5,default_0_50
2025-09-26,cl2025092611,阪神,7,1,0,1,NO_RUN,RUN_SCORED,0.6103181,0.5,default_0_50
2025-09-26,cl2025092611,阪神,8,1,0,0,NO_RUN,NO_RUN,0.3346008,0.5,default_0_50
2025-09-26,cl2025092612,巨人,1,0,1,1,RUN_SCORED,RUN_SCORED,0.54813164,0.5,default_0_50
2025-09-26,cl2025092612,巨人,2,0,0,1,NO_RUN,RUN_SCORED,0.5430211,0.5,default_0_50
2025-09-26,cl2025092612,巨人,3,0,0,1,NO_RUN,RUN_SCORED,0.54255384,0.5,default_0_50
2025-09-26,cl2025092612,巨人,4,0,0,1,NO_RUN,RUN_SCORED,0.5761216,0.5,default_0_50
2025-09-26,cl2025092612,巨人,5,0,1,1,RUN_SCORED,RUN_SCORED,0.59954995,0.5,default_0_50
2025-09-26,cl2025092612,巨人,6,0,0,1,NO_RUN,RUN_SCORED,0.6118163,0.5,default_0_50
2025-09-26,cl2025092612,巨人,7,0,0,0,NO_RUN,NO_RUN,0.28397334,0.5,default_0_50
2025-09-26,cl2025092612,巨人,8,0,0,1,NO_RUN,RUN_SCORED,0.5505072,0.5,default_0_50
2025-09-26,cl2025092612,巨人,9,0,0,0,NO_RUN,NO_RUN,0.47072402,0.5,default_0_50
2025-09-26,cl2025092612,ＤｅＮＡ,1,1,1,0,RUN_SCORED,NO_RUN,0.48564857,0.5,default_0_50
2025-09-26,cl2025092612,ＤｅＮＡ,2,1,1,1,RUN_SCORED,RUN_SCORED,0.50038016,0.5,default_0_50
2025-09-26,cl2025092612,ＤｅＮＡ,3,1,0,0,NO_RUN,NO_RUN,0.31275892,0.5,default_0_50
2025-09-26,cl2025092612,ＤｅＮＡ,4,1,0,1,NO_RUN,RUN_SCORED,0.5821364,0.5,default_0_50
2025-09-26,cl2025092612,ＤｅＮＡ,5,1,0,0,NO_RUN,NO_RUN,0.31005993,0.5,default_0_50
2025-09-26,cl2025092612,ＤｅＮＡ,6,1,0,1,NO_RUN,RUN_SCORED,0.56465906,0.5,default_0_50
2025-09-26,cl2025092612,ＤｅＮＡ,7,1,1,0,RUN_SCORED,NO_RUN,0.49697605,0.5,default_0_50
2025-09-26,cl2025092612,ＤｅＮＡ,8,1,0,1,NO_RUN,RUN_SCORED,0.51767296,0.5,default_0_50
2025-09-26,pl2025092601,日本ハム,1,0,0,1,NO_RUN,RUN_SCORED,0.6150332,0.5,default_0_50
2025-09-26,pl2025092601,日本ハム,2,0,1,0,RUN_SCORED,NO_RUN,0.31164086,0.5,default_0_50
2025-09-26,pl2025092601,日本ハム,3,0,1,1,RUN_SCORED,RUN_SCORED,0.60359645,0.5,default_0_50
2025-09-26,pl2025092601,日本ハム,4,0,0,1,NO_RUN,RUN_SCORED,0.59022564,0.5,default_0_50
2025-09-26,pl2025092601,日本ハム,5,0,1,0,RUN_SCORED,NO_RUN,0.31899536,0.5,default_0_50
2025-09-26,pl2025092601,日本ハム,6,0,1,1,RUN_SCORED,RUN_SCORED,0.6671854,0.5,default_0_50
2025-09-26,pl2025092601,日本ハム,7,0,0,1,NO_RUN,RUN_SCORED,0.6194699,0.5,default_0_50
2025-09-26,pl2025092601,日本ハム,8,0,0,1,NO_RUN,RUN_SCORED,0.60426104,0.5,default_0_50
2025-09-26,pl2025092601,日本ハム,9,0,0,0,NO_RUN,NO_RUN,0.31745666,0.5,default_0_50
2025-09-26,pl2025092601,西武,1,1,1,1,RUN_SCORED,RUN_SCORED,0.5581647,0.5,default_0_50
2025-09-26,pl2025092601,西武,2,1,0,1,NO_RUN,RUN_SCORED,0.56687105,0.5,default_0_50
2025-09-26,pl2025092601,西武,3,1,1,1,RUN_SCORED,RUN_SCORED,0.55542433,0.5,default_0_50
2025-09-26,pl2025092601,西武,4,1,0,0,NO_RUN,NO_RUN,0.33941627,0.5,default_0_50
2025-09-26,pl2025092601,西武,5,1,0,1,NO_RUN,RUN_SCORED,0.57556504,0.5,default_0_50
2025-09-26,pl2025092601,西武,6,1,1,1,RUN_SCORED,RUN_SCORED,0.50737745,0.5,default_0_50
2025-09-26,pl2025092601,西武,7,1,0,0,NO_RUN,NO_RUN,0.49541497,0.5,default_0_50
2025-09-26,pl2025092601,西武,8,1,0,0,NO_RUN,NO_RUN,0.47289166,0.5,default_0_50
2025-09-26,pl2025092601,西武,9,1,0,0,NO_RUN,NO_RUN,0.29222026,0.5,default_0_50
2025-09-26,pl2025092609,ソフトバンク,1,0,0,1,NO_RUN,RUN_SCORED,0.5204814,0.5,default_0_50
2025-09-26,pl2025092609,ソフトバンク,2,0,0,0,NO_RUN,NO_RUN,0.31787053,0.5,default_0_50
2025-09-26,pl2025092609,ソフトバンク,3,0,0,1,NO_RUN,RUN_SCORED,0.5092978,0.5,default_0_50
2025-09-26,pl2025092609,ソフトバンク,4,0,0,0,NO_RUN,NO_RUN,0.32859302,0.5,default_0_50
2025-09-26,pl2025092609,ソフトバンク,5,0,0,1,NO_RUN,RUN_SCORED,0.53584695,0.5,default_0_50
2025-09-26,pl2025092609,ソフトバンク,6,0,1,1,RUN_SCORED,RUN_SCORED,0.5502474,0.5,default_0_50
2025-09-26,pl2025092609,ソフトバンク,7,0,1,0,RUN_SCORED,NO_RUN,0.47657347,0.5,default_0_50
2025-09-26,pl2025092609,ソフトバンク,8,0,0,0,NO_RUN,NO_RUN,0.32362074,0.5,default_0_50
2025-09-26,pl2025092609,ソフトバンク,9,0,0,1,NO_RUN,RUN_SCORED,0.5237094,0.5,default_0_50
2025-09-26,pl2025092609,楽天,1,1,1,1,RUN_SCORED,RUN_SCORED,0.60540444,0.5,default_0_50
2025-09-26,pl2025092609,楽天,2,1,1,1,RUN_SCORED,RUN_SCORED,0.61594814,0.5,default_0_50
2025-09-26,pl2025092609,楽天,3,1,0,1,NO_RUN,RUN_SCORED,0.5488552,0.5,default_0_50
2025-09-26,pl2025092609,楽天,4,1,0,1,NO_RUN,RUN_SCORED,0.64435446,0.5,default_0_50
2025-09-26,pl2025092609,楽天,5,1,0,1,NO_RUN,RUN_SCORED,0.6604775,0.5,default_0_50
2025-09-26,pl2025092609,楽天,6,1,0,0,NO_RUN,NO_RUN,0.34520712,0.5,default_0_50
2025-09-26,pl2025092609,楽天,7,1,0,1,NO_RUN,RUN_SCORED,0.6201248,0.5,default_0_50
2025-09-26,pl2025092609,楽天,8,1,0,0,NO_RUN,NO_RUN,0.2963213,0.5,default_0_50
2025-09-26,pl2025092609,楽天,9,1,0,0,NO_RUN,NO_RUN,0.31479532,0.5,default_0_50
2025-09-27,cl2025092711,ヤクルト,1,1,1,1,RUN_SCORED,RUN_SCORED,0.5981217,0.5,default_0_50
2025-09-27,cl2025092711,ヤクルト,2,1,1,1,RUN_SCORED,RUN_SCORED,0.61431104,0.5,default_0_50
2025-09-27,cl2025092711,ヤクルト,3,1,0,1,NO_RUN,RUN_SCORED,0.53006804,0.5,default_0_50
2025-09-27,cl2025092711,ヤクルト,4,1,0,1,NO_RUN,RUN_SCORED,0.64176583,0.5,default_0_50
2025-09-27,cl2025092711,ヤクルト,5,1,0,1,NO_RUN,RUN_SCORED,0.6536622,0.5,default_0_50
2025-09-27,cl2025092711,ヤクルト,6,1,0,0,NO_RUN,NO_RUN,0.32271153,0.5,default_0_50
2025-09-27,cl2025092711,ヤクルト,7,1,0,0,NO_RUN,NO_RUN,0.3175201,0.5,default_0_50
2025-09-27,cl2025092711,ヤクルト,8,1,0,1,NO_RUN,RUN_SCORED,0.62634647,0.5,default_0_50
2025-09-27,cl2025092711,広島,1,0,1,1,RUN_SCORED,RUN_SCORED,0.64483845,0.5,default_0_50
2025-09-27,cl2025092711,広島,2,0,0,1,NO_RUN,RUN_SCORED,0.63892543,0.5,default_0_50
2025-09-27,cl2025092711,広島,3,0,0,0,NO_RUN,NO_RUN,0.28907615,0.5,default_0_50
2025-09-27,cl2025092711,広島,4,0,0,1,NO_RUN,RUN_SCORED,0.6715313,0.5,default_0_50
2025-09-27,cl2025092711,広島,5,0,0,1,NO_RUN,RUN_SCORED,0.6534061,0.5,default_0_50
2025-09-27,cl2025092711,広島,6,0,0,0,NO_RUN,NO_RUN,0.3906306,0.5,default_0_50
2025-09-27,cl2025092711,広島,7,0,0,1,NO_RUN,RUN_SCORED,0.6485465,0.5,default_0_50
2025-09-27,cl2025092711,広島,8,0,0,0,NO_RUN,NO_RUN,0.2653964,0.5,default_0_50
2025-09-27,cl2025092711,広島,9,0,0,1,NO_RUN,RUN_SCORED,0.5780072,0.5,default_0_50
2025-09-27,cl2025092712,巨人,1,0,0,1,NO_RUN,RUN_SCORED,0.5651925,0.5,default_0_50
2025-09-27,cl2025092712,巨人,2,0,0,0,NO_RUN,NO_RUN,0.30114943,0.5,default_0_50
2025-09-27,cl2025092712,巨人,3,0,1,1,RUN_SCORED,RUN_SCORED,0.5438737,0.5,default_0_50
2025-09-27,cl2025092712,巨人,4,0,0,0,NO_RUN,NO_RUN,0.3124407,0.5,default_0_50
2025-09-27,cl2025092712,巨人,5,0,0,1,NO_RUN,RUN_SCORED,0.57306635,0.5,default_0_50
2025-09-27,cl2025092712,巨人,6,0,0,0,NO_RUN,NO_RUN,0.32136655,0.5,default_0_50
2025-09-27,cl2025092712,巨人,7,0,1,0,RUN_SCORED,NO_RUN,0.30299455,0.5,default_0_50
2025-09-27,cl2025092712,巨人,8,0,0,0,NO_RUN,NO_RUN,0.28912094,0.5,default_0_50
2025-09-27,cl2025092712,巨人,9,0,1,0,RUN_SCORED,NO_RUN,0.3052496,0.5,default_0_50
2025-09-27,cl2025092712,ＤｅＮＡ,1,1,1,1,RUN_SCORED,RUN_SCORED,0.50105774,0.5,default_0_50
2025-09-27,cl2025092712,ＤｅＮＡ,2,1,1,1,RUN_SCORED,RUN_SCORED,0.50245506,0.5,default_0_50
2025-09-27,cl2025092712,ＤｅＮＡ,3,1,1,0,RUN_SCORED,NO_RUN,0.33265227,0.5,default_0_50
2025-09-27,cl2025092712,ＤｅＮＡ,4,1,1,1,RUN_SCORED,RUN_SCORED,0.64279115,0.5,default_0_50
2025-09-27,cl2025092712,ＤｅＮＡ,5,1,0,1,NO_RUN,RUN_SCORED,0.6086126,0.5,default_0_50
2025-09-27,cl2025092712,ＤｅＮＡ,6,1,0,1,NO_RUN,RUN_SCORED,0.5791265,0.5,default_0_50
2025-09-27,cl2025092712,ＤｅＮＡ,7,1,0,0,NO_RUN,NO_RUN,0.32039058,0.5,default_0_50
2025-09-27,cl2025092712,ＤｅＮＡ,8,1,1,1,RUN_SCORED,RUN_SCORED,0.5798431,0.5,default_0_50
2025-09-27,cl2025092712,ＤｅＮＡ,9,1,0,0,NO_RUN,NO_RUN,0.31077078,0.5,default_0_50
2025-09-27,cl2025092713,中日,1,0,0,0,NO_RUN,NO_RUN,0.44954228,0.5,default_0_50
2025-09-27,cl2025092713,中日,2,0,0,0,NO_RUN,NO_RUN,0.30664137,0.5,default_0_50
2025-09-27,cl2025092713,中日,3,0,0,0,NO_RUN,NO_RUN,0.26369464,0.5,default_0_50
2025-09-27,cl2025092713,中日,4,0,0,0,NO_RUN,NO_RUN,0.47287273,0.5,default_0_50
2025-09-27,cl2025092713,中日,5,0,0,0,NO_RUN,NO_RUN,0.31260216,0.5,default_0_50
2025-09-27,cl2025092713,中日,6,0,1,0,RUN_SCORED,NO_RUN,0.47287273,0.5,default_0_50
2025-09-27,cl2025092713,中日,7,0,0,0,NO_RUN,NO_RUN,0.30557495,0.5,default_0_50
2025-09-27,cl2025092713,中日,8,0,1,0,RUN_SCORED,NO_RUN,0.46301523,0.5,default_0_50
2025-09-27,cl2025092713,中日,9,0,0,0,NO_RUN,NO_RUN,0.44404355,0.5,default_0_50
2025-09-27,cl2025092713,阪神,1,1,0,1,NO_RUN,RUN_SCORED,0.5779491,0.5,default_0_50
2025-09-27,cl2025092713,阪神,2,1,0,0,NO_RUN,NO_RUN,0.3096684,0.5,default_0_50
2025-09-27,cl2025092713,阪神,3,1,0,1,NO_RUN,RUN_SCORED,0.57489944,0.5,default_0_50
2025-09-27,cl2025092713,阪神,4,1,0,1,NO_RUN,RUN_SCORED,0.6059978,0.5,default_0_50
2025-09-27,cl2025092713,阪神,5,1,0,1,NO_RUN,RUN_SCORED,0.6195445,0.5,default_0_50
2025-09-27,cl2025092713,阪神,6,1,0,0,NO_RUN,NO_RUN,0.28209376,0.5,default_0_50
2025-09-27,cl2025092713,阪神,7,1,1,1,RUN_SCORED,RUN_SCORED,0.5653058,0.5,default_0_50
2025-09-27,cl2025092713,阪神,8,1,0,1,NO_RUN,RUN_SCORED,0.5751133,0.5,default_0_50
2025-09-27,cl2025092713,阪神,9,1,0,1,NO_RUN,RUN_SCORED,0.5325451,0.5,default_0_50
2025-09-27,pl2025092701,ソフトバンク,1,0,0,1,NO_RUN,RUN_SCORED,0.54692024,0.5,default_0_50
2025-09-27,pl2025092701,ソフトバンク,2,0,1,1,RUN_SCORED,RUN_SCORED,0.5387005,0.5,default_0_50
2025-09-27,pl2025092701,ソフトバンク,3,0,0,1,NO_RUN,RUN_SCORED,0.5563282,0.5,default_0_50
2025-09-27,pl2025092701,ソフトバンク,4,0,0,0,NO_RUN,NO_RUN,0.3273637,0.5,default_0_50
2025-09-27,pl2025092701,ソフトバンク,5,0,1,1,RUN_SCORED,RUN_SCORED,0.57369167,0.5,default_0_50
2025-09-27,pl2025092701,ソフトバンク,6,0,0,1,NO_RUN,RUN_SCORED,0.5588352,0.5,default_0_50
2025-09-27,pl2025092701,ソフトバンク,7,0,0,1,NO_RUN,RUN_SCORED,0.5454597,0.5,default_0_50
2025-09-27,pl2025092701,ソフトバンク,8,0,0,0,NO_RUN,NO_RUN,0.3425252,0.5,default_0_50
2025-09-27,pl2025092701,ソフトバンク,9,0,0,1,NO_RUN,RUN_SCORED,0.56115526,0.5,default_0_50
2025-09-27,pl2025092701,西武,1,1,1,1,RUN_SCORED,RUN_SCORED,0.5460999,0.5,default_0_50
2025-09-27,pl2025092701,西武,2,1,0,0,NO_RUN,NO_RUN,0.30531284,0.5,default_0_50
2025-09-27,pl2025092701,西武,3,1,0,1,NO_RUN,RUN_SCORED,0.5460999,0.5,default_0_50
2025-09-27,pl2025092701,西武,4,1,0,0,NO_RUN,NO_RUN,0.32860452,0.5,default_0_50
2025-09-27,pl2025092701,西武,5,1,0,1,NO_RUN,RUN_SCORED,0.5559414,0.5,default_0_50
2025-09-27,pl2025092701,西武,6,1,0,0,NO_RUN,NO_RUN,0.32733774,0.5,default_0_50
2025-09-27,pl2025092701,西武,7,1,0,0,NO_RUN,NO_RUN,0.2646675,0.5,default_0_50
2025-09-27,pl2025092701,西武,8,1,0,1,NO_RUN,RUN_SCORED,0.5280229,0.5,default_0_50
2025-09-27,pl2025092701,西武,9,1,0,0,NO_RUN,NO_RUN,0.3134563,0.5,default_0_50
2025-09-27,pl2025092702,ロッテ,1,1,0,1,NO_RUN,RUN_SCORED,0.5094579,0.5,default_0_50
2025-09-27,pl2025092702,ロッテ,2,1,0,0,NO_RUN,NO_RUN,0.49835807,0.5,default_0_50
2025-09-27,pl2025092702,ロッテ,3,1,0,1,NO_RUN,RUN_SCORED,0.5073669,0.5,default_0_50
2025-09-27,pl2025092702,ロッテ,4,1,0,0,NO_RUN,NO_RUN,0.29085538,0.5,default_0_50
2025-09-27,pl2025092702,ロッテ,5,1,0,1,NO_RUN,RUN_SCORED,0.5242572,0.5,default_0_50
2025-09-27,pl2025092702,ロッテ,6,1,0,0,NO_RUN,NO_RUN,0.4679611,0.5,default_0_50
2025-09-27,pl2025092702,ロッテ,7,1,0,0,NO_RUN,NO_RUN,0.2758863,0.5,default_0_50
2025-09-27,pl2025092702,ロッテ,8,1,0,1,NO_RUN,RUN_SCORED,0.5061796,0.5,default_0_50
2025-09-27,pl2025092702,ロッテ,9,1,0,0,NO_RUN,NO_RUN,0.2992685,0.5,default_0_50
2025-09-27,pl2025092702,日本ハム,1,0,0,1,NO_RUN,RUN_SCORED,0.6545995,0.5,default_0_50
2025-09-27,pl2025092702,日本ハム,2,0,1,0,RUN_SCORED,NO_RUN,0.3420692,0.5,default_0_50
2025-09-27,pl2025092702,日本ハム,3,0,1,1,RUN_SCORED,RUN_SCORED,0.6640886,0.5,default_0_50
2025-09-27,pl2025092702,日本ハム,4,0,0,0,NO_RUN,NO_RUN,0.341094,0.5,default_0_50
2025-09-27,pl2025092702,日本ハム,5,0,0,1,NO_RUN,RUN_SCORED,0.6943656,0.5,default_0_50
2025-09-27,pl2025092702,日本ハム,6,0,0,1,NO_RUN,RUN_SCORED,0.716426,0.5,default_0_50
2025-09-27,pl2025092702,日本ハム,7,0,0,0,NO_RUN,NO_RUN,0.33597824,0.5,default_0_50
2025-09-27,pl2025092702,日本ハム,8,0,0,1,NO_RUN,RUN_SCORED,0.6869963,0.5,default_0_50
2025-09-27,pl2025092702,日本ハム,9,0,0,1,NO_RUN,RUN_SCORED,0.58598244,0.5,default_0_50
2025-09-27,pl2025092703,オリックス,1,1,0,1,NO_RUN,RUN_SCORED,0.567942,0.5,default_0_50
2025-09-27,pl2025092703,オリックス,2,1,0,0,NO_RUN,NO_RUN,0.32321322,0.5,default_0_50
2025-09-27,pl2025092703,オリックス,3,1,0,1,NO_RUN,RUN_SCORED,0.567942,0.5,default_0_50
2025-09-27,pl2025092703,オリックス,4,1,0,1,NO_RUN,RUN_SCORED,0.5968354,0.5,default_0_50
2025-09-27,pl2025092703,オリックス,5,1,1,1,RUN_SCORED,RUN_SCORED,0.5968354,0.5,default_0_50
2025-09-27,pl2025092703,オリックス,6,1,0,0,NO_RUN,NO_RUN,0.34008348,0.5,default_0_50
2025-09-27,pl2025092703,オリックス,7,1,0,1,NO_RUN,RUN_SCORED,0.59614813,0.5,default_0_50
2025-09-27,pl2025092703,オリックス,8,1,0,1,NO_RUN,RUN_SCORED,0.58372945,0.5,default_0_50
2025-09-27,pl2025092703,楽天,1,0,0,1,NO_RUN,RUN_SCORED,0.58508104,0.5,default_0_50
2025-09-27,pl2025092703,楽天,2,0,0,0,NO_RUN,NO_RUN,0.32665387,0.5,default_0_50
2025-09-27,pl2025092703,楽天,3,0,0,1,NO_RUN,RUN_SCORED,0.58508104,0.5,default_0_50
2025-09-27,pl2025092703,楽天,4,0,0,1,NO_RUN,RUN_SCORED,0.5523907,0.5,default_0_50
2025-09-27,pl2025092703,楽天,5,0,0,0,NO_RUN,NO_RUN,0.32206738,0.5,default_0_50
2025-09-27,pl2025092703,楽天,6,0,0,1,NO_RUN,RUN_SCORED,0.63348395,0.5,default_0_50
2025-09-27,pl2025092703,楽天,7,0,0,0,NO_RUN,NO_RUN,0.3097108,0.5,default_0_50
2025-09-27,pl2025092703,楽天,8,0,0,1,NO_RUN,RUN_SCORED,0.53641224,0.5,default_0_50
2025-09-27,pl2025092703,楽天,9,0,0,0,NO_RUN,NO_RUN,0.29779318,0.5,default_0_50
2025-09-28,cl2025092811,ヤクルト,1,1,1,1,RUN_SCORED,RUN_SCORED,0.5031783,0.5,default_0_50
2025-09-28,cl2025092811,ヤクルト,2,1,0,0,NO_RUN,NO_RUN,0.31892395,0.5,default_0_50
2025-09-28,cl2025092811,ヤクルト,3,1,0,1,NO_RUN,RUN_SCORED,0.5729773,0.5,default_0_50
2025-09-28,cl2025092811,ヤクルト,4,1,1,0,RUN_SCORED,NO_RUN,0.29024398,0.5,default_0_50
2025-09-28,cl2025092811,ヤクルト,5,1,0,1,NO_RUN,RUN_SCORED,0.62896794,0.5,default_0_50
2025-09-28,cl2025092811,ヤクルト,6,1,0,0,NO_RUN,NO_RUN,0.35051665,0.5,default_0_50
2025-09-28,cl2025092811,ヤクルト,7,1,0,1,NO_RUN,RUN_SCORED,0.6114079,0.5,default_0_50
2025-09-28,cl2025092811,ヤクルト,8,1,0,1,NO_RUN,RUN_SCORED,0.57981974,0.5,default_0_50
2025-09-28,cl2025092811,ヤクルト,9,1,0,1,NO_RUN,RUN_SCORED,0.5122022,0.5,default_0_50
2025-09-28,cl2025092811,ヤクルト,10,1,0,0,NO_RUN,NO_RUN,0.2921924,0.5,default_0_50
2025-09-28,cl2025092811,ヤクルト,11,1,0,1,NO_RUN,RUN_SCORED,0.6278769,0.5,default_0_50
2025-09-28,cl2025092811,ヤクルト,12,1,0,1,NO_RUN,RUN_SCORED,0.548501,0.5,default_0_50
2025-09-28,cl2025092811,巨人,1,0,0,1,NO_RUN,RUN_SCORED,0.5827625,0.5,default_0_50
2025-09-28,cl2025092811,巨人,2,0,0,0,NO_RUN,NO_RUN,0.3317622,0.5,default_0_50
2025-09-28,cl2025092811,巨人,3,0,0,0,NO_RUN,NO_RUN,0.26564813,0.5,default_0_50
2025-09-28,cl2025092811,巨人,4,0,1,1,RUN_SCORED,RUN_SCORED,0.6697197,0.5,default_0_50
2025-09-28,cl2025092811,巨人,5,0,0,1,NO_RUN,RUN_SCORED,0.6697197,0.5,default_0_50
2025-09-28,cl2025092811,巨人,6,0,1,1,RUN_SCORED,RUN_SCORED,0.5925511,0.5,default_0_50
2025-09-28,cl2025092811,巨人,7,0,0,1,NO_RUN,RUN_SCORED,0.637527,0.5,default_0_50
2025-09-28,cl2025092811,巨人,8,0,1,1,RUN_SCORED,RUN_SCORED,0.5470739,0.5,default_0_50
2025-09-28,cl2025092811,巨人,9,0,0,1,NO_RUN,RUN_SCORED,0.5884884,0.5,default_0_50
2025-09-28,cl2025092811,巨人,10,0,0,0,NO_RUN,NO_RUN,0.3423689,0.5,default_0_50
2025-09-28,cl2025092811,巨人,11,0,0,1,NO_RUN,RUN_SCORED,0.5554105,0.5,default_0_50
2025-09-28,cl2025092811,巨人,12,0,0,0,NO_RUN,NO_RUN,0.4951774,0.5,default_0_50
2025-09-28,cl2025092812,広島,1,1,1,1,RUN_SCORED,RUN_SCORED,0.5212523,0.5,default_0_50
2025-09-28,cl2025092812,広島,2,1,0,0,NO_RUN,NO_RUN,0.30014676,0.5,default_0_50
2025-09-28,cl2025092812,広島,3,1,0,1,NO_RUN,RUN_SCORED,0.52067274,0.5,default_0_50
2025-09-28,cl2025092812,広島,4,1,0,0,NO_RUN,NO_RUN,0.31226835,0.5,default_0_50
2025-09-28,cl2025092812,広島,5,1,0,1,NO_RUN,RUN_SCORED,0.55103767,0.5,default_0_50
2025-09-28,cl2025092812,広島,6,1,0,0,NO_RUN,NO_RUN,0.48392135,0.5,default_0_50
2025-09-28,cl2025092812,広島,7,1,1,0,RUN_SCORED,NO_RUN,0.4906666,0.5,default_0_50
2025-09-28,cl2025092812,広島,8,1,0,0,NO_RUN,NO_RUN,0.4639251,0.5,default_0_50
2025-09-28,cl2025092812,広島,9,1,0,0,NO_RUN,NO_RUN,0.28095353,0.5,default_0_50
2025-09-28,cl2025092812,ＤｅＮＡ,1,0,0,1,NO_RUN,RUN_SCORED,0.52600175,0.5,default_0_50
2025-09-28,cl2025092812,ＤｅＮＡ,2,0,1,1,RUN_SCORED,RUN_SCORED,0.51731384,0.5,default_0_50
2025-09-28,cl2025092812,ＤｅＮＡ,3,0,0,0,NO_RUN,NO_RUN,0.4333412,0.5,default_0_50
2025-09-28,cl2025092812,ＤｅＮＡ,4,0,0,0,NO_RUN,NO_RUN,0.2803922,0.5,default_0_50
2025-09-28,cl2025092812,ＤｅＮＡ,5,0,0,1,NO_RUN,RUN_SCORED,0.57101333,0.5,default_0_50
2025-09-28,cl2025092812,ＤｅＮＡ,6,0,0,0,NO_RUN,NO_RUN,0.3006454,0.5,default_0_50
2025-09-28,cl2025092812,ＤｅＮＡ,7,0,1,1,RUN_SCORED,RUN_SCORED,0.52914065,0.5,default_0_50
2025-09-28,cl2025092812,ＤｅＮＡ,8,0,1,1,RUN_SCORED,RUN_SCORED,0.5434715,0.5,default_0_50
2025-09-28,cl2025092812,ＤｅＮＡ,9,0,0,0,NO_RUN,NO_RUN,0.28354427,0.5,default_0_50
2025-09-28,cl2025092813,中日,1,0,1,0,RUN_SCORED,NO_RUN,0.48757818,0.5,default_0_50
2025-09-28,cl2025092813,中日,2,0,0,0,NO_RUN,NO_RUN,0.4926699,0.5,default_0_50
2025-09-28,cl2025092813,中日,3,0,0,0,NO_RUN,NO_RUN,0.48791924,0.5,default_0_50
2025-09-28,cl2025092813,中日,4,0,0,0,NO_RUN,NO_RUN,0.28883645,0.5,default_0_50
2025-09-28,cl2025092813,中日,5,0,0,1,NO_RUN,RUN_SCORED,0.5192952,0.5,default_0_50
2025-09-28,cl2025092813,中日,6,0,0,0,NO_RUN,NO_RUN,0.47918013,0.5,default_0_50
2025-09-28,cl2025092813,中日,7,0,0,0,NO_RUN,NO_RUN,0.2568564,0.5,default_0_50
2025-09-28,cl2025092813,中日,8,0,0,0,NO_RUN,NO_RUN,0.3550277,0.5,default_0_50
2025-09-28,cl2025092813,中日,9,0,1,0,RUN_SCORED,NO_RUN,0.46533114,0.5,default_0_50
2025-09-28,cl2025092813,阪神,1,1,0,1,NO_RUN,RUN_SCORED,0.564535,0.5,default_0_50
2025-09-28,cl2025092813,阪神,2,1,0,1,NO_RUN,RUN_SCORED,0.564535,0.5,default_0_50
2025-09-28,cl2025092813,阪神,3,1,0,1,NO_RUN,RUN_SCORED,0.5539806,0.5,default_0_50
2025-09-28,cl2025092813,阪神,4,1,0,0,NO_RUN,NO_RUN,0.33009133,0.5,default_0_50
2025-09-28,cl2025092813,阪神,5,1,1,1,RUN_SCORED,RUN_SCORED,0.61628664,0.5,default_0_50
2025-09-28,cl2025092813,阪神,6,1,1,1,RUN_SCORED,RUN_SCORED,0.62340504,0.5,default_0_50
2025-09-28,cl2025092813,阪神,7,1,0,1,NO_RUN,RUN_SCORED,0.5800474,0.5,default_0_50
2025-09-28,cl2025092813,阪神,8,1,0,1,NO_RUN,RUN_SCORED,0.51451474,0.5,default_0_50
2025-09-28,cl2025092813,阪神,9,1,0,1,NO_RUN,RUN_SCORED,0.5245443,0.5,default_0_50
2025-09-28,pl2025092801,ソフトバンク,1,0,0,1,NO_RUN,RUN_SCORED,0.52620363,0.5,default_0_50
2025-09-28,pl2025092801,ソフトバンク,2,0,0,0,NO_RUN,NO_RUN,0.31189668,0.5,default_0_50
2025-09-28,pl2025092801,ソフトバンク,3,0,1,1,RUN_SCORED,RUN_SCORED,0.51602364,0.5,default_0_50
2025-09-28,pl2025092801,ソフトバンク,4,0,0,0,NO_RUN,NO_RUN,0.31823063,0.5,default_0_50
2025-09-28,pl2025092801,ソフトバンク,5,0,0,1,NO_RUN,RUN_SCORED,0.56334716,0.5,default_0_50
2025-09-28,pl2025092801,ソフトバンク,6,0,0,1,NO_RUN,RUN_SCORED,0.5732466,0.5,default_0_50
2025-09-28,pl2025092801,ソフトバンク,7,0,1,1,RUN_SCORED,RUN_SCORED,0.5556268,0.5,default_0_50
2025-09-28,pl2025092801,ソフトバンク,8,0,1,0,RUN_SCORED,NO_RUN,0.30937526,0.5,default_0_50
2025-09-28,pl2025092801,ソフトバンク,9,0,0,1,NO_RUN,RUN_SCORED,0.5811732,0.5,default_0_50
2025-09-28,pl2025092801,西武,1,1,0,0,NO_RUN,NO_RUN,0.4330908,0.5,default_0_50
2025-09-28,pl2025092801,西武,2,1,1,0,RUN_SCORED,NO_RUN,0.32120377,0.5,default_0_50
2025-09-28,pl2025092801,西武,3,1,0,0,NO_RUN,NO_RUN,0.42150125,0.5,default_0_50
2025-09-28,pl2025092801,西武,4,1,0,1,NO_RUN,RUN_SCORED,0.5699898,0.5,default_0_50
2025-09-28,pl2025092801,西武,5,1,0,0,NO_RUN,NO_RUN,0.29686648,0.5,default_0_50
2025-09-28,pl2025092801,西武,6,1,0,0,NO_RUN,NO_RUN,0.4152795,0.5,default_0_50
2025-09-28,pl2025092801,西武,7,1,0,0,NO_RUN,NO_RUN,0.4935841,0.5,default_0_50
2025-09-28,pl2025092801,西武,8,1,0,0,NO_RUN,NO_RUN,0.42012066,0.5,default_0_50
2025-09-28,pl2025092801,西武,9,1,0,1,NO_RUN,RUN_SCORED,0.5422414,0.5,default_0_50
2025-09-28,pl2025092802,ロッテ,1,1,0,1,NO_RUN,RUN_SCORED,0.5268766,0.5,default_0_50
2025-09-28,pl2025092802,ロッテ,2,1,1,0,RUN_SCORED,NO_RUN,0.3200266,0.5,default_0_50
2025-09-28,pl2025092802,ロッテ,3,1,0,1,NO_RUN,RUN_SCORED,0.5347232,0.5,default_0_50
2025-09-28,pl2025092802,ロッテ,4,1,1,0,RUN_SCORED,NO_RUN,0.33816,0.5,default_0_50
2025-09-28,pl2025092802,ロッテ,5,1,0,1,NO_RUN,RUN_SCORED,0.5829571,0.5,default_0_50
2025-09-28,pl2025092802,ロッテ,6,1,0,0,NO_RUN,NO_RUN,0.3450312,0.5,default_0_50
2025-09-28,pl2025092802,ロッテ,7,1,0,1,NO_RUN,RUN_SCORED,0.50866914,0.5,default_0_50
2025-09-28,pl2025092802,ロッテ,8,1,0,0,NO_RUN,NO_RUN,0.32019275,0.5,default_0_50
2025-09-28,pl2025092802,ロッテ,9,1,0,1,NO_RUN,RUN_SCORED,0.5025467,0.5,default_0_50
2025-09-28,pl2025092802,日本ハム,1,0,0,1,NO_RUN,RUN_SCORED,0.6550874,0.5,default_0_50
2025-09-28,pl2025092802,日本ハム,2,0,1,0,RUN_SCORED,NO_RUN,0.3245972,0.5,default_0_50
2025-09-28,pl2025092802,日本ハム,3,0,0,1,NO_RUN,RUN_SCORED,0.6442288,0.5,default_0_50
2025-09-28,pl2025092802,日本ハム,4,0,1,0,RUN_SCORED,NO_RUN,0.3510343,0.5,default_0_50
2025-09-28,pl2025092802,日本ハム,5,0,0,1,NO_RUN,RUN_SCORED,0.67756504,0.5,default_0_50
2025-09-28,pl2025092802,日本ハム,6,0,0,0,NO_RUN,NO_RUN,0.3434874,0.5,default_0_50
2025-09-28,pl2025092802,日本ハム,7,0,1,1,RUN_SCORED,RUN_SCORED,0.6710825,0.5,default_0_50
2025-09-28,pl2025092802,日本ハム,8,0,1,0,RUN_SCORED,NO_RUN,0.3499768,0.5,default_0_50
2025-09-28,pl2025092802,日本ハム,9,0,0,1,NO_RUN,RUN_SCORED,0.60999614,0.5,default_0_50
2025-09-28,pl2025092803,オリックス,1,1,0,1,NO_RUN,RUN_SCORED,0.5507183,0.5,default_0_50
2025-09-28,pl2025092803,オリックス,2,1,1,1,RUN_SCORED,RUN_SCORED,0.5507183,0.5,default_0_50
2025-09-28,pl2025092803,オリックス,3,1,1,1,RUN_SCORED,RUN_SCORED,0.6017015,0.5,default_0_50
2025-09-28,pl2025092803,オリックス,4,1,1,1,RUN_SCORED,RUN_SCORED,0.64653265,0.5,default_0_50
2025-09-28,pl2025092803,オリックス,5,1,0,1,NO_RUN,RUN_SCORED,0.64226496,0.5,default_0_50
2025-09-28,pl2025092803,オリックス,6,1,0,1,NO_RUN,RUN_SCORED,0.66470295,0.5,default_0_50
2025-09-28,pl2025092803,オリックス,7,1,0,1,NO_RUN,RUN_SCORED,0.5878701,0.5,default_0_50
2025-09-28,pl2025092803,オリックス,8,1,0,1,NO_RUN,RUN_SCORED,0.6287599,0.5,default_0_50
2025-09-28,pl2025092803,楽天,1,0,0,1,NO_RUN,RUN_SCORED,0.567113,0.5,default_0_50
2025-09-28,pl2025092803,楽天,2,0,0,0,NO_RUN,NO_RUN,0.31966078,0.5,default_0_50
2025-09-28,pl2025092803,楽天,3,0,0,1,NO_RUN,RUN_SCORED,0.5428022,0.5,default_0_50
2025-09-28,pl2025092803,楽天,4,0,0,1,NO_RUN,RUN_SCORED,0.55952424,0.5,default_0_50
2025-09-28,pl2025092803,楽天,5,0,1,1,RUN_SCORED,RUN_SCORED,0.5986139,0.5,default_0_50
2025-09-28,pl2025092803,楽天,6,0,0,0,NO_RUN,NO_RUN,0.31515357,0.5,default_0_50
2025-09-28,pl2025092803,楽天,7,0,0,1,NO_RUN,RUN_SCORED,0.6298875,0.5,default_0_50
2025-09-28,pl2025092803,楽天,8,0,1,1,RUN_SCORED,RUN_SCORED,0.5529962,0.5,default_0_50
2025-09-28,pl2025092803,楽天,9,0,1,1,RUN_SCORED,RUN_SCORED,0.5931605,0.5,default_0_50
2025-09-29,pl2025092901,ロッテ,1,0,0,1,NO_RUN,RUN_SCORED,0.5374736,0.5,default_0_50
2025-09-29,pl2025092901,ロッテ,2,0,0,0,NO_RUN,NO_RUN,0.32639918,0.5,default_0_50
2025-09-29,pl2025092901,ロッテ,3,0,0,1,NO_RUN,RUN_SCORED,0.52837557,0.5,default_0_50
2025-09-29,pl2025092901,ロッテ,4,0,0,0,NO_RUN,NO_RUN,0.3282069,0.5,default_0_50
2025-09-29,pl2025092901,ロッテ,5,0,0,1,NO_RUN,RUN_SCORED,0.55602324,0.5,default_0_50
2025-09-29,pl2025092901,ロッテ,6,0,0,1,NO_RUN,RUN_SCORED,0.6117546,0.5,default_0_50
2025-09-29,pl2025092901,ロッテ,7,0,0,0,NO_RUN,NO_RUN,0.48438933,0.5,default_0_50
2025-09-29,pl2025092901,ロッテ,8,0,0,1,NO_RUN,RUN_SCORED,0.5090444,0.5,default_0_50
2025-09-29,pl2025092901,ロッテ,9,0,0,0,NO_RUN,NO_RUN,0.29091015,0.5,default_0_50
2025-09-29,pl2025092901,西武,1,1,0,1,NO_RUN,RUN_SCORED,0.6652043,0.5,default_0_50
2025-09-29,pl2025092901,西武,2,1,1,0,RUN_SCORED,NO_RUN,0.36344787,0.5,default_0_50
2025-09-29,pl2025092901,西武,3,1,0,1,NO_RUN,RUN_SCORED,0.67392594,0.5,default_0_50
2025-09-29,pl2025092901,西武,4,1,0,1,NO_RUN,RUN_SCORED,0.6579837,0.5,default_0_50
2025-09-29,pl2025092901,西武,5,1,0,1,NO_RUN,RUN_SCORED,0.70224744,0.5,default_0_50
2025-09-29,pl2025092901,西武,6,1,1,1,RUN_SCORED,RUN_SCORED,0.6791894,0.5,default_0_50
2025-09-29,pl2025092901,西武,7,1,0,1,NO_RUN,RUN_SCORED,0.6715065,0.5,default_0_50
2025-09-29,pl2025092901,西武,8,1,0,0,NO_RUN,NO_RUN,0.36822587,0.5,default_0_50
2025-09-29,pl2025092902,オリックス,1,1,1,1,RUN_SCORED,RUN_SCORED,0.5382132,0.5,default_0_50
2025-09-29,pl2025092902,オリックス,2,1,1,1,RUN_SCORED,RUN_SCORED,0.5447774,0.5,default_0_50
2025-09-29,pl2025092902,オリックス,3,1,0,0,NO_RUN,NO_RUN,0.4900679,0.5,default_0_50
2025-09-29,pl2025092902,オリックス,4,1,0,0,NO_RUN,NO_RUN,0.30186862,0.5,default_0_50
2025-09-29,pl2025092902,オリックス,5,1,1,1,RUN_SCORED,RUN_SCORED,0.60741925,0.5,default_0_50
2025-09-29,pl2025092902,オリックス,6,1,0,0,NO_RUN,NO_RUN,0.32355827,0.5,default_0_50
2025-09-29,pl2025092902,オリックス,7,1,0,1,NO_RUN,RUN_SCORED,0.5346996,0.5,default_0_50
2025-09-29,pl2025092902,オリックス,8,1,0,1,NO_RUN,RUN_SCORED,0.52070266,0.5,default_0_50
2025-09-29,pl2025092902,楽天,1,0,0,1,NO_RUN,RUN_SCORED,0.5300773,0.5,default_0_50
2025-09-29,pl2025092902,楽天,2,0,0,0,NO_RUN,NO_RUN,0.29041445,0.5,default_0_50
2025-09-29,pl2025092902,楽天,3,0,0,1,NO_RUN,RUN_SCORED,0.5218542,0.5,default_0_50
2025-09-29,pl2025092902,楽天,4,0,0,0,NO_RUN,NO_RUN,0.29934868,0.5,default_0_50
2025-09-29,pl2025092902,楽天,5,0,0,1,NO_RUN,RUN_SCORED,0.54978776,0.5,default_0_50
2025-09-29,pl2025092902,楽天,6,0,0,1,NO_RUN,RUN_SCORED,0.50091034,0.5,default_0_50
2025-09-29,pl2025092902,楽天,7,0,0,0,NO_RUN,NO_RUN,0.26768303,0.5,default_0_50
2025-09-29,pl2025092902,楽天,8,0,0,1,NO_RUN,RUN_SCORED,0.52821803,0.5,default_0_50
2025-09-29,pl2025092902,楽天,9,0,0,0,NO_RUN,NO_RUN,0.29474467,0.5,default_0_50
2025-09-30,cl2025093002,中日,1,0,0,1,NO_RUN,RUN_SCORED,0.56381965,0.5,default_0_50
2025-09-30,cl2025093002,中日,2,0,0,0,NO_RUN,NO_RUN,0.28128347,0.5,default_0_50
2025-09-30,cl2025093002,中日,3,0,1,1,RUN_SCORED,RUN_SCORED,0.5548146,0.5,default_0_50
2025-09-30,cl2025093002,中日,4,0,0,0,NO_RUN,NO_RUN,0.2988626,0.5,default_0_50
2025-09-30,cl2025093002,中日,5,0,0,1,NO_RUN,RUN_SCORED,0.582818,0.5,default_0_50
2025-09-30,cl2025093002,中日,6,0,0,1,NO_RUN,RUN_SCORED,0.51111835,0.5,default_0_50
2025-09-30,cl2025093002,中日,7,0,0,0,NO_RUN,NO_RUN,0.25802055,0.5,default_0_50
2025-09-30,cl2025093002,中日,8,0,0,1,NO_RUN,RUN_SCORED,0.5019966,0.5,default_0_50
2025-09-30,cl2025093002,中日,9,0,0,0,NO_RUN,NO_RUN,0.26416102,0.5,default_0_50
2025-09-30,cl2025093002,巨人,1,1,1,1,RUN_SCORED,RUN_SCORED,0.5673908,0.5,default_0_50
2025-09-30,cl2025093002,巨人,2,1,0,1,NO_RUN,RUN_SCORED,0.5743947,0.5,default_0_50
2025-09-30,cl2025093002,巨人,3,1,0,1,NO_RUN,RUN_SCORED,0.5729321,0.5,default_0_50
2025-09-30,cl2025093002,巨人,4,1,0,1,NO_RUN,RUN_SCORED,0.60205704,0.5,default_0_50
2025-09-30,cl2025093002,巨人,5,1,0,1,NO_RUN,RUN_SCORED,0.62852484,0.5,default_0_50
2025-09-30,cl2025093002,巨人,6,1,0,0,NO_RUN,NO_RUN,0.32274187,0.5,default_0_50
2025-09-30,cl2025093002,巨人,7,1,1,1,RUN_SCORED,RUN_SCORED,0.5759232,0.5,default_0_50
2025-09-30,cl2025093002,巨人,8,1,0,0,NO_RUN,NO_RUN,0.30389452,0.5,default_0_50
2025-09-30,cl2025093003,ヤクルト,1,0,0,1,NO_RUN,RUN_SCORED,0.5229508,0.5,default_0_50
2025-09-30,cl2025093003,ヤクルト,2,0,1,1,RUN_SCORED,RUN_SCORED,0.51646775,0.5,default_0_50
2025-09-30,cl2025093003,ヤクルト,3,0,1,1,RUN_SCORED,RUN_SCORED,0.5528406,0.5,default_0_50
2025-09-30,cl2025093003,ヤクルト,4,0,0,0,NO_RUN,NO_RUN,0.28138885,0.5,default_0_50
2025-09-30,cl2025093003,ヤクルト,5,0,0,1,NO_RUN,RUN_SCORED,0.6047219,0.5,default_0_50
2025-09-30,cl2025093003,ヤクルト,6,0,0,0,NO_RUN,NO_RUN,0.3277188,0.5,default_0_50
2025-09-30,cl2025093003,ヤクルト,7,0,1,1,RUN_SCORED,RUN_SCORED,0.5165733,0.5,default_0_50
2025-09-30,cl2025093003,ヤクルト,8,0,0,1,NO_RUN,RUN_SCORED,0.5880054,0.5,default_0_50
2025-09-30,cl2025093003,ヤクルト,9,0,0,0,NO_RUN,NO_RUN,0.31297356,0.5,default_0_50
2025-09-30,cl2025093003,ＤｅＮＡ,1,1,1,1,RUN_SCORED,RUN_SCORED,0.6327008,0.5,default_0_50
2025-09-30,cl2025093003,ＤｅＮＡ,2,1,0,1,NO_RUN,RUN_SCORED,0.6327008,0.5,default_0_50
2025-09-30,cl2025093003,ＤｅＮＡ,3,1,0,1,NO_RUN,RUN_SCORED,0.6323007,0.5,default_0_50
2025-09-30,cl2025093003,ＤｅＮＡ,4,1,0,0,NO_RUN,NO_RUN,0.32202107,0.5,default_0_50
2025-09-30,cl2025093003,ＤｅＮＡ,5,1,0,1,NO_RUN,RUN_SCORED,0.6740498,0.5,default_0_50
2025-09-30,cl2025093003,ＤｅＮＡ,6,1,0,0,NO_RUN,NO_RUN,0.3540104,0.5,default_0_50
2025-09-30,cl2025093003,ＤｅＮＡ,7,1,0,1,NO_RUN,RUN_SCORED,0.582231,0.5,default_0_50
2025-09-30,cl2025093003,ＤｅＮＡ,8,1,1,0,RUN_SCORED,NO_RUN,0.336762,0.5,default_0_50
2025-09-30,cl2025093003,ＤｅＮＡ,9,1,1,1,RUN_SCORED,RUN_SCORED,0.6003127,0.5,default_0_50
2025-09-30,pl2025093001,ソフトバンク,1,1,0,0,NO_RUN,NO_RUN,0.49692258,0.5,default_0_50
2025-09-30,pl2025093001,ソフトバンク,2,1,0,0,NO_RUN,NO_RUN,0.30566126,0.5,default_0_50
2025-09-30,pl2025093001,ソフトバンク,3,1,0,0,NO_RUN,NO_RUN,0.49692258,0.5,default_0_50
2025-09-30,pl2025093001,ソフトバンク,4,1,1,0,RUN_SCORED,NO_RUN,0.4715072,0.5,default_0_50
2025-09-30,pl2025093001,ソフトバンク,5,1,0,0,NO_RUN,NO_RUN,0.3159512,0.5,default_0_50
2025-09-30,pl2025093001,ソフトバンク,6,1,0,1,NO_RUN,RUN_SCORED,0.5469823,0.5,default_0_50
2025-09-30,pl2025093001,ソフトバンク,7,1,0,0,NO_RUN,NO_RUN,0.29379803,0.5,default_0_50
2025-09-30,pl2025093001,ソフトバンク,8,1,0,0,NO_RUN,NO_RUN,0.4515037,0.5,default_0_50
2025-09-30,pl2025093001,ソフトバンク,9,1,0,0,NO_RUN,NO_RUN,0.2930123,0.5,default_0_50
2025-09-30,pl2025093001,日本ハム,1,0,0,1,NO_RUN,RUN_SCORED,0.53569245,0.5,default_0_50
2025-09-30,pl2025093001,日本ハム,2,0,0,0,NO_RUN,NO_RUN,0.2830402,0.5,default_0_50
2025-09-30,pl2025093001,日本ハム,3,0,0,0,NO_RUN,NO_RUN,0.4901765,0.5,default_0_50
2025-09-30,pl2025093001,日本ハム,4,0,1,0,RUN_SCORED,NO_RUN,0.4736216,0.5,default_0_50
2025-09-30,pl2025093001,日本ハム,5,0,0,1,NO_RUN,RUN_SCORED,0.59697306,0.5,default_0_50
2025-09-30,pl2025093001,日本ハム,6,0,0,0,NO_RUN,NO_RUN,0.47615904,0.5,default_0_50
2025-09-30,pl2025093001,日本ハム,7,0,0,0,NO_RUN,NO_RUN,0.28855196,0.5,default_0_50
2025-09-30,pl2025093001,日本ハム,8,0,0,1,NO_RUN,RUN_SCORED,0.57676107,0.5,default_0_50
2025-09-30,pl2025093001,日本ハム,9,0,0,0,NO_RUN,NO_RUN,0.31374672,0.5,default_0_50
2025-09-30,pl2025093004,ロッテ,1,1,0,1,NO_RUN,RUN_SCORED,0.64928794,0.5,default_0_50
2025-09-30,pl2025093004,ロッテ,2,1,0,0,NO_RUN,NO_RUN,0.31455302,0.5,default_0_50
2025-09-30,pl2025093004,ロッテ,3,1,0,1,NO_RUN,RUN_SCORED,0.64928794,0.5,default_0_50
2025-09-30,pl2025093004,ロッテ,4,1,1,1,RUN_SCORED,RUN_SCORED,0.6272542,0.5,default_0_50
2025-09-30,pl2025093004,ロッテ,5,1,0,1,NO_RUN,RUN_SCORED,0.6891533,0.5,default_0_50
2025-09-30,pl2025093004,ロッテ,6,1,0,1,NO_RUN,RUN_SCORED,0.72314686,0.5,default_0_50
2025-09-30,pl2025093004,ロッテ,7,1,0,0,NO_RUN,NO_RUN,0.31195152,0.5,default_0_50
2025-09-30,pl2025093004,ロッテ,8,1,0,1,NO_RUN,RUN_SCORED,0.50588965,0.5,default_0_50
2025-09-30,pl2025093004,ロッテ,9,1,0,1,NO_RUN,RUN_SCORED,0.5916829,0.5,default_0_50
2025-09-30,pl2025093004,楽天,1,0,0,1,NO_RUN,RUN_SCORED,0.6507954,0.5,default_0_50
2025-09-30,pl2025093004,楽天,2,0,0,0,NO_RUN,NO_RUN,0.3329989,0.5,default_0_50
2025-09-30,pl2025093004,楽天,3,0,0,0,NO_RUN,NO_RUN,0.28792727,0.5,default_0_50
2025-09-30,pl2025093004,楽天,4,0,0,1,NO_RUN,RUN_SCORED,0.67838305,0.5,default_0_50
2025-09-30,pl2025093004,楽天,5,0,0,0,NO_RUN,NO_RUN,0.33813366,0.5,default_0_50
2025-09-30,pl2025093004,楽天,6,0,0,1,NO_RUN,RUN_SCORED,0.66839826,0.5,default_0_50
2025-09-30,pl2025093004,楽天,7,0,0,0,NO_RUN,NO_RUN,0.33420613,0.5,default_0_50
2025-09-30,pl2025093004,楽天,8,0,1,1,RUN_SCORED,RUN_SCORED,0.58460575,0.5,default_0_50
2025-09-30,pl2025093004,楽天,9,0,0,1,NO_RUN,RUN_SCORED,0.6003131,0.5,default_0_50
2025-10-01,cl2025100102,中日,1,0,0,0,NO_RUN,NO_RUN,0.43906844,0.5,default_0_50
2025-10-01,cl2025100102,中日,2,0,0,0,NO_RUN,NO_RUN,0.26520884,0.5,default_0_50
2025-10-01,cl2025100102,中日,3,0,0,0,NO_RUN,NO_RUN,0.4649804,0.5,default_0_50
2025-10-01,cl2025100102,中日,4,0,0,0,NO_RUN,NO_RUN,0.2788127,0.5,default_0_50
2025-10-01,cl2025100102,中日,5,0,0,0,NO_RUN,NO_RUN,0.49139977,0.5,default_0_50
2025-10-01,cl2025100102,中日,6,0,0,0,NO_RUN,NO_RUN,0.26949888,0.5,default_0_50
2025-10-01,cl2025100102,中日,7,0,0,0,NO_RUN,NO_RUN,0.47687376,0.5,default_0_50
2025-10-01,cl2025100102,中日,8,0,0,0,NO_RUN,NO_RUN,0.43166548,0.5,default_0_50
2025-10-01,cl2025100102,中日,9,0,1,0,RUN_SCORED,NO_RUN,0.4303056,0.5,default_0_50
2025-10-01,cl2025100102,巨人,1,1,1,1,RUN_SCORED,RUN_SCORED,0.60396856,0.5,default_0_50
2025-10-01,cl2025100102,巨人,2,1,0,1,NO_RUN,RUN_SCORED,0.5900591,0.5,default_0_50
2025-10-01,cl2025100102,巨人,3,1,0,0,NO_RUN,NO_RUN,0.3321638,0.5,default_0_50
2025-10-01,cl2025100102,巨人,4,1,0,1,NO_RUN,RUN_SCORED,0.6390035,0.5,default_0_50
2025-10-01,cl2025100102,巨人,5,1,0,0,NO_RUN,NO_RUN,0.35747644,0.5,default_0_50
2025-10-01,cl2025100102,巨人,6,1,0,1,NO_RUN,RUN_SCORED,0.6262225,0.5,default_0_50
2025-10-01,cl2025100102,巨人,7,1,0,0,NO_RUN,NO_RUN,0.33194953,0.5,default_0_50
2025-10-01,cl2025100102,巨人,8,1,0,1,NO_RUN,RUN_SCORED,0.5937632,0.5,default_0_50
2025-10-01,cl2025100103,ヤクルト,1,0,0,1,NO_RUN,RUN_SCORED,0.5721831,0.5,default_0_50
2025-10-01,cl2025100103,ヤクルト,2,0,1,1,RUN_SCORED,RUN_SCORED,0.56760186,0.5,default_0_50
2025-10-01,cl2025100103,ヤクルト,3,0,0,1,NO_RUN,RUN_SCORED,0.5430597,0.5,default_0_50
2025-10-01,cl2025100103,ヤクルト,4,0,0,1,NO_RUN,RUN_SCORED,0.5534631,0.5,default_0_50
2025-10-01,cl2025100103,ヤクルト,5,0,0,1,NO_RUN,RUN_SCORED,0.5776035,0.5,default_0_50
2025-10-01,cl2025100103,ヤクルト,6,0,1,0,RUN_SCORED,NO_RUN,0.290277,0.5,default_0_50
2025-10-01,cl2025100103,ヤクルト,7,0,1,1,RUN_SCORED,RUN_SCORED,0.5000944,0.5,default_0_50
2025-10-01,cl2025100103,ヤクルト,8,0,0,0,NO_RUN,NO_RUN,0.26620805,0.5,default_0_50
2025-10-01,cl2025100103,ヤクルト,9,0,0,1,NO_RUN,RUN_SCORED,0.5425044,0.5,default_0_50
2025-10-01,cl2025100103,ＤｅＮＡ,1,1,1,1,RUN_SCORED,RUN_SCORED,0.66320413,0.5,default_0_50
2025-10-01,cl2025100103,ＤｅＮＡ,2,1,0,1,NO_RUN,RUN_SCORED,0.65491956,0.5,default_0_50
2025-10-01,cl2025100103,ＤｅＮＡ,3,1,1,1,RUN_SCORED,RUN_SCORED,0.64665395,0.5,default_0_50
2025-10-01,cl2025100103,ＤｅＮＡ,4,1,0,1,NO_RUN,RUN_SCORED,0.6916052,0.5,default_0_50
2025-10-01,cl2025100103,ＤｅＮＡ,5,1,1,0,RUN_SCORED,NO_RUN,0.398847,0.5,default_0_50
2025-10-01,cl2025100103,ＤｅＮＡ,6,1,1,1,RUN_SCORED,RUN_SCORED,0.6067124,0.5,default_0_50
2025-10-01,cl2025100103,ＤｅＮＡ,7,1,0,1,NO_RUN,RUN_SCORED,0.6708997,0.5,default_0_50
2025-10-01,cl2025100103,ＤｅＮＡ,8,1,1,0,RUN_SCORED,NO_RUN,0.3230896,0.5,default_0_50
2025-10-01,pl2025100101,オリックス,1,1,1,1,RUN_SCORED,RUN_SCORED,0.57027286,0.5,default_0_50
2025-10-01,pl2025100101,オリックス,2,1,0,1,NO_RUN,RUN_SCORED,0.5951906,0.5,default_0_50
2025-10-01,pl2025100101,オリックス,3,1,0,0,NO_RUN,NO_RUN,0.34751594,0.5,default_0_50
2025-10-01,pl2025100101,オリックス,4,1,1,1,RUN_SCORED,RUN_SCORED,0.6062713,0.5,default_0_50
2025-10-01,pl2025100101,オリックス,5,1,1,1,RUN_SCORED,RUN_SCORED,0.6296057,0.5,default_0_50
2025-10-01,pl2025100101,オリックス,6,1,0,1,NO_RUN,RUN_SCORED,0.6449476,0.5,default_0_50
2025-10-01,pl2025100101,オリックス,7,1,0,0,NO_RUN,NO_RUN,0.34595427,0.5,default_0_50
2025-10-01,pl2025100101,オリックス,8,1,0,1,NO_RUN,RUN_SCORED,0.6472369,0.5,default_0_50
2025-10-01,pl2025100101,西武,1,0,0,1,NO_RUN,RUN_SCORED,0.52087003,0.5,default_0_50
2025-10-01,pl2025100101,西武,2,0,0,0,NO_RUN,NO_RUN,0.300341,0.5,default_0_50
2025-10-01,pl2025100101,西武,3,0,0,0,NO_RUN,NO_RUN,0.26860297,0.5,default_0_50
2025-10-01,pl2025100101,西武,4,0,1,0,RUN_SCORED,NO_RUN,0.49585932,0.5,default_0_50
2025-10-01,pl2025100101,西武,5,0,0,1,NO_RUN,RUN_SCORED,0.54256946,0.5,default_0_50
2025-10-01,pl2025100101,西武,6,0,0,0,NO_RUN,NO_RUN,0.32522696,0.5,default_0_50
2025-10-01,pl2025100101,西武,7,0,0,1,NO_RUN,RUN_SCORED,0.50097555,0.5,default_0_50
2025-10-01,pl2025100101,西武,8,0,0,0,NO_RUN,NO_RUN,0.47843033,0.5,default_0_50
2025-10-01,pl2025100101,西武,9,0,1,0,RUN_SCORED,NO_RUN,0.48786452,0.5,default_0_50
2025-10-02,cl2025100202,ヤクルト,1,0,0,0,NO_RUN,NO_RUN,0.4200667,0.5,default_0_50
2025-10-02,cl2025100202,ヤクルト,2,0,0,0,NO_RUN,NO_RUN,0.27680472,0.5,default_0_50
2025-10-02,cl2025100202,ヤクルト,3,0,0,0,NO_RUN,NO_RUN,0.41239807,0.5,default_0_50
2025-10-02,cl2025100202,ヤクルト,4,0,1,0,RUN_SCORED,NO_RUN,0.43639383,0.5,default_0_50
2025-10-02,cl2025100202,ヤクルト,5,0,0,0,NO_RUN,NO_RUN,0.2778288,0.5,default_0_50
2025-10-02,cl2025100202,ヤクルト,6,0,0,0,NO_RUN,NO_RUN,0.44461656,0.5,default_0_50
2025-10-02,cl2025100202,ヤクルト,7,0,1,0,RUN_SCORED,NO_RUN,0.3014249,0.5,default_0_50
2025-10-02,cl2025100202,ヤクルト,8,0,0,0,NO_RUN,NO_RUN,0.42893794,0.5,default_0_50
2025-10-02,cl2025100202,ヤクルト,9,0,0,0,NO_RUN,NO_RUN,0.38626406,0.5,default_0_50
2025-10-02,cl2025100202,阪神,1,1,1,1,RUN_SCORED,RUN_SCORED,0.6101484,0.5,default_0_50
2025-10-02,cl2025100202,阪神,2,1,0,0,NO_RUN,NO_RUN,0.29781735,0.5,default_0_50
2025-10-02,cl2025100202,阪神,3,1,1,1,RUN_SCORED,RUN_SCORED,0.6164892,0.5,default_0_50
2025-10-02,cl2025100202,阪神,4,1,0,0,NO_RUN,NO_RUN,0.30850446,0.5,default_0_50
2025-10-02,cl2025100202,阪神,5,1,1,1,RUN_SCORED,RUN_SCORED,0.6713025,0.5,default_0_50
2025-10-02,cl2025100202,阪神,6,1,0,0,NO_RUN,NO_RUN,0.29776093,0.5,default_0_50
2025-10-02,cl2025100202,阪神,7,1,0,1,NO_RUN,RUN_SCORED,0.6568787,0.5,default_0_50
2025-10-02,cl2025100202,阪神,8,1,0,0,NO_RUN,NO_RUN,0.30967703,0.5,default_0_50
2025-10-02,pl2025100201,オリックス,1,1,0,1,NO_RUN,RUN_SCORED,0.53596425,0.5,default_0_50
2025-10-02,pl2025100201,オリックス,2,1,0,0,NO_RUN,NO_RUN,0.2921736,0.5,default_0_50
2025-10-02,pl2025100201,オリックス,3,1,1,1,RUN_SCORED,RUN_SCORED,0.51645917,0.5,default_0_50
2025-10-02,pl2025100201,オリックス,4,1,0,0,NO_RUN,NO_RUN,0.30049714,0.5,default_0_50
2025-10-02,pl2025100201,オリックス,5,1,0,1,NO_RUN,RUN_SCORED,0.5467217,0.5,default_0_50
2025-10-02,pl2025100201,オリックス,6,1,1,1,RUN_SCORED,RUN_SCORED,0.56684476,0.5,default_0_50
2025-10-02,pl2025100201,オリックス,7,1,0,1,NO_RUN,RUN_SCORED,0.52320236,0.5,default_0_50
2025-10-02,pl2025100201,オリックス,8,1,1,1,RUN_SCORED,RUN_SCORED,0.5150151,0.5,default_0_50
2025-10-02,pl2025100201,オリックス,9,1,0,1,NO_RUN,RUN_SCORED,0.5454471,0.5,default_0_50
2025-10-02,pl2025100201,西武,1,0,0,1,NO_RUN,RUN_SCORED,0.56322825,0.5,default_0_50
2025-10-02,pl2025100201,西武,2,0,1,1,RUN_SCORED,RUN_SCORED,0.56322825,0.5,default_0_50
2025-10-02,pl2025100201,西武,3,0,1,1,RUN_SCORED,RUN_SCORED,0.5784444,0.5,default_0_50
2025-10-02,pl2025100201,西武,4,0,1,1,RUN_SCORED,RUN_SCORED,0.62941074,0.5,default_0_50
2025-10-02,pl2025100201,西武,5,0,0,0,NO_RUN,NO_RUN,0.3587512,0.5,default_0_50
2025-10-02,pl2025100201,西武,6,0,0,1,NO_RUN,RUN_SCORED,0.5501666,0.5,default_0_50
2025-10-02,pl2025100201,西武,7,0,0,0,NO_RUN,NO_RUN,0.49252516,0.5,default_0_50
2025-10-02,pl2025100201,西武,8,0,0,0,NO_RUN,NO_RUN,0.3190729,0.5,default_0_50
2025-10-02,pl2025100201,西武,9,0,0,1,NO_RUN,RUN_SCORED,0.55627424,0.5,default_0_50
2025-10-03,cl2025100301,ヤクルト,1,0,1,1,RUN_SCORED,RUN_SCORED,0.5399575,0.5,default_0_50
2025-10-03,cl2025100301,ヤクルト,2,0,0,1,NO_RUN,RUN_SCORED,0.5482048,0.5,default_0_50
2025-10-03,cl2025100301,ヤクルト,3,0,0,0,NO_RUN,NO_RUN,0.4907484,0.5,default_0_50
2025-10-03,cl2025100301,ヤクルト,4,0,1,0,RUN_SCORED,NO_RUN,0.2887917,0.5,default_0_50
2025-10-03,cl2025100301,ヤクルト,5,0,1,1,RUN_SCORED,RUN_SCORED,0.6003767,0.5,default_0_50
2025-10-03,cl2025100301,ヤクルト,6,0,0,0,NO_RUN,NO_RUN,0.47958997,0.5,default_0_50
2025-10-03,cl2025100301,ヤクルト,7,0,0,1,NO_RUN,RUN_SCORED,0.5550912,0.5,default_0_50
2025-10-03,cl2025100301,ヤクルト,8,0,0,0,NO_RUN,NO_RUN,0.28207234,0.5,default_0_50
2025-10-03,cl2025100301,ヤクルト,9,0,0,1,NO_RUN,RUN_SCORED,0.6097053,0.5,default_0_50
2025-10-03,cl2025100301,広島,1,1,0,1,NO_RUN,RUN_SCORED,0.6486113,0.5,default_0_50
2025-10-03,cl2025100301,広島,2,1,0,0,NO_RUN,NO_RUN,0.3055382,0.5,default_0_50
2025-10-03,cl2025100301,広島,3,1,0,1,NO_RUN,RUN_SCORED,0.6486113,0.5,default_0_50
2025-10-03,cl2025100301,広島,4,1,0,1,NO_RUN,RUN_SCORED,0.5800845,0.5,default_0_50
2025-10-03,cl2025100301,広島,5,1,0,0,NO_RUN,NO_RUN,0.31679776,0.5,default_0_50
2025-10-03,cl2025100301,広島,6,1,1,1,RUN_SCORED,RUN_SCORED,0.7143282,0.5,default_0_50
2025-10-03,cl2025100301,広島,7,1,0,0,NO_RUN,NO_RUN,0.2772193,0.5,default_0_50
2025-10-03,cl2025100301,広島,8,1,0,1,NO_RUN,RUN_SCORED,0.56149244,0.5,default_0_50
2025-10-03,cl2025100301,広島,9,1,0,0,NO_RUN,NO_RUN,0.29509374,0.5,default_0_50
2025-10-03,pl2025100302,オリックス,1,0,0,1,NO_RUN,RUN_SCORED,0.5724519,0.5,default_0_50
2025-10-03,pl2025100302,オリックス,2,0,0,0,NO_RUN,NO_RUN,0.31937933,0.5,default_0_50
2025-10-03,pl2025100302,オリックス,3,0,0,1,NO_RUN,RUN_SCORED,0.53117937,0.5,default_0_50
2025-10-03,pl2025100302,オリックス,4,0,0,1,NO_RUN,RUN_SCORED,0.5083853,0.5,default_0_50
2025-10-03,pl2025100302,オリックス,5,0,0,1,NO_RUN,RUN_SCORED,0.5634199,0.5,default_0_50
2025-10-03,pl2025100302,オリックス,6,0,0,1,NO_RUN,RUN_SCORED,0.52264875,0.5,default_0_50
2025-10-03,pl2025100302,オリックス,7,0,0,0,NO_RUN,NO_RUN,0.28699365,0.5,default_0_50
2025-10-03,pl2025100302,オリックス,8,0,1,0,RUN_SCORED,NO_RUN,0.31854096,0.5,default_0_50
2025-10-03,pl2025100302,オリックス,9,0,0,0,NO_RUN,NO_RUN,0.28547475,0.5,default_0_50
2025-10-03,pl2025100302,ソフトバンク,1,1,1,1,RUN_SCORED,RUN_SCORED,0.66580707,0.5,default_0_50
2025-10-03,pl2025100302,ソフトバンク,2,1,0,1,NO_RUN,RUN_SCORED,0.6751334,0.5,default_0_50
2025-10-03,pl2025100302,ソフトバンク,3,1,0,1,NO_RUN,RUN_SCORED,0.6232505,0.5,default_0_50
2025-10-03,pl2025100302,ソフトバンク,4,1,0,0,NO_RUN,NO_RUN,0.42225555,0.5,default_0_50
2025-10-03,pl2025100302,ソフトバンク,5,1,1,1,RUN_SCORED,RUN_SCORED,0.7025122,0.5,default_0_50
2025-10-03,pl2025100302,ソフトバンク,6,1,1,1,RUN_SCORED,RUN_SCORED,0.7262489,0.5,default_0_50
2025-10-03,pl2025100302,ソフトバンク,7,1,0,0,NO_RUN,NO_RUN,0.34307563,0.5,default_0_50
2025-10-03,pl2025100302,ソフトバンク,8,1,1,0,RUN_SCORED,NO_RUN,0.40577167,0.5,default_0_50
2025-10-03,pl2025100303,楽天,1,1,0,1,NO_RUN,RUN_SCORED,0.5543827,0.5,default_0_50
2025-10-03,pl2025100303,楽天,2,1,0,0,NO_RUN,NO_RUN,0.31393698,0.5,default_0_50
2025-10-03,pl2025100303,楽天,3,1,0,1,NO_RUN,RUN_SCORED,0.5543827,0.5,default_0_50
2025-10-03,pl2025100303,楽天,4,1,0,1,NO_RUN,RUN_SCORED,0.5762636,0.5,default_0_50
2025-10-03,pl2025100303,楽天,5,1,0,0,NO_RUN,NO_RUN,0.32564205,0.5,default_0_50
2025-10-03,pl2025100303,楽天,6,1,0,1,NO_RUN,RUN_SCORED,0.5828923,0.5,default_0_50
2025-10-03,pl2025100303,楽天,7,1,1,1,RUN_SCORED,RUN_SCORED,0.5303865,0.5,default_0_50
2025-10-03,pl2025100303,楽天,8,1,1,1,RUN_SCORED,RUN_SCORED,0.57734185,0.5,default_0_50
2025-10-03,pl2025100303,楽天,9,1,1,1,RUN_SCORED,RUN_SCORED,0.5486582,0.5,default_0_50
2025-10-03,pl2025100303,西武,1,0,1,0,RUN_SCORED,NO_RUN,0.47966132,0.5,default_0_50
2025-10-03,pl2025100303,西武,2,0,1,1,RUN_SCORED,RUN_SCORED,0.50932026,0.5,default_0_50
2025-10-03,pl2025100303,西武,3,0,0,0,NO_RUN,NO_RUN,0.29253677,0.5,default_0_50
2025-10-03,pl2025100303,西武,4,0,0,0,NO_RUN,NO_RUN,0.26872194,0.5,default_0_50
2025-10-03,pl2025100303,西武,5,0,0,1,NO_RUN,RUN_SCORED,0.5554303,0.5,default_0_50
2025-10-03,pl2025100303,西武,6,0,0,0,NO_RUN,NO_RUN,0.30846137,0.5,default_0_50
2025-10-03,pl2025100303,西武,7,0,0,1,NO_RUN,RUN_SCORED,0.53576493,0.5,default_0_50
2025-10-03,pl2025100303,西武,8,0,1,0,RUN_SCORED,NO_RUN,0.47096223,0.5,default_0_50
2025-10-03,pl2025100303,西武,9,0,0,0,NO_RUN,NO_RUN,0.48426735,0.5,default_0_50
2025-10-04,cl2025100401,ヤクルト,1,0,0,1,NO_RUN,RUN_SCORED,0.5379705,0.5,default_0_50
2025-10-04,cl2025100401,ヤクルト,2,0,0,0,NO_RUN,NO_RUN,0.33063668,0.5,default_0_50
2025-10-04,cl2025100401,ヤクルト,3,0,1,1,RUN_SCORED,RUN_SCORED,0.5379705,0.5,default_0_50
2025-10-04,cl2025100401,ヤクルト,4,0,1,1,RUN_SCORED,RUN_SCORED,0.5797948,0.5,default_0_50
2025-10-04,cl2025100401,ヤクルト,5,0,0,1,NO_RUN,RUN_SCORED,0.60032284,0.5,default_0_50
2025-10-04,cl2025100401,ヤクルト,6,0,0,0,NO_RUN,NO_RUN,0.33220074,0.5,default_0_50
2025-10-04,cl2025100401,ヤクルト,7,0,0,1,NO_RUN,RUN_SCORED,0.5386133,0.5,default_0_50
2025-10-04,cl2025100401,ヤクルト,8,0,0,0,NO_RUN,NO_RUN,0.32768753,0.5,default_0_50
2025-10-04,cl2025100401,ヤクルト,9,0,0,0,NO_RUN,NO_RUN,0.27567542,0.5,default_0_50
2025-10-04,cl2025100401,広島,1,1,0,1,NO_RUN,RUN_SCORED,0.68118876,0.5,default_0_50
2025-10-04,cl2025100401,広島,2,1,0,0,NO_RUN,NO_RUN,0.3555649,0.5,default_0_50
2025-10-04,cl2025100401,広島,3,1,0,1,NO_RUN,RUN_SCORED,0.67289966,0.5,default_0_50
2025-10-04,cl2025100401,広島,4,1,1,1,RUN_SCORED,RUN_SCORED,0.68758726,0.5,default_0_50
2025-10-04,cl2025100401,広島,5,1,0,1,NO_RUN,RUN_SCORED,0.7026579,0.5,default_0_50
2025-10-04,cl2025100401,広島,6,1,0,0,NO_RUN,NO_RUN,0.3033866,0.5,default_0_50
2025-10-04,cl2025100401,広島,7,1,0,0,NO_RUN,NO_RUN,0.31768793,0.5,default_0_50
2025-10-04,cl2025100401,広島,8,1,0,1,NO_RUN,RUN_SCORED,0.52572316,0.5,default_0_50
2025-10-04,cl2025100401,広島,9,1,0,0,NO_RUN,NO_RUN,0.3153003,0.5,default_0_50
2025-10-04,pl2025100402,楽天,1,1,0,1,NO_RUN,RUN_SCORED,0.54380673,0.5,default_0_50
2025-10-04,pl2025100402,楽天,2,1,0,0,NO_RUN,NO_RUN,0.31344527,0.5,default_0_50
2025-10-04,pl2025100402,楽天,3,1,1,1,RUN_SCORED,RUN_SCORED,0.5324547,0.5,default_0_50
2025-10-04,pl2025100402,楽天,4,1,0,0,NO_RUN,NO_RUN,0.32007232,0.5,default_0_50
2025-10-04,pl2025100402,楽天,5,1,0,1,NO_RUN,RUN_SCORED,0.5792521,0.5,default_0_50
2025-10-04,pl2025100402,楽天,6,1,0,0,NO_RUN,NO_RUN,0.3294342,0.5,default_0_50
2025-10-04,pl2025100402,楽天,7,1,0,1,NO_RUN,RUN_SCORED,0.5748972,0.5,default_0_50
2025-10-04,pl2025100402,楽天,8,1,1,0,RUN_SCORED,NO_RUN,0.31002754,0.5,default_0_50
2025-10-04,pl2025100402,西武,1,0,0,1,NO_RUN,RUN_SCORED,0.5363523,0.5,default_0_50
2025-10-04,pl2025100402,西武,2,0,0,0,NO_RUN,NO_RUN,0.26738474,0.5,default_0_50
2025-10-04,pl2025100402,西武,3,0,1,0,RUN_SCORED,NO_RUN,0.4878479,0.5,default_0_50
2025-10-04,pl2025100402,西武,4,0,0,0,NO_RUN,NO_RUN,0.26252332,0.5,default_0_50
2025-10-04,pl2025100402,西武,5,0,0,0,NO_RUN,NO_RUN,0.49940407,0.5,default_0_50
2025-10-04,pl2025100402,西武,6,0,0,1,NO_RUN,RUN_SCORED,0.5154137,0.5,default_0_50
2025-10-04,pl2025100402,西武,7,0,0,1,NO_RUN,RUN_SCORED,0.5508744,0.5,default_0_50
2025-10-04,pl2025100402,西武,8,0,1,1,RUN_SCORED,RUN_SCORED,0.5508744,0.5,default_0_50
2025-10-04,pl2025100402,西武,9,0,0,0,NO_RUN,NO_RUN,0.26251248,0.5,default_0_50
2025-10-04,pl2025100403,ロッテ,1,1,0,1,NO_RUN,RUN_SCORED,0.57694924,0.5,default_0_50
2025-10-04,pl2025100403,ロッテ,2,1,0,0,NO_RUN,NO_RUN,0.32130846,0.5,default_0_50
2025-10-04,pl2025100403,ロッテ,3,1,0,1,NO_RUN,RUN_SCORED,0.57694924,0.5,default_0_50
2025-10-04,pl2025100403,ロッテ,4,1,1,1,RUN_SCORED,RUN_SCORED,0.6080045,0.5,default_0_50
2025-10-04,pl2025100403,ロッテ,5,1,0,1,NO_RUN,RUN_SCORED,0.6215697,0.5,default_0_50
2025-10-04,pl2025100403,ロッテ,6,1,0,1,NO_RUN,RUN_SCORED,0.5966243,0.5,default_0_50
2025-10-04,pl2025100403,ロッテ,7,1,0,0,NO_RUN,NO_RUN,0.3344757,0.5,default_0_50
2025-10-04,pl2025100403,ロッテ,8,1,1,1,RUN_SCORED,RUN_SCORED,0.61336994,0.5,default_0_50
2025-10-04,pl2025100403,日本ハム,1,0,0,1,NO_RUN,RUN_SCORED,0.63691086,0.5,default_0_50
2025-10-04,pl2025100403,日本ハム,2,0,0,0,NO_RUN,NO_RUN,0.3534905,0.5,default_0_50
2025-10-04,pl2025100403,日本ハム,3,0,0,1,NO_RUN,RUN_SCORED,0.63691086,0.5,default_0_50
2025-10-04,pl2025100403,日本ハム,4,0,0,1,NO_RUN,RUN_SCORED,0.6068523,0.5,default_0_50
2025-10-04,pl2025100403,日本ハム,5,0,0,0,NO_RUN,NO_RUN,0.3367964,0.5,default_0_50
2025-10-04,pl2025100403,日本ハム,6,0,0,1,NO_RUN,RUN_SCORED,0.665862,0.5,default_0_50
2025-10-04,pl2025100403,日本ハム,7,0,0,0,NO_RUN,NO_RUN,0.3248971,0.5,default_0_50
2025-10-04,pl2025100403,日本ハム,8,0,0,1,NO_RUN,RUN_SCORED,0.56389815,0.5,default_0_50
2025-10-04,pl2025100403,日本ハム,9,0,0,0,NO_RUN,NO_RUN,0.31402308,0.5,default_0_50
2025-10-05,pl2025100501,オリックス,1,0,0,1,NO_RUN,RUN_SCORED,0.50759846,0.5,default_0_50
2025-10-05,pl2025100501,オリックス,2,0,1,0,RUN_SCORED,NO_RUN,0.31908485,0.5,default_0_50
2025-10-05,pl2025100501,オリックス,3,0,0,1,NO_RUN,RUN_SCORED,0.5057871,0.5,default_0_50
2025-10-05,pl2025100501,オリックス,4,0,0,0,NO_RUN,NO_RUN,0.32941526,0.5,default_0_50
2025-10-05,pl2025100501,オリックス,5,0,0,1,NO_RUN,RUN_SCORED,0.5351109,0.5,default_0_50
2025-10-05,pl2025100501,オリックス,6,0,0,1,NO_RUN,RUN_SCORED,0.56693614,0.5,default_0_50
2025-10-05,pl2025100501,オリックス,7,0,0,0,NO_RUN,NO_RUN,0.31877282,0.5,default_0_50
2025-10-05,pl2025100501,オリックス,8,0,0,1,NO_RUN,RUN_SCORED,0.5178609,0.5,default_0_50
2025-10-05,pl2025100501,オリックス,9,0,0,0,NO_RUN,NO_RUN,0.32473817,0.5,default_0_50
2025-10-05,pl2025100501,オリックス,10,0,0,1,NO_RUN,RUN_SCORED,0.5217445,0.5,default_0_50
2025-10-05,pl2025100501,オリックス,11,0,1,0,RUN_SCORED,NO_RUN,0.47077256,0.5,default_0_50
2025-10-05,pl2025100501,楽天,1,1,0,1,NO_RUN,RUN_SCORED,0.6316412,0.5,default_0_50
2025-10-05,pl2025100501,楽天,2,1,1,0,RUN_SCORED,NO_RUN,0.31722373,0.5,default_0_50
2025-10-05,pl2025100501,楽天,3,1,0,1,NO_RUN,RUN_SCORED,0.58411545,0.5,default_0_50
2025-10-05,pl2025100501,楽天,4,1,0,0,NO_RUN,NO_RUN,0.35337523,0.5,default_0_50
2025-10-05,pl2025100501,楽天,5,1,0,1,NO_RUN,RUN_SCORED,0.62234473,0.5,default_0_50
2025-10-05,pl2025100501,楽天,6,1,0,0,NO_RUN,NO_RUN,0.36341977,0.5,default_0_50
2025-10-05,pl2025100501,楽天,7,1,0,1,NO_RUN,RUN_SCORED,0.6521018,0.5,default_0_50
2025-10-05,pl2025100501,楽天,8,1,0,0,NO_RUN,NO_RUN,0.3502371,0.5,default_0_50
2025-10-05,pl2025100501,楽天,9,1,0,0,NO_RUN,NO_RUN,0.3519565,0.5,default_0_50
2025-10-05,pl2025100501,楽天,10,1,0,1,NO_RUN,RUN_SCORED,0.60362715,0.5,default_0_50
2025-10-05,pl2025100501,楽天,11,1,0,0,NO_RUN,NO_RUN,0.3479943,0.5,default_0_50
2025-10-05,pl2025100502,ソフトバンク,1,0,1,1,RUN_SCORED,RUN_SCORED,0.64641595,0.5,default_0_50
2025-10-05,pl2025100502,ソフトバンク,2,0,0,0,NO_RUN,NO_RUN,0.37379593,0.5,default_0_50
2025-10-05,pl2025100502,ソフトバンク,3,0,0,1,NO_RUN,RUN_SCORED,0.65553194,0.5,default_0_50
2025-10-05,pl2025100502,ソフトバンク,4,0,0,0,NO_RUN,NO_RUN,0.39437568,0.5,default_0_50
2025-10-05,pl2025100502,ソフトバンク,5,0,0,1,NO_RUN,RUN_SCORED,0.6760983,0.5,default_0_50
2025-10-05,pl2025100502,ソフトバンク,6,0,0,0,NO_RUN,NO_RUN,0.3602298,0.5,default_0_50
2025-10-05,pl2025100502,ソフトバンク,7,0,1,1,RUN_SCORED,RUN_SCORED,0.67073,0.5,default_0_50
2025-10-05,pl2025100502,ソフトバンク,8,0,0,0,NO_RUN,NO_RUN,0.34606704,0.5,default_0_50
2025-10-05,pl2025100502,ソフトバンク,9,0,0,0,NO_RUN,NO_RUN,0.33297855,0.5,default_0_50
2025-10-05,pl2025100502,ロッテ,1,1,0,1,NO_RUN,RUN_SCORED,0.57442856,0.5,default_0_50
2025-10-05,pl2025100502,ロッテ,2,1,0,0,NO_RUN,NO_RUN,0.30563894,0.5,default_0_50
2025-10-05,pl2025100502,ロッテ,3,1,0,1,NO_RUN,RUN_SCORED,0.57442856,0.5,default_0_50
2025-10-05,pl2025100502,ロッテ,4,1,1,1,RUN_SCORED,RUN_SCORED,0.508548,0.5,default_0_50
2025-10-05,pl2025100502,ロッテ,5,1,0,1,NO_RUN,RUN_SCORED,0.61106604,0.5,default_0_50
2025-10-05,pl2025100502,ロッテ,6,1,0,1,NO_RUN,RUN_SCORED,0.63484955,0.5,default_0_50
2025-10-05,pl2025100502,ロッテ,7,1,0,0,NO_RUN,NO_RUN,0.29998678,0.5,default_0_50
2025-10-05,pl2025100502,ロッテ,8,1,1,0,RUN_SCORED,NO_RUN,0.2876879,0.5,default_0_50
2025-10-05,pl2025100502,ロッテ,9,1,0,0,NO_RUN,NO_RUN,0.49086097,0.5,default_0_50
