game_date,game_id,team_id,inning,top_bottom,true_id,pred_id,true_label,pred_label,prob_RUN_SCORED
2025-09-19,cl2025091901,巨人,1,1,0,1,NO_RUN,RUN_SCORED,0.5780489
2025-09-19,cl2025091901,巨人,2,1,1,0,RUN_SCORED,NO_RUN,0.34253064
2025-09-19,cl2025091901,巨人,3,1,0,1,NO_RUN,RUN_SCORED,0.5728282
2025-09-19,cl2025091901,巨人,4,1,1,1,RUN_SCORED,RUN_SCORED,0.6203431
2025-09-19,cl2025091901,巨人,5,1,0,1,NO_RUN,RUN_SCORED,0.6484691
2025-09-19,cl2025091901,巨人,6,1,1,1,RUN_SCORED,RUN_SCORED,0.64434725
2025-09-19,cl2025091901,巨人,7,1,0,0,NO_RUN,NO_RUN,0.49246654
2025-09-19,cl2025091901,巨人,8,1,0,0,NO_RUN,NO_RUN,0.43813926
2025-09-19,cl2025091901,広島,1,0,1,0,RUN_SCORED,NO_RUN,0.35959324
2025-09-19,cl2025091901,広島,2,0,0,0,NO_RUN,NO_RUN,0.37845284
2025-09-19,cl2025091901,広島,3,0,0,0,NO_RUN,NO_RUN,0.38133126
2025-09-19,cl2025091901,広島,4,0,0,0,NO_RUN,NO_RUN,0.2700732
2025-09-19,cl2025091901,広島,5,0,0,0,NO_RUN,NO_RUN,0.3752011
2025-09-19,cl2025091901,広島,6,0,0,0,NO_RUN,NO_RUN,0.31144023
2025-09-19,cl2025091901,広島,7,0,1,0,RUN_SCORED,NO_RUN,0.3689313
2025-09-19,cl2025091901,広島,8,0,0,0,NO_RUN,NO_RUN,0.30447882
2025-09-19,cl2025091901,広島,9,0,0,0,NO_RUN,NO_RUN,0.3931791
2025-09-19,cl2025091902,ヤクルト,1,0,1,1,RUN_SCORED,RUN_SCORED,0.5021975
2025-09-19,cl2025091902,ヤクルト,2,0,1,0,RUN_SCORED,NO_RUN,0.49123856
2025-09-19,cl2025091902,ヤクルト,3,0,0,0,NO_RUN,NO_RUN,0.32772025
2025-09-19,cl2025091902,ヤクルト,4,0,0,1,NO_RUN,RUN_SCORED,0.5292952
2025-09-19,cl2025091902,ヤクルト,5,0,0,1,NO_RUN,RUN_SCORED,0.5563074
2025-09-19,cl2025091902,ヤクルト,6,0,0,0,NO_RUN,NO_RUN,0.30052862
2025-09-19,cl2025091902,ヤクルト,7,0,1,0,RUN_SCORED,NO_RUN,0.48780608
2025-09-19,cl2025091902,ヤクルト,8,0,1,1,RUN_SCORED,RUN_SCORED,0.57950884
2025-09-19,cl2025091902,ヤクルト,9,0,0,1,NO_RUN,RUN_SCORED,0.56140214
2025-09-19,cl2025091902,中日,1,1,0,1,NO_RUN,RUN_SCORED,0.61588633
2025-09-19,cl2025091902,中日,2,1,0,0,NO_RUN,NO_RUN,0.37487674
2025-09-19,cl2025091902,中日,3,1,0,1,NO_RUN,RUN_SCORED,0.61588633
2025-09-19,cl2025091902,中日,4,1,0,1,NO_RUN,RUN_SCORED,0.5286947
2025-09-19,cl2025091902,中日,5,1,0,0,NO_RUN,NO_RUN,0.31826225
2025-09-19,cl2025091902,中日,6,1,0,1,NO_RUN,RUN_SCORED,0.62038285
2025-09-19,cl2025091902,中日,7,1,1,0,RUN_SCORED,NO_RUN,0.3785738
2025-09-19,cl2025091902,中日,8,1,0,1,NO_RUN,RUN_SCORED,0.5469185
2025-09-19,cl2025091902,中日,9,1,0,0,NO_RUN,NO_RUN,0.342116
2025-09-19,cl2025091903,阪神,1,1,0,1,NO_RUN,RUN_SCORED,0.53354836
2025-09-19,cl2025091903,阪神,2,1,0,0,NO_RUN,NO_RUN,0.3265544
2025-09-19,cl2025091903,阪神,3,1,0,1,NO_RUN,RUN_SCORED,0.53354836
2025-09-19,cl2025091903,阪神,4,1,1,1,RUN_SCORED,RUN_SCORED,0.5025381
2025-09-19,cl2025091903,阪神,5,1,1,1,RUN_SCORED,RUN_SCORED,0.543563
2025-09-19,cl2025091903,阪神,6,1,1,0,RUN_SCORED,NO_RUN,0.3123018
2025-09-19,cl2025091903,阪神,7,1,0,1,NO_RUN,RUN_SCORED,0.52891225
2025-09-19,cl2025091903,阪神,8,1,0,0,NO_RUN,NO_RUN,0.33468956
2025-09-19,cl2025091903,ＤｅＮＡ,1,0,0,0,NO_RUN,NO_RUN,0.41212255
2025-09-19,cl2025091903,ＤｅＮＡ,2,0,0,0,NO_RUN,NO_RUN,0.32113212
2025-09-19,cl2025091903,ＤｅＮＡ,3,0,0,0,NO_RUN,NO_RUN,0.4119902
2025-09-19,cl2025091903,ＤｅＮＡ,4,0,0,0,NO_RUN,NO_RUN,0.41688913
2025-09-19,cl2025091903,ＤｅＮＡ,5,0,0,0,NO_RUN,NO_RUN,0.31552246
2025-09-19,cl2025091903,ＤｅＮＡ,6,0,0,0,NO_RUN,NO_RUN,0.4399839
2025-09-19,cl2025091903,ＤｅＮＡ,7,0,0,0,NO_RUN,NO_RUN,0.30066243
2025-09-19,cl2025091903,ＤｅＮＡ,8,0,0,0,NO_RUN,NO_RUN,0.45265076
2025-09-19,cl2025091903,ＤｅＮＡ,9,0,0,0,NO_RUN,NO_RUN,0.3070833
2025-09-19,pl2025091911,楽天,1,1,0,1,NO_RUN,RUN_SCORED,0.5927732
2025-09-19,pl2025091911,楽天,2,1,0,0,NO_RUN,NO_RUN,0.34585458
2025-09-19,pl2025091911,楽天,3,1,0,1,NO_RUN,RUN_SCORED,0.5927732
2025-09-19,pl2025091911,楽天,4,1,1,1,RUN_SCORED,RUN_SCORED,0.53228915
2025-09-19,pl2025091911,楽天,5,1,0,1,NO_RUN,RUN_SCORED,0.6331436
2025-09-19,pl2025091911,楽天,6,1,0,1,NO_RUN,RUN_SCORED,0.5764138
2025-09-19,pl2025091911,楽天,7,1,0,0,NO_RUN,NO_RUN,0.28803843
2025-09-19,pl2025091911,楽天,8,1,0,0,NO_RUN,NO_RUN,0.4404922
2025-09-19,pl2025091911,楽天,9,1,0,0,NO_RUN,NO_RUN,0.3209645
2025-09-19,pl2025091911,西武,1,0,0,1,NO_RUN,RUN_SCORED,0.5523391
2025-09-19,pl2025091911,西武,2,0,0,0,NO_RUN,NO_RUN,0.29700214
2025-09-19,pl2025091911,西武,3,0,0,1,NO_RUN,RUN_SCORED,0.5523391
2025-09-19,pl2025091911,西武,4,0,0,0,NO_RUN,NO_RUN,0.48297644
2025-09-19,pl2025091911,西武,5,0,1,0,RUN_SCORED,NO_RUN,0.30463153
2025-09-19,pl2025091911,西武,6,0,0,1,NO_RUN,RUN_SCORED,0.5582294
2025-09-19,pl2025091911,西武,7,0,1,1,RUN_SCORED,RUN_SCORED,0.57325304
2025-09-19,pl2025091911,西武,8,0,0,1,NO_RUN,RUN_SCORED,0.6089897
2025-09-19,pl2025091911,西武,9,0,0,0,NO_RUN,NO_RUN,0.30275205
2025-09-20,cl2025092001,巨人,1,1,0,1,NO_RUN,RUN_SCORED,0.5491017
2025-09-20,cl2025092001,巨人,2,1,1,0,RUN_SCORED,NO_RUN,0.31808162
2025-09-20,cl2025092001,巨人,3,1,0,1,NO_RUN,RUN_SCORED,0.5373804
2025-09-20,cl2025092001,巨人,4,1,1,1,RUN_SCORED,RUN_SCORED,0.5842699
2025-09-20,cl2025092001,巨人,5,1,0,1,NO_RUN,RUN_SCORED,0.59871376
2025-09-20,cl2025092001,巨人,6,1,0,0,NO_RUN,NO_RUN,0.3494876
2025-09-20,cl2025092001,巨人,7,1,0,1,NO_RUN,RUN_SCORED,0.5676706
2025-09-20,cl2025092001,巨人,8,1,0,1,NO_RUN,RUN_SCORED,0.510913
2025-09-20,cl2025092001,広島,1,0,0,0,NO_RUN,NO_RUN,0.40715292
2025-09-20,cl2025092001,広島,2,0,0,0,NO_RUN,NO_RUN,0.3066091
2025-09-20,cl2025092001,広島,3,0,0,0,NO_RUN,NO_RUN,0.2741148
2025-09-20,cl2025092001,広島,4,0,1,0,RUN_SCORED,NO_RUN,0.42925608
2025-09-20,cl2025092001,広島,5,0,0,0,NO_RUN,NO_RUN,0.27818263
2025-09-20,cl2025092001,広島,6,0,0,0,NO_RUN,NO_RUN,0.42000145
2025-09-20,cl2025092001,広島,7,0,0,0,NO_RUN,NO_RUN,0.4006404
2025-09-20,cl2025092001,広島,8,0,0,0,NO_RUN,NO_RUN,0.2783988
2025-09-20,cl2025092001,広島,9,0,0,0,NO_RUN,NO_RUN,0.38943842
2025-09-20,cl2025092002,ヤクルト,1,0,0,1,NO_RUN,RUN_SCORED,0.5869867
2025-09-20,cl2025092002,ヤクルト,2,0,0,0,NO_RUN,NO_RUN,0.30349568
2025-09-20,cl2025092002,ヤクルト,3,0,0,0,NO_RUN,NO_RUN,0.29619792
2025-09-20,cl2025092002,ヤクルト,4,0,0,1,NO_RUN,RUN_SCORED,0.5360315
2025-09-20,cl2025092002,ヤクルト,5,0,0,0,NO_RUN,NO_RUN,0.28928974
2025-09-20,cl2025092002,ヤクルト,6,0,0,0,NO_RUN,NO_RUN,0.29892695
2025-09-20,cl2025092002,ヤクルト,7,0,0,0,NO_RUN,NO_RUN,0.29376665
2025-09-20,cl2025092002,ヤクルト,8,0,0,0,NO_RUN,NO_RUN,0.29318568
2025-09-20,cl2025092002,ヤクルト,9,0,0,0,NO_RUN,NO_RUN,0.43117625
2025-09-20,cl2025092002,中日,1,1,0,1,NO_RUN,RUN_SCORED,0.6159911
2025-09-20,cl2025092002,中日,2,1,0,0,NO_RUN,NO_RUN,0.33927658
2025-09-20,cl2025092002,中日,3,1,1,1,RUN_SCORED,RUN_SCORED,0.6159911
2025-09-20,cl2025092002,中日,4,1,0,0,NO_RUN,NO_RUN,0.3350668
2025-09-20,cl2025092002,中日,5,1,0,1,NO_RUN,RUN_SCORED,0.58717555
2025-09-20,cl2025092002,中日,6,1,0,1,NO_RUN,RUN_SCORED,0.6067765
2025-09-20,cl2025092002,中日,7,1,1,0,RUN_SCORED,NO_RUN,0.43925273
2025-09-20,cl2025092002,中日,8,1,0,1,NO_RUN,RUN_SCORED,0.5380107
2025-09-20,cl2025092003,阪神,1,1,0,1,NO_RUN,RUN_SCORED,0.5059243
2025-09-20,cl2025092003,阪神,2,1,0,0,NO_RUN,NO_RUN,0.29799476
2025-09-20,cl2025092003,阪神,3,1,0,1,NO_RUN,RUN_SCORED,0.5006198
2025-09-20,cl2025092003,阪神,4,1,0,0,NO_RUN,NO_RUN,0.3186327
2025-09-20,cl2025092003,阪神,5,1,0,0,NO_RUN,NO_RUN,0.26811013
2025-09-20,cl2025092003,阪神,6,1,0,1,NO_RUN,RUN_SCORED,0.54991996
2025-09-20,cl2025092003,阪神,7,1,1,0,RUN_SCORED,NO_RUN,0.31014013
2025-09-20,cl2025092003,阪神,8,1,0,0,NO_RUN,NO_RUN,0.37964335
2025-09-20,cl2025092003,阪神,9,1,0,1,NO_RUN,RUN_SCORED,0.5235424
2025-09-20,cl2025092003,ＤｅＮＡ,1,0,0,0,NO_RUN,NO_RUN,0.43382767
2025-09-20,cl2025092003,ＤｅＮＡ,2,0,0,0,NO_RUN,NO_RUN,0.30394778
2025-09-20,cl2025092003,ＤｅＮＡ,3,0,0,0,NO_RUN,NO_RUN,0.43382767
2025-09-20,cl2025092003,ＤｅＮＡ,4,0,1,0,RUN_SCORED,NO_RUN,0.4568647
2025-09-20,cl2025092003,ＤｅＮＡ,5,0,1,0,RUN_SCORED,NO_RUN,0.48120648
2025-09-20,cl2025092003,ＤｅＮＡ,6,0,0,0,NO_RUN,NO_RUN,0.4833484
2025-09-20,cl2025092003,ＤｅＮＡ,7,0,0,0,NO_RUN,NO_RUN,0.49684867
2025-09-20,cl2025092003,ＤｅＮＡ,8,0,1,0,RUN_SCORED,NO_RUN,0.49684867
2025-09-20,cl2025092003,ＤｅＮＡ,9,0,0,0,NO_RUN,NO_RUN,0.28841755
2025-09-20,pl2025092004,ロッテ,1,0,0,0,NO_RUN,NO_RUN,0.46347022
2025-09-20,pl2025092004,ロッテ,2,0,0,0,NO_RUN,NO_RUN,0.27570367
2025-09-20,pl2025092004,ロッテ,3,0,0,0,NO_RUN,NO_RUN,0.45159182
2025-09-20,pl2025092004,ロッテ,4,0,1,0,RUN_SCORED,NO_RUN,0.43242097
2025-09-20,pl2025092004,ロッテ,5,0,1,0,RUN_SCORED,NO_RUN,0.487738
2025-09-20,pl2025092004,ロッテ,6,0,1,0,RUN_SCORED,NO_RUN,0.49447125
2025-09-20,pl2025092004,ロッテ,7,0,1,0,RUN_SCORED,NO_RUN,0.46450114
2025-09-20,pl2025092004,ロッテ,8,0,0,0,NO_RUN,NO_RUN,0.4000647
2025-09-20,pl2025092004,ロッテ,9,0,0,0,NO_RUN,NO_RUN,0.4519071
2025-09-20,pl2025092004,日本ハム,1,1,1,1,RUN_SCORED,RUN_SCORED,0.72903293
2025-09-20,pl2025092004,日本ハム,2,1,1,1,RUN_SCORED,RUN_SCORED,0.74064523
2025-09-20,pl2025092004,日本ハム,3,1,1,1,RUN_SCORED,RUN_SCORED,0.7115954
2025-09-20,pl2025092004,日本ハム,4,1,1,1,RUN_SCORED,RUN_SCORED,0.75119513
2025-09-20,pl2025092004,日本ハム,5,1,0,1,NO_RUN,RUN_SCORED,0.8394766
2025-09-20,pl2025092004,日本ハム,6,1,0,0,NO_RUN,NO_RUN,0.49000597
2025-09-20,pl2025092004,日本ハム,7,1,0,1,NO_RUN,RUN_SCORED,0.6694991
2025-09-20,pl2025092004,日本ハム,8,1,0,1,NO_RUN,RUN_SCORED,0.6574331
2025-09-20,pl2025092004,日本ハム,9,1,1,0,RUN_SCORED,NO_RUN,0.35156542
2025-09-20,pl2025092005,楽天,1,1,0,1,NO_RUN,RUN_SCORED,0.6270494
2025-09-20,pl2025092005,楽天,2,1,0,0,NO_RUN,NO_RUN,0.33123818
2025-09-20,pl2025092005,楽天,3,1,1,1,RUN_SCORED,RUN_SCORED,0.6270494
2025-09-20,pl2025092005,楽天,4,1,0,1,NO_RUN,RUN_SCORED,0.658634
2025-09-20,pl2025092005,楽天,5,1,0,1,NO_RUN,RUN_SCORED,0.610892
2025-09-20,pl2025092005,楽天,6,1,0,1,NO_RUN,RUN_SCORED,0.6800159
2025-09-20,pl2025092005,楽天,7,1,0,1,NO_RUN,RUN_SCORED,0.54460037
2025-09-20,pl2025092005,楽天,8,1,0,0,NO_RUN,NO_RUN,0.48731086
2025-09-20,pl2025092005,西武,1,0,0,1,NO_RUN,RUN_SCORED,0.5110132
2025-09-20,pl2025092005,西武,2,0,0,0,NO_RUN,NO_RUN,0.2883227
2025-09-20,pl2025092005,西武,3,0,0,1,NO_RUN,RUN_SCORED,0.5110132
2025-09-20,pl2025092005,西武,4,0,1,0,RUN_SCORED,NO_RUN,0.28738892
2025-09-20,pl2025092005,西武,5,0,0,1,NO_RUN,RUN_SCORED,0.5594183
2025-09-20,pl2025092005,西武,6,0,0,0,NO_RUN,NO_RUN,0.29288182
2025-09-20,pl2025092005,西武,7,0,0,0,NO_RUN,NO_RUN,0.4823258
2025-09-20,pl2025092005,西武,8,0,0,0,NO_RUN,NO_RUN,0.36907086
2025-09-20,pl2025092005,西武,9,0,0,0,NO_RUN,NO_RUN,0.2724662
2025-09-20,pl2025092006,オリックス,1,0,0,1,NO_RUN,RUN_SCORED,0.6918605
2025-09-20,pl2025092006,オリックス,2,0,0,0,NO_RUN,NO_RUN,0.35774067
2025-09-20,pl2025092006,オリックス,3,0,0,1,NO_RUN,RUN_SCORED,0.67917824
2025-09-20,pl2025092006,オリックス,4,0,1,1,RUN_SCORED,RUN_SCORED,0.7269723
2025-09-20,pl2025092006,オリックス,5,0,0,1,NO_RUN,RUN_SCORED,0.73353344
2025-09-20,pl2025092006,オリックス,6,0,0,1,NO_RUN,RUN_SCORED,0.7039404
2025-09-20,pl2025092006,オリックス,7,0,0,0,NO_RUN,NO_RUN,0.37950763
2025-09-20,pl2025092006,オリックス,8,0,0,0,NO_RUN,NO_RUN,0.3107724
2025-09-20,pl2025092006,オリックス,9,0,1,0,RUN_SCORED,NO_RUN,0.3409697
2025-09-20,pl2025092006,ソフトバンク,1,1,1,1,RUN_SCORED,RUN_SCORED,0.53302854
2025-09-20,pl2025092006,ソフトバンク,2,1,0,1,NO_RUN,RUN_SCORED,0.55522835
2025-09-20,pl2025092006,ソフトバンク,3,1,0,1,NO_RUN,RUN_SCORED,0.5045156
2025-09-20,pl2025092006,ソフトバンク,4,1,0,0,NO_RUN,NO_RUN,0.29072353
2025-09-20,pl2025092006,ソフトバンク,5,1,1,1,RUN_SCORED,RUN_SCORED,0.5649805
2025-09-20,pl2025092006,ソフトバンク,6,1,0,0,NO_RUN,NO_RUN,0.34234142
2025-09-20,pl2025092006,ソフトバンク,7,1,0,1,NO_RUN,RUN_SCORED,0.6043279
2025-09-20,pl2025092006,ソフトバンク,8,1,0,1,NO_RUN,RUN_SCORED,0.5140426
2025-09-20,pl2025092006,ソフトバンク,9,1,1,1,RUN_SCORED,RUN_SCORED,0.5544894
2025-09-21,cl2025092101,ヤクルト,1,1,0,0,NO_RUN,NO_RUN,0.4505977
2025-09-21,cl2025092101,ヤクルト,2,1,1,0,RUN_SCORED,NO_RUN,0.4505977
2025-09-21,cl2025092101,ヤクルト,3,1,0,0,NO_RUN,NO_RUN,0.32821593
2025-09-21,cl2025092101,ヤクルト,4,1,0,0,NO_RUN,NO_RUN,0.43422556
2025-09-21,cl2025092101,ヤクルト,5,1,1,0,RUN_SCORED,NO_RUN,0.4525835
2025-09-21,cl2025092101,ヤクルト,6,1,0,1,NO_RUN,RUN_SCORED,0.66685325
2025-09-21,cl2025092101,ヤクルト,7,1,0,1,NO_RUN,RUN_SCORED,0.6190816
2025-09-21,cl2025092101,ヤクルト,8,1,0,0,NO_RUN,NO_RUN,0.3447527
2025-09-21,cl2025092101,阪神,1,0,0,1,NO_RUN,RUN_SCORED,0.5917557
2025-09-21,cl2025092101,阪神,2,0,0,0,NO_RUN,NO_RUN,0.34624714
2025-09-21,cl2025092101,阪神,3,0,0,1,NO_RUN,RUN_SCORED,0.5813119
2025-09-21,cl2025092101,阪神,4,0,0,0,NO_RUN,NO_RUN,0.35316083
2025-09-21,cl2025092101,阪神,5,0,0,1,NO_RUN,RUN_SCORED,0.62353134
2025-09-21,cl2025092101,阪神,6,0,0,1,NO_RUN,RUN_SCORED,0.60264355
2025-09-21,cl2025092101,阪神,7,0,0,0,NO_RUN,NO_RUN,0.34364295
2025-09-21,cl2025092101,阪神,8,0,1,0,RUN_SCORED,NO_RUN,0.49298748
2025-09-21,cl2025092101,阪神,9,0,0,0,NO_RUN,NO_RUN,0.27851152
2025-09-21,cl2025092102,広島,1,0,0,1,NO_RUN,RUN_SCORED,0.5753628
2025-09-21,cl2025092102,広島,2,0,0,0,NO_RUN,NO_RUN,0.3566585
2025-09-21,cl2025092102,広島,3,0,0,1,NO_RUN,RUN_SCORED,0.55995905
2025-09-21,cl2025092102,広島,4,0,0,1,NO_RUN,RUN_SCORED,0.6135737
2025-09-21,cl2025092102,広島,5,0,1,1,RUN_SCORED,RUN_SCORED,0.6135737
2025-09-21,cl2025092102,広島,6,0,1,0,RUN_SCORED,NO_RUN,0.39422482
2025-09-21,cl2025092102,広島,7,0,0,1,NO_RUN,RUN_SCORED,0.57896966
2025-09-21,cl2025092102,広島,8,0,0,1,NO_RUN,RUN_SCORED,0.5013759
2025-09-21,cl2025092102,広島,9,0,0,0,NO_RUN,NO_RUN,0.48780087
2025-09-21,cl2025092102,ＤｅＮＡ,1,1,0,1,NO_RUN,RUN_SCORED,0.61705893
2025-09-21,cl2025092102,ＤｅＮＡ,2,1,1,1,RUN_SCORED,RUN_SCORED,0.61705893
2025-09-21,cl2025092102,ＤｅＮＡ,3,1,1,1,RUN_SCORED,RUN_SCORED,0.5958456
2025-09-21,cl2025092102,ＤｅＮＡ,4,1,0,1,NO_RUN,RUN_SCORED,0.6846741
2025-09-21,cl2025092102,ＤｅＮＡ,5,1,0,1,NO_RUN,RUN_SCORED,0.69574386
2025-09-21,cl2025092102,ＤｅＮＡ,6,1,0,1,NO_RUN,RUN_SCORED,0.60281783
2025-09-21,cl2025092102,ＤｅＮＡ,7,1,0,0,NO_RUN,NO_RUN,0.3317034
2025-09-21,cl2025092102,ＤｅＮＡ,8,1,0,1,NO_RUN,RUN_SCORED,0.64228034
2025-09-21,cl2025092103,中日,1,1,1,1,RUN_SCORED,RUN_SCORED,0.69864935
2025-09-21,cl2025092103,中日,2,1,1,1,RUN_SCORED,RUN_SCORED,0.69864935
2025-09-21,cl2025092103,中日,3,1,0,1,NO_RUN,RUN_SCORED,0.6997971
2025-09-21,cl2025092103,中日,4,1,0,0,NO_RUN,NO_RUN,0.31855953
2025-09-21,cl2025092103,中日,5,1,0,1,NO_RUN,RUN_SCORED,0.7438237
2025-09-21,cl2025092103,中日,6,1,1,1,RUN_SCORED,RUN_SCORED,0.7690429
2025-09-21,cl2025092103,中日,7,1,0,0,NO_RUN,NO_RUN,0.3034302
2025-09-21,cl2025092103,中日,8,1,0,1,NO_RUN,RUN_SCORED,0.68520826
2025-09-21,cl2025092103,巨人,1,0,1,1,RUN_SCORED,RUN_SCORED,0.5184496
2025-09-21,cl2025092103,巨人,2,0,0,1,NO_RUN,RUN_SCORED,0.50733715
2025-09-21,cl2025092103,巨人,3,0,0,1,NO_RUN,RUN_SCORED,0.5169302
2025-09-21,cl2025092103,巨人,4,0,0,0,NO_RUN,NO_RUN,0.3388934
2025-09-21,cl2025092103,巨人,5,0,0,1,NO_RUN,RUN_SCORED,0.56058115
2025-09-21,cl2025092103,巨人,6,0,0,0,NO_RUN,NO_RUN,0.34147784
2025-09-21,cl2025092103,巨人,7,0,0,0,NO_RUN,NO_RUN,0.4728004
2025-09-21,cl2025092103,巨人,8,0,0,0,NO_RUN,NO_RUN,0.4711128
2025-09-21,cl2025092103,巨人,9,0,0,0,NO_RUN,NO_RUN,0.2849361
2025-09-21,pl2025092104,ロッテ,1,0,0,0,NO_RUN,NO_RUN,0.41642085
2025-09-21,pl2025092104,ロッテ,2,0,0,0,NO_RUN,NO_RUN,0.29446962
2025-09-21,pl2025092104,ロッテ,3,0,0,0,NO_RUN,NO_RUN,0.4122708
2025-09-21,pl2025092104,ロッテ,4,0,1,0,RUN_SCORED,NO_RUN,0.43606204
2025-09-21,pl2025092104,ロッテ,5,0,0,0,NO_RUN,NO_RUN,0.45758843
2025-09-21,pl2025092104,ロッテ,6,0,0,0,NO_RUN,NO_RUN,0.31775886
2025-09-21,pl2025092104,ロッテ,7,0,0,1,NO_RUN,RUN_SCORED,0.5309223
2025-09-21,pl2025092104,ロッテ,8,0,0,0,NO_RUN,NO_RUN,0.4050471
2025-09-21,pl2025092104,ロッテ,9,0,0,0,NO_RUN,NO_RUN,0.32707515
2025-09-21,pl2025092104,日本ハム,1,1,1,1,RUN_SCORED,RUN_SCORED,0.6866597
2025-09-21,pl2025092104,日本ハム,2,1,0,0,NO_RUN,NO_RUN,0.38598925
2025-09-21,pl2025092104,日本ハム,3,1,1,1,RUN_SCORED,RUN_SCORED,0.69938695
2025-09-21,pl2025092104,日本ハム,4,1,0,0,NO_RUN,NO_RUN,0.37877038
2025-09-21,pl2025092104,日本ハム,5,1,0,1,NO_RUN,RUN_SCORED,0.7328987
2025-09-21,pl2025092104,日本ハム,6,1,1,1,RUN_SCORED,RUN_SCORED,0.7328987
2025-09-21,pl2025092104,日本ハム,7,1,0,1,NO_RUN,RUN_SCORED,0.6623894
2025-09-21,pl2025092104,日本ハム,8,1,0,0,NO_RUN,NO_RUN,0.41524425
2025-09-21,pl2025092105,楽天,1,1,0,1,NO_RUN,RUN_SCORED,0.51098675
2025-09-21,pl2025092105,楽天,2,1,0,0,NO_RUN,NO_RUN,0.29290357
2025-09-21,pl2025092105,楽天,3,1,0,0,NO_RUN,NO_RUN,0.4904318
2025-09-21,pl2025092105,楽天,4,1,0,0,NO_RUN,NO_RUN,0.30196357
2025-09-21,pl2025092105,楽天,5,1,1,1,RUN_SCORED,RUN_SCORED,0.53214306
2025-09-21,pl2025092105,楽天,6,1,1,0,RUN_SCORED,NO_RUN,0.35728744
2025-09-21,pl2025092105,楽天,7,1,0,0,NO_RUN,NO_RUN,0.42543426
2025-09-21,pl2025092105,楽天,8,1,0,1,NO_RUN,RUN_SCORED,0.5459988
2025-09-21,pl2025092105,楽天,9,1,0,0,NO_RUN,NO_RUN,0.32317793
2025-09-21,pl2025092105,西武,1,0,0,1,NO_RUN,RUN_SCORED,0.5247448
2025-09-21,pl2025092105,西武,2,0,1,1,RUN_SCORED,RUN_SCORED,0.5247448
2025-09-21,pl2025092105,西武,3,0,1,1,RUN_SCORED,RUN_SCORED,0.51209825
2025-09-21,pl2025092105,西武,4,0,0,1,NO_RUN,RUN_SCORED,0.62461287
2025-09-21,pl2025092105,西武,5,0,1,0,RUN_SCORED,NO_RUN,0.31146887
2025-09-21,pl2025092105,西武,6,0,0,1,NO_RUN,RUN_SCORED,0.53349066
2025-09-21,pl2025092105,西武,7,0,1,0,RUN_SCORED,NO_RUN,0.30833754
2025-09-21,pl2025092105,西武,8,0,1,0,RUN_SCORED,NO_RUN,0.47936863
2025-09-21,pl2025092105,西武,9,0,0,0,NO_RUN,NO_RUN,0.49688363
2025-09-21,pl2025092106,オリックス,1,0,0,1,NO_RUN,RUN_SCORED,0.6134421
2025-09-21,pl2025092106,オリックス,2,0,1,0,RUN_SCORED,NO_RUN,0.31357837
2025-09-21,pl2025092106,オリックス,3,0,0,1,NO_RUN,RUN_SCORED,0.5947446
2025-09-21,pl2025092106,オリックス,4,0,0,0,NO_RUN,NO_RUN,0.32759243
2025-09-21,pl2025092106,オリックス,5,0,1,1,RUN_SCORED,RUN_SCORED,0.58380246
2025-09-21,pl2025092106,オリックス,6,0,0,1,NO_RUN,RUN_SCORED,0.56229264
2025-09-21,pl2025092106,オリックス,7,0,0,0,NO_RUN,NO_RUN,0.3161774
2025-09-21,pl2025092106,オリックス,8,0,0,1,NO_RUN,RUN_SCORED,0.5970502
2025-09-21,pl2025092106,オリックス,9,0,0,0,NO_RUN,NO_RUN,0.294396
2025-09-21,pl2025092106,ソフトバンク,1,1,0,1,NO_RUN,RUN_SCORED,0.70128155
2025-09-21,pl2025092106,ソフトバンク,2,1,0,0,NO_RUN,NO_RUN,0.42934912
2025-09-21,pl2025092106,ソフトバンク,3,1,0,1,NO_RUN,RUN_SCORED,0.68349713
2025-09-21,pl2025092106,ソフトバンク,4,1,0,1,NO_RUN,RUN_SCORED,0.7153217
2025-09-21,pl2025092106,ソフトバンク,5,1,0,1,NO_RUN,RUN_SCORED,0.78036714
2025-09-21,pl2025092106,ソフトバンク,6,1,0,0,NO_RUN,NO_RUN,0.33712316
2025-09-21,pl2025092106,ソフトバンク,7,1,0,1,NO_RUN,RUN_SCORED,0.77846587
2025-09-21,pl2025092106,ソフトバンク,8,1,0,1,NO_RUN,RUN_SCORED,0.6407702
2025-09-21,pl2025092106,ソフトバンク,9,1,1,1,RUN_SCORED,RUN_SCORED,0.67614126
2025-09-22,cl2025092201,ヤクルト,1,1,0,0,NO_RUN,NO_RUN,0.48838782
2025-09-22,cl2025092201,ヤクルト,2,1,0,0,NO_RUN,NO_RUN,0.26789
2025-09-22,cl2025092201,ヤクルト,3,1,0,0,NO_RUN,NO_RUN,0.47640127
2025-09-22,cl2025092201,ヤクルト,4,1,0,1,NO_RUN,RUN_SCORED,0.5196978
2025-09-22,cl2025092201,ヤクルト,5,1,1,1,RUN_SCORED,RUN_SCORED,0.51687545
2025-09-22,cl2025092201,ヤクルト,6,1,0,1,NO_RUN,RUN_SCORED,0.5034051
2025-09-22,cl2025092201,ヤクルト,7,1,0,1,NO_RUN,RUN_SCORED,0.5348525
2025-09-22,cl2025092201,ヤクルト,8,1,1,0,RUN_SCORED,NO_RUN,0.46417922
2025-09-22,cl2025092201,阪神,1,0,0,1,NO_RUN,RUN_SCORED,0.60912895
2025-09-22,cl2025092201,阪神,2,0,1,0,RUN_SCORED,NO_RUN,0.36358693
2025-09-22,cl2025092201,阪神,3,0,0,1,NO_RUN,RUN_SCORED,0.6010991
2025-09-22,cl2025092201,阪神,4,0,1,0,RUN_SCORED,NO_RUN,0.38376075
2025-09-22,cl2025092201,阪神,5,0,0,1,NO_RUN,RUN_SCORED,0.6654554
2025-09-22,cl2025092201,阪神,6,0,0,0,NO_RUN,NO_RUN,0.3299643
2025-09-22,cl2025092201,阪神,7,0,0,0,NO_RUN,NO_RUN,0.49136275
2025-09-22,cl2025092201,阪神,8,0,0,0,NO_RUN,NO_RUN,0.25621256
2025-09-22,cl2025092201,阪神,9,0,0,0,NO_RUN,NO_RUN,0.30426928
2025-09-22,pl2025092202,ロッテ,1,0,0,1,NO_RUN,RUN_SCORED,0.54238427
2025-09-22,pl2025092202,ロッテ,2,0,1,1,RUN_SCORED,RUN_SCORED,0.54238427
2025-09-22,pl2025092202,ロッテ,3,0,0,0,NO_RUN,NO_RUN,0.49025184
2025-09-22,pl2025092202,ロッテ,4,0,0,0,NO_RUN,NO_RUN,0.3009345
2025-09-22,pl2025092202,ロッテ,5,0,0,1,NO_RUN,RUN_SCORED,0.5205561
2025-09-22,pl2025092202,ロッテ,6,0,0,1,NO_RUN,RUN_SCORED,0.54980564
2025-09-22,pl2025092202,ロッテ,7,0,0,0,NO_RUN,NO_RUN,0.2921964
2025-09-22,pl2025092202,ロッテ,8,0,0,0,NO_RUN,NO_RUN,0.45253575
2025-09-22,pl2025092202,ロッテ,9,0,0,1,NO_RUN,RUN_SCORED,0.51724404
2025-09-22,pl2025092202,日本ハム,1,1,0,1,NO_RUN,RUN_SCORED,0.76535755
2025-09-22,pl2025092202,日本ハム,2,1,0,0,NO_RUN,NO_RUN,0.4249478
2025-09-22,pl2025092202,日本ハム,3,1,0,1,NO_RUN,RUN_SCORED,0.7503974
2025-09-22,pl2025092202,日本ハム,4,1,0,1,NO_RUN,RUN_SCORED,0.6694379
2025-09-22,pl2025092202,日本ハム,5,1,0,0,NO_RUN,NO_RUN,0.4830115
2025-09-22,pl2025092202,日本ハム,6,1,0,1,NO_RUN,RUN_SCORED,0.8063221
2025-09-22,pl2025092202,日本ハム,7,1,0,0,NO_RUN,NO_RUN,0.4266156
2025-09-22,pl2025092202,日本ハム,8,1,0,1,NO_RUN,RUN_SCORED,0.66912264
2025-09-22,pl2025092202,日本ハム,9,1,0,1,NO_RUN,RUN_SCORED,0.57146347
2025-09-22,pl2025092203,オリックス,1,0,0,1,NO_RUN,RUN_SCORED,0.59129333
2025-09-22,pl2025092203,オリックス,2,0,0,0,NO_RUN,NO_RUN,0.3366469
2025-09-22,pl2025092203,オリックス,3,0,0,0,NO_RUN,NO_RUN,0.35290757
2025-09-22,pl2025092203,オリックス,4,0,0,1,NO_RUN,RUN_SCORED,0.6373355
2025-09-22,pl2025092203,オリックス,5,0,0,0,NO_RUN,NO_RUN,0.3571506
2025-09-22,pl2025092203,オリックス,6,0,0,1,NO_RUN,RUN_SCORED,0.6373355
2025-09-22,pl2025092203,オリックス,7,0,0,0,NO_RUN,NO_RUN,0.30167362
2025-09-22,pl2025092203,オリックス,8,0,1,1,RUN_SCORED,RUN_SCORED,0.50233495
2025-09-22,pl2025092203,オリックス,9,0,0,1,NO_RUN,RUN_SCORED,0.5636117
2025-09-22,pl2025092203,ソフトバンク,1,1,0,1,NO_RUN,RUN_SCORED,0.64738643
2025-09-22,pl2025092203,ソフトバンク,2,1,0,0,NO_RUN,NO_RUN,0.36402148
2025-09-22,pl2025092203,ソフトバンク,3,1,0,1,NO_RUN,RUN_SCORED,0.64738643
2025-09-22,pl2025092203,ソフトバンク,4,1,0,0,NO_RUN,NO_RUN,0.3776086
2025-09-22,pl2025092203,ソフトバンク,5,1,0,1,NO_RUN,RUN_SCORED,0.67256033
2025-09-22,pl2025092203,ソフトバンク,6,1,0,0,NO_RUN,NO_RUN,0.39026034
2025-09-22,pl2025092203,ソフトバンク,7,1,0,1,NO_RUN,RUN_SCORED,0.6680154
2025-09-22,pl2025092203,ソフトバンク,8,1,0,0,NO_RUN,NO_RUN,0.40060848
2025-09-22,pl2025092203,ソフトバンク,9,1,0,0,NO_RUN,NO_RUN,0.33028936
2025-09-23,cl2025092301,ヤクルト,1,1,0,1,NO_RUN,RUN_SCORED,0.62814134
2025-09-23,cl2025092301,ヤクルト,2,1,0,0,NO_RUN,NO_RUN,0.360816
2025-09-23,cl2025092301,ヤクルト,3,1,0,1,NO_RUN,RUN_SCORED,0.62814134
2025-09-23,cl2025092301,ヤクルト,4,1,0,1,NO_RUN,RUN_SCORED,0.58871037
2025-09-23,cl2025092301,ヤクルト,5,1,0,1,NO_RUN,RUN_SCORED,0.58089346
2025-09-23,cl2025092301,ヤクルト,6,1,0,0,NO_RUN,NO_RUN,0.38996992
2025-09-23,cl2025092301,ヤクルト,7,1,0,1,NO_RUN,RUN_SCORED,0.549184
2025-09-23,cl2025092301,ヤクルト,8,1,0,0,NO_RUN,NO_RUN,0.3170893
2025-09-23,cl2025092301,ヤクルト,9,1,0,0,NO_RUN,NO_RUN,0.34110793
2025-09-23,cl2025092301,中日,1,0,0,1,NO_RUN,RUN_SCORED,0.6494537
2025-09-23,cl2025092301,中日,2,0,0,0,NO_RUN,NO_RUN,0.38504308
2025-09-23,cl2025092301,中日,3,0,0,0,NO_RUN,NO_RUN,0.2828935
2025-09-23,cl2025092301,中日,4,0,1,1,RUN_SCORED,RUN_SCORED,0.6957428
2025-09-23,cl2025092301,中日,5,0,0,1,NO_RUN,RUN_SCORED,0.69208175
2025-09-23,cl2025092301,中日,6,0,0,1,NO_RUN,RUN_SCORED,0.7149356
2025-09-23,cl2025092301,中日,7,0,0,0,NO_RUN,NO_RUN,0.31624272
2025-09-23,cl2025092301,中日,8,0,0,0,NO_RUN,NO_RUN,0.44390228
2025-09-23,cl2025092301,中日,9,0,1,0,RUN_SCORED,NO_RUN,0.32551917
2025-09-23,cl2025092302,阪神,1,0,0,0,NO_RUN,NO_RUN,0.46562663
2025-09-23,cl2025092302,阪神,2,0,0,0,NO_RUN,NO_RUN,0.27058777
2025-09-23,cl2025092302,阪神,3,0,0,0,NO_RUN,NO_RUN,0.45302707
2025-09-23,cl2025092302,阪神,4,0,0,0,NO_RUN,NO_RUN,0.3121653
2025-09-23,cl2025092302,阪神,5,0,1,0,RUN_SCORED,NO_RUN,0.49188396
2025-09-23,cl2025092302,阪神,6,0,1,0,RUN_SCORED,NO_RUN,0.28025645
2025-09-23,cl2025092302,阪神,7,0,0,1,NO_RUN,RUN_SCORED,0.5414744
2025-09-23,cl2025092302,阪神,8,0,0,0,NO_RUN,NO_RUN,0.3558201
2025-09-23,cl2025092302,阪神,9,0,0,0,NO_RUN,NO_RUN,0.33087072
2025-09-23,cl2025092302,阪神,10,0,0,1,NO_RUN,RUN_SCORED,0.5258857
2025-09-23,cl2025092302,阪神,11,0,0,0,NO_RUN,NO_RUN,0.34017664
2025-09-23,cl2025092302,阪神,12,0,0,1,NO_RUN,RUN_SCORED,0.5842182
2025-09-23,cl2025092302,ＤｅＮＡ,1,1,0,1,NO_RUN,RUN_SCORED,0.56990176
2025-09-23,cl2025092302,ＤｅＮＡ,2,1,1,0,RUN_SCORED,NO_RUN,0.327032
2025-09-23,cl2025092302,ＤｅＮＡ,3,1,0,1,NO_RUN,RUN_SCORED,0.557912
2025-09-23,cl2025092302,ＤｅＮＡ,4,1,0,0,NO_RUN,NO_RUN,0.35479996
2025-09-23,cl2025092302,ＤｅＮＡ,5,1,1,1,RUN_SCORED,RUN_SCORED,0.61078465
2025-09-23,cl2025092302,ＤｅＮＡ,6,1,0,0,NO_RUN,NO_RUN,0.29496998
2025-09-23,cl2025092302,ＤｅＮＡ,7,1,0,1,NO_RUN,RUN_SCORED,0.5664493
2025-09-23,cl2025092302,ＤｅＮＡ,8,1,0,1,NO_RUN,RUN_SCORED,0.6098182
2025-09-23,cl2025092302,ＤｅＮＡ,9,1,0,0,NO_RUN,NO_RUN,0.27762547
2025-09-23,cl2025092302,ＤｅＮＡ,10,1,0,1,NO_RUN,RUN_SCORED,0.6421641
2025-09-23,cl2025092302,ＤｅＮＡ,11,1,0,0,NO_RUN,NO_RUN,0.30673206
2025-09-23,cl2025092302,ＤｅＮＡ,12,1,0,1,NO_RUN,RUN_SCORED,0.64813226
2025-09-23,cl2025092303,巨人,1,0,0,1,NO_RUN,RUN_SCORED,0.5350829
2025-09-23,cl2025092303,巨人,2,0,0,0,NO_RUN,NO_RUN,0.33654755
2025-09-23,cl2025092303,巨人,3,0,0,1,NO_RUN,RUN_SCORED,0.52003425
2025-09-23,cl2025092303,巨人,4,0,0,0,NO_RUN,NO_RUN,0.36436737
2025-09-23,cl2025092303,巨人,5,0,0,1,NO_RUN,RUN_SCORED,0.56083345
2025-09-23,cl2025092303,巨人,6,0,0,0,NO_RUN,NO_RUN,0.36647812
2025-09-23,cl2025092303,巨人,7,0,0,0,NO_RUN,NO_RUN,0.47310743
2025-09-23,cl2025092303,巨人,8,0,0,0,NO_RUN,NO_RUN,0.3863482
2025-09-23,cl2025092303,巨人,9,0,0,0,NO_RUN,NO_RUN,0.31855664
2025-09-23,cl2025092303,広島,1,1,1,1,RUN_SCORED,RUN_SCORED,0.67500246
2025-09-23,cl2025092303,広島,2,1,1,1,RUN_SCORED,RUN_SCORED,0.665177
2025-09-23,cl2025092303,広島,3,1,0,1,NO_RUN,RUN_SCORED,0.6250907
2025-09-23,cl2025092303,広島,4,1,0,0,NO_RUN,NO_RUN,0.33717078
2025-09-23,cl2025092303,広島,5,1,0,1,NO_RUN,RUN_SCORED,0.6678828
2025-09-23,cl2025092303,広島,6,1,0,0,NO_RUN,NO_RUN,0.3315624
2025-09-23,cl2025092303,広島,7,1,0,1,NO_RUN,RUN_SCORED,0.6239577
2025-09-23,cl2025092303,広島,8,1,1,0,RUN_SCORED,NO_RUN,0.29189745
2025-09-23,pl2025092304,日本ハム,1,1,0,1,NO_RUN,RUN_SCORED,0.5352991
2025-09-23,pl2025092304,日本ハム,2,1,0,0,NO_RUN,NO_RUN,0.32611984
2025-09-23,pl2025092304,日本ハム,3,1,0,0,NO_RUN,NO_RUN,0.34162715
2025-09-23,pl2025092304,日本ハム,4,1,0,1,NO_RUN,RUN_SCORED,0.5726564
2025-09-23,pl2025092304,日本ハム,5,1,0,0,NO_RUN,NO_RUN,0.34408924
2025-09-23,pl2025092304,日本ハム,6,1,0,1,NO_RUN,RUN_SCORED,0.5698438
2025-09-23,pl2025092304,日本ハム,7,1,0,1,NO_RUN,RUN_SCORED,0.56585956
2025-09-23,pl2025092304,日本ハム,8,1,0,1,NO_RUN,RUN_SCORED,0.7064894
2025-09-23,pl2025092304,日本ハム,9,1,0,1,NO_RUN,RUN_SCORED,0.60674834
2025-09-23,pl2025092304,楽天,1,0,1,1,RUN_SCORED,RUN_SCORED,0.6443502
2025-09-23,pl2025092304,楽天,2,0,1,1,RUN_SCORED,RUN_SCORED,0.66063344
2025-09-23,pl2025092304,楽天,3,0,0,1,NO_RUN,RUN_SCORED,0.5365832
2025-09-23,pl2025092304,楽天,4,0,0,1,NO_RUN,RUN_SCORED,0.6134262
2025-09-23,pl2025092304,楽天,5,0,1,1,RUN_SCORED,RUN_SCORED,0.55958563
2025-09-23,pl2025092304,楽天,6,0,1,1,RUN_SCORED,RUN_SCORED,0.5208092
2025-09-23,pl2025092304,楽天,7,0,0,1,NO_RUN,RUN_SCORED,0.5732199
2025-09-23,pl2025092304,楽天,8,0,1,1,RUN_SCORED,RUN_SCORED,0.5665636
2025-09-23,pl2025092304,楽天,9,0,0,1,NO_RUN,RUN_SCORED,0.72966105
2025-09-23,pl2025092305,ロッテ,1,1,0,1,NO_RUN,RUN_SCORED,0.6395027
2025-09-23,pl2025092305,ロッテ,2,1,1,0,RUN_SCORED,NO_RUN,0.31689915
2025-09-23,pl2025092305,ロッテ,3,1,0,1,NO_RUN,RUN_SCORED,0.6275562
2025-09-23,pl2025092305,ロッテ,4,1,0,0,NO_RUN,NO_RUN,0.31683365
2025-09-23,pl2025092305,ロッテ,5,1,0,1,NO_RUN,RUN_SCORED,0.6715399
2025-09-23,pl2025092305,ロッテ,6,1,0,1,NO_RUN,RUN_SCORED,0.6385044
2025-09-23,pl2025092305,ロッテ,7,1,0,0,NO_RUN,NO_RUN,0.31015614
2025-09-23,pl2025092305,ロッテ,8,1,0,1,NO_RUN,RUN_SCORED,0.6213504
2025-09-23,pl2025092305,西武,1,0,0,1,NO_RUN,RUN_SCORED,0.6014442
2025-09-23,pl2025092305,西武,2,0,0,0,NO_RUN,NO_RUN,0.3753829
2025-09-23,pl2025092305,西武,3,0,0,1,NO_RUN,RUN_SCORED,0.5750084
2025-09-23,pl2025092305,西武,4,0,0,0,NO_RUN,NO_RUN,0.38569283
2025-09-23,pl2025092305,西武,5,0,0,0,NO_RUN,NO_RUN,0.3245018
2025-09-23,pl2025092305,西武,6,0,0,1,NO_RUN,RUN_SCORED,0.5799237
2025-09-23,pl2025092305,西武,7,0,0,0,NO_RUN,NO_RUN,0.3683743
2025-09-23,pl2025092305,西武,8,0,0,1,NO_RUN,RUN_SCORED,0.5539644
2025-09-23,pl2025092305,西武,9,0,0,1,NO_RUN,RUN_SCORED,0.5236068
2025-09-23,pl2025092306,オリックス,1,0,0,1,NO_RUN,RUN_SCORED,0.5813066
2025-09-23,pl2025092306,オリックス,2,0,0,0,NO_RUN,NO_RUN,0.30395955
2025-09-23,pl2025092306,オリックス,3,0,1,1,RUN_SCORED,RUN_SCORED,0.5813066
2025-09-23,pl2025092306,オリックス,4,0,0,0,NO_RUN,NO_RUN,0.3351092
2025-09-23,pl2025092306,オリックス,5,0,0,1,NO_RUN,RUN_SCORED,0.62333643
2025-09-23,pl2025092306,オリックス,6,0,0,0,NO_RUN,NO_RUN,0.3647747
2025-09-23,pl2025092306,オリックス,7,0,0,1,NO_RUN,RUN_SCORED,0.6425901
2025-09-23,pl2025092306,オリックス,8,0,0,0,NO_RUN,NO_RUN,0.48631516
2025-09-23,pl2025092306,オリックス,9,0,0,0,NO_RUN,NO_RUN,0.31827372
2025-09-23,pl2025092306,ソフトバンク,1,1,0,1,NO_RUN,RUN_SCORED,0.5945053
2025-09-23,pl2025092306,ソフトバンク,2,1,0,0,NO_RUN,NO_RUN,0.35792407
2025-09-23,pl2025092306,ソフトバンク,3,1,0,1,NO_RUN,RUN_SCORED,0.5792914
2025-09-23,pl2025092306,ソフトバンク,4,1,0,0,NO_RUN,NO_RUN,0.3789719
2025-09-23,pl2025092306,ソフトバンク,5,1,0,1,NO_RUN,RUN_SCORED,0.6329581
2025-09-23,pl2025092306,ソフトバンク,6,1,0,0,NO_RUN,NO_RUN,0.39149424
2025-09-23,pl2025092306,ソフトバンク,7,1,0,0,NO_RUN,NO_RUN,0.32062048
2025-09-23,pl2025092306,ソフトバンク,8,1,0,1,NO_RUN,RUN_SCORED,0.5863095
2025-09-23,pl2025092306,ソフトバンク,9,1,0,0,NO_RUN,NO_RUN,0.3421911
2025-09-24,pl2025092401,ソフトバンク,1,0,1,1,RUN_SCORED,RUN_SCORED,0.5754763
2025-09-24,pl2025092401,ソフトバンク,2,0,1,1,RUN_SCORED,RUN_SCORED,0.58616936
2025-09-24,pl2025092401,ソフトバンク,3,0,0,1,NO_RUN,RUN_SCORED,0.5102977
2025-09-24,pl2025092401,ソフトバンク,4,0,1,1,RUN_SCORED,RUN_SCORED,0.60358137
2025-09-24,pl2025092401,ソフトバンク,5,0,0,0,NO_RUN,NO_RUN,0.3569121
2025-09-24,pl2025092401,ソフトバンク,6,0,1,1,RUN_SCORED,RUN_SCORED,0.505926
2025-09-24,pl2025092401,ソフトバンク,7,0,0,0,NO_RUN,NO_RUN,0.3290563
2025-09-24,pl2025092401,ソフトバンク,8,0,0,0,NO_RUN,NO_RUN,0.36252317
2025-09-24,pl2025092401,ソフトバンク,9,0,0,0,NO_RUN,NO_RUN,0.35954353
2025-09-24,pl2025092401,楽天,1,1,0,0,NO_RUN,NO_RUN,0.45711446
2025-09-24,pl2025092401,楽天,2,1,0,0,NO_RUN,NO_RUN,0.32329717
2025-09-24,pl2025092401,楽天,3,1,0,0,NO_RUN,NO_RUN,0.45711446
2025-09-24,pl2025092401,楽天,4,1,0,1,NO_RUN,RUN_SCORED,0.50879496
2025-09-24,pl2025092401,楽天,5,1,1,0,RUN_SCORED,NO_RUN,0.49394903
2025-09-24,pl2025092401,楽天,6,1,0,1,NO_RUN,RUN_SCORED,0.538105
2025-09-24,pl2025092401,楽天,7,1,0,0,NO_RUN,NO_RUN,0.2873956
2025-09-24,pl2025092401,楽天,8,1,0,1,NO_RUN,RUN_SCORED,0.5803997
2025-09-24,pl2025092401,楽天,9,1,1,1,RUN_SCORED,RUN_SCORED,0.56140894
2025-09-24,pl2025092402,ロッテ,1,1,0,1,NO_RUN,RUN_SCORED,0.56581604
2025-09-24,pl2025092402,ロッテ,2,1,1,0,RUN_SCORED,NO_RUN,0.30501723
2025-09-24,pl2025092402,ロッテ,3,1,0,1,NO_RUN,RUN_SCORED,0.5930547
2025-09-24,pl2025092402,ロッテ,4,1,0,0,NO_RUN,NO_RUN,0.33203015
2025-09-24,pl2025092402,ロッテ,5,1,1,1,RUN_SCORED,RUN_SCORED,0.62149197
2025-09-24,pl2025092402,ロッテ,6,1,1,1,RUN_SCORED,RUN_SCORED,0.6421999
2025-09-24,pl2025092402,ロッテ,7,1,0,0,NO_RUN,NO_RUN,0.29305464
2025-09-24,pl2025092402,ロッテ,8,1,0,1,NO_RUN,RUN_SCORED,0.69249076
2025-09-24,pl2025092402,西武,1,0,0,1,NO_RUN,RUN_SCORED,0.62864256
2025-09-24,pl2025092402,西武,2,0,0,0,NO_RUN,NO_RUN,0.36224002
2025-09-24,pl2025092402,西武,3,0,0,0,NO_RUN,NO_RUN,0.3015193
2025-09-24,pl2025092402,西武,4,0,0,1,NO_RUN,RUN_SCORED,0.5791533
2025-09-24,pl2025092402,西武,5,0,0,0,NO_RUN,NO_RUN,0.37685445
2025-09-24,pl2025092402,西武,6,0,0,0,NO_RUN,NO_RUN,0.30023697
2025-09-24,pl2025092402,西武,7,0,0,1,NO_RUN,RUN_SCORED,0.61183167
2025-09-24,pl2025092402,西武,8,0,0,0,NO_RUN,NO_RUN,0.32257706
2025-09-24,pl2025092402,西武,9,0,0,1,NO_RUN,RUN_SCORED,0.58728045
2025-09-25,pl2025092501,ソフトバンク,1,0,0,1,NO_RUN,RUN_SCORED,0.50699705
2025-09-25,pl2025092501,ソフトバンク,2,0,0,0,NO_RUN,NO_RUN,0.3371775
2025-09-25,pl2025092501,ソフトバンク,3,0,0,1,NO_RUN,RUN_SCORED,0.50699705
2025-09-25,pl2025092501,ソフトバンク,4,0,0,1,NO_RUN,RUN_SCORED,0.51214087
2025-09-25,pl2025092501,ソフトバンク,5,0,0,1,NO_RUN,RUN_SCORED,0.51959443
2025-09-25,pl2025092501,ソフトバンク,6,0,0,0,NO_RUN,NO_RUN,0.34722915
2025-09-25,pl2025092501,ソフトバンク,7,0,1,0,RUN_SCORED,NO_RUN,0.43086514
2025-09-25,pl2025092501,ソフトバンク,8,0,0,1,NO_RUN,RUN_SCORED,0.5851599
2025-09-25,pl2025092501,ソフトバンク,9,0,1,1,RUN_SCORED,RUN_SCORED,0.5280611
2025-09-25,pl2025092501,楽天,1,1,0,1,NO_RUN,RUN_SCORED,0.5707574
2025-09-25,pl2025092501,楽天,2,1,0,1,NO_RUN,RUN_SCORED,0.5707574
2025-09-25,pl2025092501,楽天,3,1,0,1,NO_RUN,RUN_SCORED,0.56066865
2025-09-25,pl2025092501,楽天,4,1,0,0,NO_RUN,NO_RUN,0.29568672
2025-09-25,pl2025092501,楽天,5,1,0,1,NO_RUN,RUN_SCORED,0.6334287
2025-09-25,pl2025092501,楽天,6,1,0,0,NO_RUN,NO_RUN,0.29432338
2025-09-25,pl2025092501,楽天,7,1,0,1,NO_RUN,RUN_SCORED,0.5691755
2025-09-25,pl2025092501,楽天,8,1,0,0,NO_RUN,NO_RUN,0.45401776
2025-09-25,pl2025092501,楽天,9,1,0,0,NO_RUN,NO_RUN,0.29344508
2025-09-25,pl2025092502,日本ハム,1,0,0,0,NO_RUN,NO_RUN,0.49125296
2025-09-25,pl2025092502,日本ハム,2,0,1,0,RUN_SCORED,NO_RUN,0.31236
2025-09-25,pl2025092502,日本ハム,3,0,1,0,RUN_SCORED,NO_RUN,0.4825555
2025-09-25,pl2025092502,日本ハム,4,0,0,0,NO_RUN,NO_RUN,0.3263831
2025-09-25,pl2025092502,日本ハム,5,0,1,1,RUN_SCORED,RUN_SCORED,0.52473915
2025-09-25,pl2025092502,日本ハム,6,0,0,0,NO_RUN,NO_RUN,0.37754002
2025-09-25,pl2025092502,日本ハム,7,0,0,0,NO_RUN,NO_RUN,0.32583565
2025-09-25,pl2025092502,日本ハム,8,0,0,0,NO_RUN,NO_RUN,0.31071937
2025-09-25,pl2025092502,日本ハム,9,0,0,0,NO_RUN,NO_RUN,0.313748
2025-09-25,pl2025092502,西武,1,1,0,0,NO_RUN,NO_RUN,0.48070395
2025-09-25,pl2025092502,西武,2,1,0,0,NO_RUN,NO_RUN,0.3067509
2025-09-25,pl2025092502,西武,3,1,0,0,NO_RUN,NO_RUN,0.45848536
2025-09-25,pl2025092502,西武,4,1,0,0,NO_RUN,NO_RUN,0.47765046
2025-09-25,pl2025092502,西武,5,1,0,0,NO_RUN,NO_RUN,0.4384062
2025-09-25,pl2025092502,西武,6,1,0,0,NO_RUN,NO_RUN,0.4936046
2025-09-25,pl2025092502,西武,7,1,1,0,RUN_SCORED,NO_RUN,0.46837544
2025-09-25,pl2025092502,西武,8,1,0,0,NO_RUN,NO_RUN,0.42603013
2025-09-25,pl2025092503,オリックス,1,1,0,1,NO_RUN,RUN_SCORED,0.62121767
2025-09-25,pl2025092503,オリックス,2,1,0,0,NO_RUN,NO_RUN,0.34834412
2025-09-25,pl2025092503,オリックス,3,1,0,1,NO_RUN,RUN_SCORED,0.61277366
2025-09-25,pl2025092503,オリックス,4,1,0,1,NO_RUN,RUN_SCORED,0.6696989
2025-09-25,pl2025092503,オリックス,5,1,0,0,NO_RUN,NO_RUN,0.37837413
2025-09-25,pl2025092503,オリックス,6,1,0,1,NO_RUN,RUN_SCORED,0.69154555
2025-09-25,pl2025092503,オリックス,7,1,0,0,NO_RUN,NO_RUN,0.38603634
2025-09-25,pl2025092503,オリックス,8,1,0,1,NO_RUN,RUN_SCORED,0.69140947
2025-09-25,pl2025092503,オリックス,9,1,1,1,RUN_SCORED,RUN_SCORED,0.6962865
2025-09-25,pl2025092503,ロッテ,1,0,1,1,RUN_SCORED,RUN_SCORED,0.5661271
2025-09-25,pl2025092503,ロッテ,2,0,0,1,NO_RUN,RUN_SCORED,0.59487647
2025-09-25,pl2025092503,ロッテ,3,0,1,1,RUN_SCORED,RUN_SCORED,0.5886066
2025-09-25,pl2025092503,ロッテ,4,0,1,1,RUN_SCORED,RUN_SCORED,0.5316004
2025-09-25,pl2025092503,ロッテ,5,0,0,0,NO_RUN,NO_RUN,0.35870335
2025-09-25,pl2025092503,ロッテ,6,0,0,1,NO_RUN,RUN_SCORED,0.53914607
2025-09-25,pl2025092503,ロッテ,7,0,0,0,NO_RUN,NO_RUN,0.341102
2025-09-25,pl2025092503,ロッテ,8,0,0,1,NO_RUN,RUN_SCORED,0.54966754
2025-09-25,pl2025092503,ロッテ,9,0,0,1,NO_RUN,RUN_SCORED,0.5720049
2025-09-26,cl2025092610,ヤクルト,1,1,1,1,RUN_SCORED,RUN_SCORED,0.55907995
2025-09-26,cl2025092610,ヤクルト,2,1,0,1,NO_RUN,RUN_SCORED,0.5520502
2025-09-26,cl2025092610,ヤクルト,3,1,1,1,RUN_SCORED,RUN_SCORED,0.54407597
2025-09-26,cl2025092610,ヤクルト,4,1,1,1,RUN_SCORED,RUN_SCORED,0.65580624
2025-09-26,cl2025092610,ヤクルト,5,1,0,1,NO_RUN,RUN_SCORED,0.5619188
2025-09-26,cl2025092610,ヤクルト,6,1,0,0,NO_RUN,NO_RUN,0.3732332
2025-09-26,cl2025092610,ヤクルト,7,1,0,0,NO_RUN,NO_RUN,0.31143862
2025-09-26,cl2025092610,ヤクルト,8,1,1,1,RUN_SCORED,RUN_SCORED,0.6079021
2025-09-26,cl2025092610,広島,1,0,0,1,NO_RUN,RUN_SCORED,0.6770157
2025-09-26,cl2025092610,広島,2,0,0,0,NO_RUN,NO_RUN,0.29689792
2025-09-26,cl2025092610,広島,3,0,0,1,NO_RUN,RUN_SCORED,0.6642145
2025-09-26,cl2025092610,広島,4,0,1,1,RUN_SCORED,RUN_SCORED,0.51463103
2025-09-26,cl2025092610,広島,5,0,0,1,NO_RUN,RUN_SCORED,0.7330343
2025-09-26,cl2025092610,広島,6,0,0,0,NO_RUN,NO_RUN,0.3203952
2025-09-26,cl2025092610,広島,7,0,0,1,NO_RUN,RUN_SCORED,0.525212
2025-09-26,cl2025092610,広島,8,0,0,0,NO_RUN,NO_RUN,0.33820271
2025-09-26,cl2025092610,広島,9,0,0,0,NO_RUN,NO_RUN,0.30366588
2025-09-26,cl2025092611,中日,1,0,0,0,NO_RUN,NO_RUN,0.37693822
2025-09-26,cl2025092611,中日,2,0,0,0,NO_RUN,NO_RUN,0.30966437
2025-09-26,cl2025092611,中日,3,0,0,0,NO_RUN,NO_RUN,0.3779038
2025-09-26,cl2025092611,中日,4,0,0,0,NO_RUN,NO_RUN,0.36267227
2025-09-26,cl2025092611,中日,5,0,1,0,RUN_SCORED,NO_RUN,0.39515805
2025-09-26,cl2025092611,中日,6,0,1,0,RUN_SCORED,NO_RUN,0.3810811
2025-09-26,cl2025092611,中日,7,0,0,0,NO_RUN,NO_RUN,0.4276713
2025-09-26,cl2025092611,中日,8,0,0,0,NO_RUN,NO_RUN,0.40811786
2025-09-26,cl2025092611,中日,9,0,0,0,NO_RUN,NO_RUN,0.26098156
2025-09-26,cl2025092611,阪神,1,1,1,1,RUN_SCORED,RUN_SCORED,0.5180658
2025-09-26,cl2025092611,阪神,2,1,0,1,NO_RUN,RUN_SCORED,0.5122102
2025-09-26,cl2025092611,阪神,3,1,1,0,RUN_SCORED,NO_RUN,0.3322474
2025-09-26,cl2025092611,阪神,4,1,0,1,NO_RUN,RUN_SCORED,0.566606
2025-09-26,cl2025092611,阪神,5,1,1,1,RUN_SCORED,RUN_SCORED,0.59454453
2025-09-26,cl2025092611,阪神,6,1,0,0,NO_RUN,NO_RUN,0.2947946
2025-09-26,cl2025092611,阪神,7,1,0,1,NO_RUN,RUN_SCORED,0.63875115
2025-09-26,cl2025092611,阪神,8,1,0,0,NO_RUN,NO_RUN,0.33926347
2025-09-26,cl2025092612,巨人,1,0,1,1,RUN_SCORED,RUN_SCORED,0.5877459
2025-09-26,cl2025092612,巨人,2,0,0,1,NO_RUN,RUN_SCORED,0.57703453
2025-09-26,cl2025092612,巨人,3,0,0,1,NO_RUN,RUN_SCORED,0.58226013
2025-09-26,cl2025092612,巨人,4,0,0,1,NO_RUN,RUN_SCORED,0.62153447
2025-09-26,cl2025092612,巨人,5,0,1,1,RUN_SCORED,RUN_SCORED,0.6174364
2025-09-26,cl2025092612,巨人,6,0,0,1,NO_RUN,RUN_SCORED,0.6940122
2025-09-26,cl2025092612,巨人,7,0,0,0,NO_RUN,NO_RUN,0.295333
2025-09-26,cl2025092612,巨人,8,0,0,1,NO_RUN,RUN_SCORED,0.58207166
2025-09-26,cl2025092612,巨人,9,0,0,1,NO_RUN,RUN_SCORED,0.5076342
2025-09-26,cl2025092612,ＤｅＮＡ,1,1,1,0,RUN_SCORED,NO_RUN,0.40936732
2025-09-26,cl2025092612,ＤｅＮＡ,2,1,1,0,RUN_SCORED,NO_RUN,0.43315354
2025-09-26,cl2025092612,ＤｅＮＡ,3,1,0,0,NO_RUN,NO_RUN,0.31755784
2025-09-26,cl2025092612,ＤｅＮＡ,4,1,0,1,NO_RUN,RUN_SCORED,0.65059215
2025-09-26,cl2025092612,ＤｅＮＡ,5,1,0,0,NO_RUN,NO_RUN,0.28340247
2025-09-26,cl2025092612,ＤｅＮＡ,6,1,0,1,NO_RUN,RUN_SCORED,0.6084723
2025-09-26,cl2025092612,ＤｅＮＡ,7,1,1,1,RUN_SCORED,RUN_SCORED,0.5640424
2025-09-26,cl2025092612,ＤｅＮＡ,8,1,0,0,NO_RUN,NO_RUN,0.47411487
2025-09-26,pl2025092601,日本ハム,1,0,0,1,NO_RUN,RUN_SCORED,0.5952673
2025-09-26,pl2025092601,日本ハム,2,0,1,0,RUN_SCORED,NO_RUN,0.34228727
2025-09-26,pl2025092601,日本ハム,3,0,1,1,RUN_SCORED,RUN_SCORED,0.57241577
2025-09-26,pl2025092601,日本ハム,4,0,0,1,NO_RUN,RUN_SCORED,0.561073
2025-09-26,pl2025092601,日本ハム,5,0,1,0,RUN_SCORED,NO_RUN,0.33056697
2025-09-26,pl2025092601,日本ハム,6,0,1,1,RUN_SCORED,RUN_SCORED,0.6642991
2025-09-26,pl2025092601,日本ハム,7,0,0,1,NO_RUN,RUN_SCORED,0.608002
2025-09-26,pl2025092601,日本ハム,8,0,0,1,NO_RUN,RUN_SCORED,0.5366649
2025-09-26,pl2025092601,日本ハム,9,0,0,0,NO_RUN,NO_RUN,0.2960802
2025-09-26,pl2025092601,西武,1,1,1,1,RUN_SCORED,RUN_SCORED,0.5567824
2025-09-26,pl2025092601,西武,2,1,0,1,NO_RUN,RUN_SCORED,0.5491366
2025-09-26,pl2025092601,西武,3,1,1,1,RUN_SCORED,RUN_SCORED,0.56930035
2025-09-26,pl2025092601,西武,4,1,0,0,NO_RUN,NO_RUN,0.3137309
2025-09-26,pl2025092601,西武,5,1,0,1,NO_RUN,RUN_SCORED,0.5849825
2025-09-26,pl2025092601,西武,6,1,1,1,RUN_SCORED,RUN_SCORED,0.53396297
2025-09-26,pl2025092601,西武,7,1,0,0,NO_RUN,NO_RUN,0.4541438
2025-09-26,pl2025092601,西武,8,1,0,0,NO_RUN,NO_RUN,0.471261
2025-09-26,pl2025092601,西武,9,1,0,0,NO_RUN,NO_RUN,0.27852836
2025-09-26,pl2025092609,ソフトバンク,1,0,0,0,NO_RUN,NO_RUN,0.47916973
2025-09-26,pl2025092609,ソフトバンク,2,0,0,0,NO_RUN,NO_RUN,0.32386833
2025-09-26,pl2025092609,ソフトバンク,3,0,0,0,NO_RUN,NO_RUN,0.45935324
2025-09-26,pl2025092609,ソフトバンク,4,0,0,0,NO_RUN,NO_RUN,0.33454818
2025-09-26,pl2025092609,ソフトバンク,5,0,0,0,NO_RUN,NO_RUN,0.4461225
2025-09-26,pl2025092609,ソフトバンク,6,0,1,1,RUN_SCORED,RUN_SCORED,0.5055661
2025-09-26,pl2025092609,ソフトバンク,7,0,1,0,RUN_SCORED,NO_RUN,0.4477336
2025-09-26,pl2025092609,ソフトバンク,8,0,0,0,NO_RUN,NO_RUN,0.35541058
2025-09-26,pl2025092609,ソフトバンク,9,0,0,1,NO_RUN,RUN_SCORED,0.5044975
2025-09-26,pl2025092609,楽天,1,1,1,1,RUN_SCORED,RUN_SCORED,0.68765587
2025-09-26,pl2025092609,楽天,2,1,1,1,RUN_SCORED,RUN_SCORED,0.67758816
2025-09-26,pl2025092609,楽天,3,1,0,1,NO_RUN,RUN_SCORED,0.5967571
2025-09-26,pl2025092609,楽天,4,1,0,1,NO_RUN,RUN_SCORED,0.7222404
2025-09-26,pl2025092609,楽天,5,1,0,1,NO_RUN,RUN_SCORED,0.6938767
2025-09-26,pl2025092609,楽天,6,1,0,0,NO_RUN,NO_RUN,0.39168856
2025-09-26,pl2025092609,楽天,7,1,0,1,NO_RUN,RUN_SCORED,0.68938595
2025-09-26,pl2025092609,楽天,8,1,0,0,NO_RUN,NO_RUN,0.2838261
2025-09-26,pl2025092609,楽天,9,1,0,0,NO_RUN,NO_RUN,0.3326919
2025-09-27,cl2025092711,ヤクルト,1,1,1,1,RUN_SCORED,RUN_SCORED,0.59776956
2025-09-27,cl2025092711,ヤクルト,2,1,1,1,RUN_SCORED,RUN_SCORED,0.6001805
2025-09-27,cl2025092711,ヤクルト,3,1,0,1,NO_RUN,RUN_SCORED,0.5601734
2025-09-27,cl2025092711,ヤクルト,4,1,0,1,NO_RUN,RUN_SCORED,0.6425949
2025-09-27,cl2025092711,ヤクルト,5,1,0,1,NO_RUN,RUN_SCORED,0.667417
2025-09-27,cl2025092711,ヤクルト,6,1,0,0,NO_RUN,NO_RUN,0.2988286
2025-09-27,cl2025092711,ヤクルト,7,1,0,0,NO_RUN,NO_RUN,0.31187007
2025-09-27,cl2025092711,ヤクルト,8,1,0,1,NO_RUN,RUN_SCORED,0.6917442
2025-09-27,cl2025092711,広島,1,0,1,1,RUN_SCORED,RUN_SCORED,0.65760994
2025-09-27,cl2025092711,広島,2,0,0,1,NO_RUN,RUN_SCORED,0.6464598
2025-09-27,cl2025092711,広島,3,0,0,0,NO_RUN,NO_RUN,0.32169804
2025-09-27,cl2025092711,広島,4,0,0,1,NO_RUN,RUN_SCORED,0.690729
2025-09-27,cl2025092711,広島,5,0,0,1,NO_RUN,RUN_SCORED,0.68403774
2025-09-27,cl2025092711,広島,6,0,0,0,NO_RUN,NO_RUN,0.43716186
2025-09-27,cl2025092711,広島,7,0,0,1,NO_RUN,RUN_SCORED,0.6378471
2025-09-27,cl2025092711,広島,8,0,0,0,NO_RUN,NO_RUN,0.28789696
2025-09-27,cl2025092711,広島,9,0,0,1,NO_RUN,RUN_SCORED,0.56193465
2025-09-27,cl2025092712,巨人,1,0,0,1,NO_RUN,RUN_SCORED,0.57587296
2025-09-27,cl2025092712,巨人,2,0,0,0,NO_RUN,NO_RUN,0.33205813
2025-09-27,cl2025092712,巨人,3,0,1,1,RUN_SCORED,RUN_SCORED,0.5580474
2025-09-27,cl2025092712,巨人,4,0,0,0,NO_RUN,NO_RUN,0.3534682
2025-09-27,cl2025092712,巨人,5,0,0,1,NO_RUN,RUN_SCORED,0.60067457
2025-09-27,cl2025092712,巨人,6,0,0,0,NO_RUN,NO_RUN,0.3599184
2025-09-27,cl2025092712,巨人,7,0,1,0,RUN_SCORED,NO_RUN,0.3311357
2025-09-27,cl2025092712,巨人,8,0,0,0,NO_RUN,NO_RUN,0.2844172
2025-09-27,cl2025092712,巨人,9,0,1,0,RUN_SCORED,NO_RUN,0.34801772
2025-09-27,cl2025092712,ＤｅＮＡ,1,1,1,0,RUN_SCORED,NO_RUN,0.44054368
2025-09-27,cl2025092712,ＤｅＮＡ,2,1,1,0,RUN_SCORED,NO_RUN,0.4300079
2025-09-27,cl2025092712,ＤｅＮＡ,3,1,1,0,RUN_SCORED,NO_RUN,0.37988347
2025-09-27,cl2025092712,ＤｅＮＡ,4,1,1,1,RUN_SCORED,RUN_SCORED,0.74300724
2025-09-27,cl2025092712,ＤｅＮＡ,5,1,0,1,NO_RUN,RUN_SCORED,0.6402758
2025-09-27,cl2025092712,ＤｅＮＡ,6,1,0,1,NO_RUN,RUN_SCORED,0.5837345
2025-09-27,cl2025092712,ＤｅＮＡ,7,1,0,0,NO_RUN,NO_RUN,0.3428603
2025-09-27,cl2025092712,ＤｅＮＡ,8,1,1,1,RUN_SCORED,RUN_SCORED,0.6368465
2025-09-27,cl2025092712,ＤｅＮＡ,9,1,0,0,NO_RUN,NO_RUN,0.30936545
2025-09-27,cl2025092713,中日,1,0,0,0,NO_RUN,NO_RUN,0.46816266
2025-09-27,cl2025092713,中日,2,0,0,0,NO_RUN,NO_RUN,0.323398
2025-09-27,cl2025092713,中日,3,0,0,0,NO_RUN,NO_RUN,0.27153003
2025-09-27,cl2025092713,中日,4,0,0,0,NO_RUN,NO_RUN,0.4945358
2025-09-27,cl2025092713,中日,5,0,0,0,NO_RUN,NO_RUN,0.3351854
2025-09-27,cl2025092713,中日,6,0,1,0,RUN_SCORED,NO_RUN,0.4945358
2025-09-27,cl2025092713,中日,7,0,0,0,NO_RUN,NO_RUN,0.32795876
2025-09-27,cl2025092713,中日,8,0,1,0,RUN_SCORED,NO_RUN,0.4991419
2025-09-27,cl2025092713,中日,9,0,0,0,NO_RUN,NO_RUN,0.4561152
2025-09-27,cl2025092713,阪神,1,1,0,1,NO_RUN,RUN_SCORED,0.57680714
2025-09-27,cl2025092713,阪神,2,1,0,0,NO_RUN,NO_RUN,0.2886877
2025-09-27,cl2025092713,阪神,3,1,0,1,NO_RUN,RUN_SCORED,0.5703976
2025-09-27,cl2025092713,阪神,4,1,0,1,NO_RUN,RUN_SCORED,0.6187908
2025-09-27,cl2025092713,阪神,5,1,0,1,NO_RUN,RUN_SCORED,0.57600266
2025-09-27,cl2025092713,阪神,6,1,0,0,NO_RUN,NO_RUN,0.2692521
2025-09-27,cl2025092713,阪神,7,1,1,1,RUN_SCORED,RUN_SCORED,0.5541162
2025-09-27,cl2025092713,阪神,8,1,0,1,NO_RUN,RUN_SCORED,0.5848924
2025-09-27,cl2025092713,阪神,9,1,0,0,NO_RUN,NO_RUN,0.49697158
2025-09-27,pl2025092701,ソフトバンク,1,0,0,1,NO_RUN,RUN_SCORED,0.5020064
2025-09-27,pl2025092701,ソフトバンク,2,0,1,0,RUN_SCORED,NO_RUN,0.49381948
2025-09-27,pl2025092701,ソフトバンク,3,0,0,1,NO_RUN,RUN_SCORED,0.5335733
2025-09-27,pl2025092701,ソフトバンク,4,0,0,0,NO_RUN,NO_RUN,0.33761185
2025-09-27,pl2025092701,ソフトバンク,5,0,1,1,RUN_SCORED,RUN_SCORED,0.527974
2025-09-27,pl2025092701,ソフトバンク,6,0,0,0,NO_RUN,NO_RUN,0.49648768
2025-09-27,pl2025092701,ソフトバンク,7,0,0,0,NO_RUN,NO_RUN,0.46265578
2025-09-27,pl2025092701,ソフトバンク,8,0,0,0,NO_RUN,NO_RUN,0.33777156
2025-09-27,pl2025092701,ソフトバンク,9,0,0,1,NO_RUN,RUN_SCORED,0.5654793
2025-09-27,pl2025092701,西武,1,1,1,1,RUN_SCORED,RUN_SCORED,0.6692661
2025-09-27,pl2025092701,西武,2,1,0,0,NO_RUN,NO_RUN,0.31446183
2025-09-27,pl2025092701,西武,3,1,0,1,NO_RUN,RUN_SCORED,0.6692661
2025-09-27,pl2025092701,西武,4,1,0,0,NO_RUN,NO_RUN,0.3288259
2025-09-27,pl2025092701,西武,5,1,0,1,NO_RUN,RUN_SCORED,0.6151172
2025-09-27,pl2025092701,西武,6,1,0,0,NO_RUN,NO_RUN,0.33703938
2025-09-27,pl2025092701,西武,7,1,0,0,NO_RUN,NO_RUN,0.27851376
2025-09-27,pl2025092701,西武,8,1,0,0,NO_RUN,NO_RUN,0.46354163
2025-09-27,pl2025092701,西武,9,1,0,0,NO_RUN,NO_RUN,0.3268838
2025-09-27,pl2025092702,ロッテ,1,1,0,0,NO_RUN,NO_RUN,0.4844292
2025-09-27,pl2025092702,ロッテ,2,1,0,0,NO_RUN,NO_RUN,0.46324575
2025-09-27,pl2025092702,ロッテ,3,1,0,0,NO_RUN,NO_RUN,0.46131063
2025-09-27,pl2025092702,ロッテ,4,1,0,0,NO_RUN,NO_RUN,0.28530872
2025-09-27,pl2025092702,ロッテ,5,1,0,0,NO_RUN,NO_RUN,0.44776842
2025-09-27,pl2025092702,ロッテ,6,1,0,0,NO_RUN,NO_RUN,0.45522016
2025-09-27,pl2025092702,ロッテ,7,1,0,0,NO_RUN,NO_RUN,0.2787727
2025-09-27,pl2025092702,ロッテ,8,1,0,0,NO_RUN,NO_RUN,0.4557222
2025-09-27,pl2025092702,ロッテ,9,1,0,0,NO_RUN,NO_RUN,0.28250065
2025-09-27,pl2025092702,日本ハム,1,0,0,1,NO_RUN,RUN_SCORED,0.5922878
2025-09-27,pl2025092702,日本ハム,2,0,1,0,RUN_SCORED,NO_RUN,0.36395335
2025-09-27,pl2025092702,日本ハム,3,0,1,1,RUN_SCORED,RUN_SCORED,0.5815702
2025-09-27,pl2025092702,日本ハム,4,0,0,0,NO_RUN,NO_RUN,0.36525816
2025-09-27,pl2025092702,日本ハム,5,0,0,1,NO_RUN,RUN_SCORED,0.6243107
2025-09-27,pl2025092702,日本ハム,6,0,0,1,NO_RUN,RUN_SCORED,0.6446291
2025-09-27,pl2025092702,日本ハム,7,0,0,0,NO_RUN,NO_RUN,0.34753233
2025-09-27,pl2025092702,日本ハム,8,0,0,1,NO_RUN,RUN_SCORED,0.59494346
2025-09-27,pl2025092702,日本ハム,9,0,0,1,NO_RUN,RUN_SCORED,0.5390164
2025-09-27,pl2025092703,オリックス,1,1,0,1,NO_RUN,RUN_SCORED,0.5731026
2025-09-27,pl2025092703,オリックス,2,1,0,0,NO_RUN,NO_RUN,0.3194963
2025-09-27,pl2025092703,オリックス,3,1,0,1,NO_RUN,RUN_SCORED,0.5731026
2025-09-27,pl2025092703,オリックス,4,1,0,1,NO_RUN,RUN_SCORED,0.6168055
2025-09-27,pl2025092703,オリックス,5,1,1,1,RUN_SCORED,RUN_SCORED,0.6168055
2025-09-27,pl2025092703,オリックス,6,1,0,0,NO_RUN,NO_RUN,0.34549212
2025-09-27,pl2025092703,オリックス,7,1,0,1,NO_RUN,RUN_SCORED,0.5801556
2025-09-27,pl2025092703,オリックス,8,1,0,1,NO_RUN,RUN_SCORED,0.55857927
2025-09-27,pl2025092703,楽天,1,0,0,1,NO_RUN,RUN_SCORED,0.5819266
2025-09-27,pl2025092703,楽天,2,0,0,0,NO_RUN,NO_RUN,0.31617087
2025-09-27,pl2025092703,楽天,3,0,0,1,NO_RUN,RUN_SCORED,0.5819266
2025-09-27,pl2025092703,楽天,4,0,0,0,NO_RUN,NO_RUN,0.49957275
2025-09-27,pl2025092703,楽天,5,0,0,0,NO_RUN,NO_RUN,0.309899
2025-09-27,pl2025092703,楽天,6,0,0,1,NO_RUN,RUN_SCORED,0.6354678
2025-09-27,pl2025092703,楽天,7,0,0,0,NO_RUN,NO_RUN,0.31973988
2025-09-27,pl2025092703,楽天,8,0,0,1,NO_RUN,RUN_SCORED,0.5625089
2025-09-27,pl2025092703,楽天,9,0,0,0,NO_RUN,NO_RUN,0.28119466
2025-09-28,cl2025092811,ヤクルト,1,1,1,0,RUN_SCORED,NO_RUN,0.45182845
2025-09-28,cl2025092811,ヤクルト,2,1,0,0,NO_RUN,NO_RUN,0.3119047
2025-09-28,cl2025092811,ヤクルト,3,1,0,1,NO_RUN,RUN_SCORED,0.5270782
2025-09-28,cl2025092811,ヤクルト,4,1,1,0,RUN_SCORED,NO_RUN,0.28586048
2025-09-28,cl2025092811,ヤクルト,5,1,0,1,NO_RUN,RUN_SCORED,0.69836533
2025-09-28,cl2025092811,ヤクルト,6,1,0,0,NO_RUN,NO_RUN,0.3606177
2025-09-28,cl2025092811,ヤクルト,7,1,0,1,NO_RUN,RUN_SCORED,0.6560976
2025-09-28,cl2025092811,ヤクルト,8,1,0,1,NO_RUN,RUN_SCORED,0.6033484
2025-09-28,cl2025092811,ヤクルト,9,1,0,1,NO_RUN,RUN_SCORED,0.5477755
2025-09-28,cl2025092811,ヤクルト,10,1,0,0,NO_RUN,NO_RUN,0.2976619
2025-09-28,cl2025092811,ヤクルト,11,1,0,1,NO_RUN,RUN_SCORED,0.68696016
2025-09-28,cl2025092811,ヤクルト,12,1,0,1,NO_RUN,RUN_SCORED,0.5240128
2025-09-28,cl2025092811,巨人,1,0,0,1,NO_RUN,RUN_SCORED,0.5943282
2025-09-28,cl2025092811,巨人,2,0,0,0,NO_RUN,NO_RUN,0.3735318
2025-09-28,cl2025092811,巨人,3,0,0,0,NO_RUN,NO_RUN,0.2851889
2025-09-28,cl2025092811,巨人,4,0,1,1,RUN_SCORED,RUN_SCORED,0.7326713
2025-09-28,cl2025092811,巨人,5,0,0,1,NO_RUN,RUN_SCORED,0.7326713
2025-09-28,cl2025092811,巨人,6,0,1,1,RUN_SCORED,RUN_SCORED,0.6152648
2025-09-28,cl2025092811,巨人,7,0,0,1,NO_RUN,RUN_SCORED,0.6775294
2025-09-28,cl2025092811,巨人,8,0,1,1,RUN_SCORED,RUN_SCORED,0.656236
2025-09-28,cl2025092811,巨人,9,0,0,1,NO_RUN,RUN_SCORED,0.60041517
2025-09-28,cl2025092811,巨人,10,0,0,0,NO_RUN,NO_RUN,0.37609613
2025-09-28,cl2025092811,巨人,11,0,0,0,NO_RUN,NO_RUN,0.4970723
2025-09-28,cl2025092811,巨人,12,0,0,0,NO_RUN,NO_RUN,0.41081423
2025-09-28,cl2025092812,広島,1,1,1,1,RUN_SCORED,RUN_SCORED,0.5055841
2025-09-28,cl2025092812,広島,2,1,0,0,NO_RUN,NO_RUN,0.2892367
2025-09-28,cl2025092812,広島,3,1,0,1,NO_RUN,RUN_SCORED,0.5015322
2025-09-28,cl2025092812,広島,4,1,0,0,NO_RUN,NO_RUN,0.28042954
2025-09-28,cl2025092812,広島,5,1,0,1,NO_RUN,RUN_SCORED,0.5465955
2025-09-28,cl2025092812,広島,6,1,0,0,NO_RUN,NO_RUN,0.4421145
2025-09-28,cl2025092812,広島,7,1,1,0,RUN_SCORED,NO_RUN,0.48184294
2025-09-28,cl2025092812,広島,8,1,0,0,NO_RUN,NO_RUN,0.49886698
2025-09-28,cl2025092812,広島,9,1,0,0,NO_RUN,NO_RUN,0.31353197
2025-09-28,cl2025092812,ＤｅＮＡ,1,0,0,0,NO_RUN,NO_RUN,0.4700403
2025-09-28,cl2025092812,ＤｅＮＡ,2,0,1,0,RUN_SCORED,NO_RUN,0.4566413
2025-09-28,cl2025092812,ＤｅＮＡ,3,0,0,0,NO_RUN,NO_RUN,0.39423493
2025-09-28,cl2025092812,ＤｅＮＡ,4,0,0,0,NO_RUN,NO_RUN,0.29056433
2025-09-28,cl2025092812,ＤｅＮＡ,5,0,0,1,NO_RUN,RUN_SCORED,0.6206032
2025-09-28,cl2025092812,ＤｅＮＡ,6,0,0,0,NO_RUN,NO_RUN,0.31772354
2025-09-28,cl2025092812,ＤｅＮＡ,7,0,1,1,RUN_SCORED,RUN_SCORED,0.5017168
2025-09-28,cl2025092812,ＤｅＮＡ,8,0,1,1,RUN_SCORED,RUN_SCORED,0.51791054
2025-09-28,cl2025092812,ＤｅＮＡ,9,0,0,0,NO_RUN,NO_RUN,0.3212542
2025-09-28,cl2025092813,中日,1,0,1,1,RUN_SCORED,RUN_SCORED,0.5479986
2025-09-28,cl2025092813,中日,2,0,0,1,NO_RUN,RUN_SCORED,0.5381426
2025-09-28,cl2025092813,中日,3,0,0,1,NO_RUN,RUN_SCORED,0.5059288
2025-09-28,cl2025092813,中日,4,0,0,0,NO_RUN,NO_RUN,0.28365168
2025-09-28,cl2025092813,中日,5,0,0,1,NO_RUN,RUN_SCORED,0.5194272
2025-09-28,cl2025092813,中日,6,0,0,0,NO_RUN,NO_RUN,0.49025166
2025-09-28,cl2025092813,中日,7,0,0,0,NO_RUN,NO_RUN,0.2486407
2025-09-28,cl2025092813,中日,8,0,0,0,NO_RUN,NO_RUN,0.31033003
2025-09-28,cl2025092813,中日,9,0,1,0,RUN_SCORED,NO_RUN,0.468276
2025-09-28,cl2025092813,阪神,1,1,0,1,NO_RUN,RUN_SCORED,0.54238796
2025-09-28,cl2025092813,阪神,2,1,0,1,NO_RUN,RUN_SCORED,0.54238796
2025-09-28,cl2025092813,阪神,3,1,0,1,NO_RUN,RUN_SCORED,0.54897624
2025-09-28,cl2025092813,阪神,4,1,0,0,NO_RUN,NO_RUN,0.32113004
2025-09-28,cl2025092813,阪神,5,1,1,1,RUN_SCORED,RUN_SCORED,0.60621
2025-09-28,cl2025092813,阪神,6,1,1,1,RUN_SCORED,RUN_SCORED,0.6182486
2025-09-28,cl2025092813,阪神,7,1,0,1,NO_RUN,RUN_SCORED,0.588684
2025-09-28,cl2025092813,阪神,8,1,0,1,NO_RUN,RUN_SCORED,0.58295006
2025-09-28,cl2025092813,阪神,9,1,0,0,NO_RUN,NO_RUN,0.48813307
2025-09-28,pl2025092801,ソフトバンク,1,0,0,1,NO_RUN,RUN_SCORED,0.5062877
2025-09-28,pl2025092801,ソフトバンク,2,0,0,0,NO_RUN,NO_RUN,0.3267223
2025-09-28,pl2025092801,ソフトバンク,3,0,1,0,RUN_SCORED,NO_RUN,0.49403393
2025-09-28,pl2025092801,ソフトバンク,4,0,0,0,NO_RUN,NO_RUN,0.3344003
2025-09-28,pl2025092801,ソフトバンク,5,0,0,1,NO_RUN,RUN_SCORED,0.539122
2025-09-28,pl2025092801,ソフトバンク,6,0,0,1,NO_RUN,RUN_SCORED,0.5505563
2025-09-28,pl2025092801,ソフトバンク,7,0,1,1,RUN_SCORED,RUN_SCORED,0.5114308
2025-09-28,pl2025092801,ソフトバンク,8,0,1,0,RUN_SCORED,NO_RUN,0.32754305
2025-09-28,pl2025092801,ソフトバンク,9,0,0,1,NO_RUN,RUN_SCORED,0.52058595
2025-09-28,pl2025092801,西武,1,1,0,0,NO_RUN,NO_RUN,0.44872755
2025-09-28,pl2025092801,西武,2,1,1,0,RUN_SCORED,NO_RUN,0.33983055
2025-09-28,pl2025092801,西武,3,1,0,0,NO_RUN,NO_RUN,0.45720735
2025-09-28,pl2025092801,西武,4,1,0,1,NO_RUN,RUN_SCORED,0.5936692
2025-09-28,pl2025092801,西武,5,1,0,0,NO_RUN,NO_RUN,0.30811188
2025-09-28,pl2025092801,西武,6,1,0,0,NO_RUN,NO_RUN,0.462042
2025-09-28,pl2025092801,西武,7,1,0,1,NO_RUN,RUN_SCORED,0.517826
2025-09-28,pl2025092801,西武,8,1,0,0,NO_RUN,NO_RUN,0.4751161
2025-09-28,pl2025092801,西武,9,1,0,1,NO_RUN,RUN_SCORED,0.55264795
2025-09-28,pl2025092802,ロッテ,1,1,0,1,NO_RUN,RUN_SCORED,0.58413225
2025-09-28,pl2025092802,ロッテ,2,1,1,0,RUN_SCORED,NO_RUN,0.30939898
2025-09-28,pl2025092802,ロッテ,3,1,0,1,NO_RUN,RUN_SCORED,0.56990755
2025-09-28,pl2025092802,ロッテ,4,1,1,0,RUN_SCORED,NO_RUN,0.32145113
2025-09-28,pl2025092802,ロッテ,5,1,0,1,NO_RUN,RUN_SCORED,0.58100814
2025-09-28,pl2025092802,ロッテ,6,1,0,0,NO_RUN,NO_RUN,0.33031872
2025-09-28,pl2025092802,ロッテ,7,1,0,1,NO_RUN,RUN_SCORED,0.501589
2025-09-28,pl2025092802,ロッテ,8,1,0,0,NO_RUN,NO_RUN,0.3253639
2025-09-28,pl2025092802,ロッテ,9,1,0,0,NO_RUN,NO_RUN,0.48526067
2025-09-28,pl2025092802,日本ハム,1,0,0,1,NO_RUN,RUN_SCORED,0.60740906
2025-09-28,pl2025092802,日本ハム,2,0,1,0,RUN_SCORED,NO_RUN,0.3462855
2025-09-28,pl2025092802,日本ハム,3,0,0,1,NO_RUN,RUN_SCORED,0.61069685
2025-09-28,pl2025092802,日本ハム,4,0,1,0,RUN_SCORED,NO_RUN,0.36157495
2025-09-28,pl2025092802,日本ハム,5,0,0,1,NO_RUN,RUN_SCORED,0.63103163
2025-09-28,pl2025092802,日本ハム,6,0,0,0,NO_RUN,NO_RUN,0.36886695
2025-09-28,pl2025092802,日本ハム,7,0,1,1,RUN_SCORED,RUN_SCORED,0.64788175
2025-09-28,pl2025092802,日本ハム,8,0,1,0,RUN_SCORED,NO_RUN,0.34304214
2025-09-28,pl2025092802,日本ハム,9,0,0,1,NO_RUN,RUN_SCORED,0.5852248
2025-09-28,pl2025092803,オリックス,1,1,0,1,NO_RUN,RUN_SCORED,0.512781
2025-09-28,pl2025092803,オリックス,2,1,1,1,RUN_SCORED,RUN_SCORED,0.512781
2025-09-28,pl2025092803,オリックス,3,1,1,1,RUN_SCORED,RUN_SCORED,0.5421556
2025-09-28,pl2025092803,オリックス,4,1,1,1,RUN_SCORED,RUN_SCORED,0.64704037
2025-09-28,pl2025092803,オリックス,5,1,0,1,NO_RUN,RUN_SCORED,0.6470671
2025-09-28,pl2025092803,オリックス,6,1,0,1,NO_RUN,RUN_SCORED,0.6332215
2025-09-28,pl2025092803,オリックス,7,1,0,1,NO_RUN,RUN_SCORED,0.5423896
2025-09-28,pl2025092803,オリックス,8,1,0,1,NO_RUN,RUN_SCORED,0.6354833
2025-09-28,pl2025092803,楽天,1,0,0,1,NO_RUN,RUN_SCORED,0.57385373
2025-09-28,pl2025092803,楽天,2,0,0,0,NO_RUN,NO_RUN,0.3000937
2025-09-28,pl2025092803,楽天,3,0,0,1,NO_RUN,RUN_SCORED,0.5440149
2025-09-28,pl2025092803,楽天,4,0,0,1,NO_RUN,RUN_SCORED,0.53861785
2025-09-28,pl2025092803,楽天,5,0,1,1,RUN_SCORED,RUN_SCORED,0.54208297
2025-09-28,pl2025092803,楽天,6,0,0,0,NO_RUN,NO_RUN,0.31713548
2025-09-28,pl2025092803,楽天,7,0,0,1,NO_RUN,RUN_SCORED,0.7313699
2025-09-28,pl2025092803,楽天,8,0,1,1,RUN_SCORED,RUN_SCORED,0.5350739
2025-09-28,pl2025092803,楽天,9,0,1,1,RUN_SCORED,RUN_SCORED,0.5971802
2025-09-29,pl2025092901,ロッテ,1,0,0,1,NO_RUN,RUN_SCORED,0.5443402
2025-09-29,pl2025092901,ロッテ,2,0,0,0,NO_RUN,NO_RUN,0.31885278
2025-09-29,pl2025092901,ロッテ,3,0,0,1,NO_RUN,RUN_SCORED,0.53068787
2025-09-29,pl2025092901,ロッテ,4,0,0,0,NO_RUN,NO_RUN,0.3289629
2025-09-29,pl2025092901,ロッテ,5,0,0,1,NO_RUN,RUN_SCORED,0.57071495
2025-09-29,pl2025092901,ロッテ,6,0,0,1,NO_RUN,RUN_SCORED,0.55387264
2025-09-29,pl2025092901,ロッテ,7,0,0,0,NO_RUN,NO_RUN,0.4220075
2025-09-29,pl2025092901,ロッテ,8,0,0,0,NO_RUN,NO_RUN,0.40037173
2025-09-29,pl2025092901,ロッテ,9,0,0,0,NO_RUN,NO_RUN,0.29639164
2025-09-29,pl2025092901,西武,1,1,0,1,NO_RUN,RUN_SCORED,0.70604736
2025-09-29,pl2025092901,西武,2,1,1,0,RUN_SCORED,NO_RUN,0.3698328
2025-09-29,pl2025092901,西武,3,1,0,1,NO_RUN,RUN_SCORED,0.69761443
2025-09-29,pl2025092901,西武,4,1,0,1,NO_RUN,RUN_SCORED,0.6349042
2025-09-29,pl2025092901,西武,5,1,0,1,NO_RUN,RUN_SCORED,0.6794582
2025-09-29,pl2025092901,西武,6,1,1,1,RUN_SCORED,RUN_SCORED,0.65572774
2025-09-29,pl2025092901,西武,7,1,0,1,NO_RUN,RUN_SCORED,0.6579754
2025-09-29,pl2025092901,西武,8,1,0,0,NO_RUN,NO_RUN,0.3608018
2025-09-29,pl2025092902,オリックス,1,1,1,0,RUN_SCORED,NO_RUN,0.46048027
2025-09-29,pl2025092902,オリックス,2,1,1,0,RUN_SCORED,NO_RUN,0.45215502
2025-09-29,pl2025092902,オリックス,3,1,0,0,NO_RUN,NO_RUN,0.41382262
2025-09-29,pl2025092902,オリックス,4,1,0,0,NO_RUN,NO_RUN,0.2874326
2025-09-29,pl2025092902,オリックス,5,1,1,1,RUN_SCORED,RUN_SCORED,0.6491501
2025-09-29,pl2025092902,オリックス,6,1,0,0,NO_RUN,NO_RUN,0.3366287
2025-09-29,pl2025092902,オリックス,7,1,0,0,NO_RUN,NO_RUN,0.46627522
2025-09-29,pl2025092902,オリックス,8,1,0,0,NO_RUN,NO_RUN,0.46183243
2025-09-29,pl2025092902,楽天,1,0,0,1,NO_RUN,RUN_SCORED,0.51413065
2025-09-29,pl2025092902,楽天,2,0,0,0,NO_RUN,NO_RUN,0.29248628
2025-09-29,pl2025092902,楽天,3,0,0,0,NO_RUN,NO_RUN,0.4989756
2025-09-29,pl2025092902,楽天,4,0,0,0,NO_RUN,NO_RUN,0.30346164
2025-09-29,pl2025092902,楽天,5,0,0,1,NO_RUN,RUN_SCORED,0.5416724
2025-09-29,pl2025092902,楽天,6,0,0,0,NO_RUN,NO_RUN,0.42793968
2025-09-29,pl2025092902,楽天,7,0,0,0,NO_RUN,NO_RUN,0.27552065
2025-09-29,pl2025092902,楽天,8,0,0,1,NO_RUN,RUN_SCORED,0.5120511
2025-09-29,pl2025092902,楽天,9,0,0,0,NO_RUN,NO_RUN,0.30112642
2025-09-30,cl2025093002,中日,1,0,0,1,NO_RUN,RUN_SCORED,0.55211544
2025-09-30,cl2025093002,中日,2,0,0,0,NO_RUN,NO_RUN,0.29473087
2025-09-30,cl2025093002,中日,3,0,1,1,RUN_SCORED,RUN_SCORED,0.54402095
2025-09-30,cl2025093002,中日,4,0,0,0,NO_RUN,NO_RUN,0.30506226
2025-09-30,cl2025093002,中日,5,0,0,1,NO_RUN,RUN_SCORED,0.5685674
2025-09-30,cl2025093002,中日,6,0,0,1,NO_RUN,RUN_SCORED,0.5206166
2025-09-30,cl2025093002,中日,7,0,0,0,NO_RUN,NO_RUN,0.28044567
2025-09-30,cl2025093002,中日,8,0,0,0,NO_RUN,NO_RUN,0.4692475
2025-09-30,cl2025093002,中日,9,0,0,0,NO_RUN,NO_RUN,0.27772838
2025-09-30,cl2025093002,巨人,1,1,1,1,RUN_SCORED,RUN_SCORED,0.57866204
2025-09-30,cl2025093002,巨人,2,1,0,1,NO_RUN,RUN_SCORED,0.56913584
2025-09-30,cl2025093002,巨人,3,1,0,1,NO_RUN,RUN_SCORED,0.5995022
2025-09-30,cl2025093002,巨人,4,1,0,1,NO_RUN,RUN_SCORED,0.61557186
2025-09-30,cl2025093002,巨人,5,1,0,1,NO_RUN,RUN_SCORED,0.63923275
2025-09-30,cl2025093002,巨人,6,1,0,0,NO_RUN,NO_RUN,0.33914474
2025-09-30,cl2025093002,巨人,7,1,1,1,RUN_SCORED,RUN_SCORED,0.6201445
2025-09-30,cl2025093002,巨人,8,1,0,0,NO_RUN,NO_RUN,0.3066995
2025-09-30,cl2025093003,ヤクルト,1,0,0,1,NO_RUN,RUN_SCORED,0.5142762
2025-09-30,cl2025093003,ヤクルト,2,0,1,0,RUN_SCORED,NO_RUN,0.49953538
2025-09-30,cl2025093003,ヤクルト,3,0,1,1,RUN_SCORED,RUN_SCORED,0.6015448
2025-09-30,cl2025093003,ヤクルト,4,0,0,0,NO_RUN,NO_RUN,0.33377925
2025-09-30,cl2025093003,ヤクルト,5,0,0,1,NO_RUN,RUN_SCORED,0.65418035
2025-09-30,cl2025093003,ヤクルト,6,0,0,0,NO_RUN,NO_RUN,0.3735698
2025-09-30,cl2025093003,ヤクルト,7,0,1,0,RUN_SCORED,NO_RUN,0.49830619
2025-09-30,cl2025093003,ヤクルト,8,0,0,1,NO_RUN,RUN_SCORED,0.63437843
2025-09-30,cl2025093003,ヤクルト,9,0,0,0,NO_RUN,NO_RUN,0.32706553
2025-09-30,cl2025093003,ＤｅＮＡ,1,1,1,1,RUN_SCORED,RUN_SCORED,0.63792473
2025-09-30,cl2025093003,ＤｅＮＡ,2,1,0,1,NO_RUN,RUN_SCORED,0.63792473
2025-09-30,cl2025093003,ＤｅＮＡ,3,1,0,1,NO_RUN,RUN_SCORED,0.6474375
2025-09-30,cl2025093003,ＤｅＮＡ,4,1,0,0,NO_RUN,NO_RUN,0.30571753
2025-09-30,cl2025093003,ＤｅＮＡ,5,1,0,1,NO_RUN,RUN_SCORED,0.6912737
2025-09-30,cl2025093003,ＤｅＮＡ,6,1,0,0,NO_RUN,NO_RUN,0.347062
2025-09-30,cl2025093003,ＤｅＮＡ,7,1,0,1,NO_RUN,RUN_SCORED,0.536949
2025-09-30,cl2025093003,ＤｅＮＡ,8,1,1,0,RUN_SCORED,NO_RUN,0.3377294
2025-09-30,cl2025093003,ＤｅＮＡ,9,1,1,1,RUN_SCORED,RUN_SCORED,0.5782199
2025-09-30,pl2025093001,ソフトバンク,1,1,0,0,NO_RUN,NO_RUN,0.42891246
2025-09-30,pl2025093001,ソフトバンク,2,1,0,0,NO_RUN,NO_RUN,0.29584014
2025-09-30,pl2025093001,ソフトバンク,3,1,0,0,NO_RUN,NO_RUN,0.42891246
2025-09-30,pl2025093001,ソフトバンク,4,1,1,1,RUN_SCORED,RUN_SCORED,0.5163599
2025-09-30,pl2025093001,ソフトバンク,5,1,0,0,NO_RUN,NO_RUN,0.3651502
2025-09-30,pl2025093001,ソフトバンク,6,1,0,1,NO_RUN,RUN_SCORED,0.5472185
2025-09-30,pl2025093001,ソフトバンク,7,1,0,0,NO_RUN,NO_RUN,0.32392952
2025-09-30,pl2025093001,ソフトバンク,8,1,0,0,NO_RUN,NO_RUN,0.40098783
2025-09-30,pl2025093001,ソフトバンク,9,1,0,0,NO_RUN,NO_RUN,0.29278305
2025-09-30,pl2025093001,日本ハム,1,0,0,0,NO_RUN,NO_RUN,0.48696777
2025-09-30,pl2025093001,日本ハム,2,0,0,0,NO_RUN,NO_RUN,0.29002538
2025-09-30,pl2025093001,日本ハム,3,0,0,0,NO_RUN,NO_RUN,0.49184725
2025-09-30,pl2025093001,日本ハム,4,0,1,0,RUN_SCORED,NO_RUN,0.45597914
2025-09-30,pl2025093001,日本ハム,5,0,0,1,NO_RUN,RUN_SCORED,0.5941524
2025-09-30,pl2025093001,日本ハム,6,0,0,0,NO_RUN,NO_RUN,0.4187852
2025-09-30,pl2025093001,日本ハム,7,0,0,0,NO_RUN,NO_RUN,0.2933945
2025-09-30,pl2025093001,日本ハム,8,0,0,1,NO_RUN,RUN_SCORED,0.59956944
2025-09-30,pl2025093001,日本ハム,9,0,0,0,NO_RUN,NO_RUN,0.3703669
2025-09-30,pl2025093004,ロッテ,1,1,0,1,NO_RUN,RUN_SCORED,0.7084918
2025-09-30,pl2025093004,ロッテ,2,1,0,0,NO_RUN,NO_RUN,0.30634063
2025-09-30,pl2025093004,ロッテ,3,1,0,1,NO_RUN,RUN_SCORED,0.7084918
2025-09-30,pl2025093004,ロッテ,4,1,1,1,RUN_SCORED,RUN_SCORED,0.700316
2025-09-30,pl2025093004,ロッテ,5,1,0,1,NO_RUN,RUN_SCORED,0.6789236
2025-09-30,pl2025093004,ロッテ,6,1,0,1,NO_RUN,RUN_SCORED,0.76887757
2025-09-30,pl2025093004,ロッテ,7,1,0,0,NO_RUN,NO_RUN,0.31768906
2025-09-30,pl2025093004,ロッテ,8,1,0,0,NO_RUN,NO_RUN,0.42171538
2025-09-30,pl2025093004,ロッテ,9,1,0,1,NO_RUN,RUN_SCORED,0.5548217
2025-09-30,pl2025093004,楽天,1,0,0,1,NO_RUN,RUN_SCORED,0.6453386
2025-09-30,pl2025093004,楽天,2,0,0,0,NO_RUN,NO_RUN,0.35616302
2025-09-30,pl2025093004,楽天,3,0,0,0,NO_RUN,NO_RUN,0.31013232
2025-09-30,pl2025093004,楽天,4,0,0,1,NO_RUN,RUN_SCORED,0.72777486
2025-09-30,pl2025093004,楽天,5,0,0,0,NO_RUN,NO_RUN,0.37133232
2025-09-30,pl2025093004,楽天,6,0,0,1,NO_RUN,RUN_SCORED,0.705737
2025-09-30,pl2025093004,楽天,7,0,0,0,NO_RUN,NO_RUN,0.35684845
2025-09-30,pl2025093004,楽天,8,0,1,1,RUN_SCORED,RUN_SCORED,0.55275434
2025-09-30,pl2025093004,楽天,9,0,0,1,NO_RUN,RUN_SCORED,0.54068595
2025-10-01,cl2025100102,中日,1,0,0,0,NO_RUN,NO_RUN,0.3716312
2025-10-01,cl2025100102,中日,2,0,0,0,NO_RUN,NO_RUN,0.27566668
2025-10-01,cl2025100102,中日,3,0,0,1,NO_RUN,RUN_SCORED,0.50361353
2025-10-01,cl2025100102,中日,4,0,0,0,NO_RUN,NO_RUN,0.27671406
2025-10-01,cl2025100102,中日,5,0,0,1,NO_RUN,RUN_SCORED,0.54636
2025-10-01,cl2025100102,中日,6,0,0,0,NO_RUN,NO_RUN,0.28497618
2025-10-01,cl2025100102,中日,7,0,0,1,NO_RUN,RUN_SCORED,0.5233371
2025-10-01,cl2025100102,中日,8,0,0,0,NO_RUN,NO_RUN,0.46668518
2025-10-01,cl2025100102,中日,9,0,1,0,RUN_SCORED,NO_RUN,0.46549106
2025-10-01,cl2025100102,巨人,1,1,1,1,RUN_SCORED,RUN_SCORED,0.55968016
2025-10-01,cl2025100102,巨人,2,1,0,1,NO_RUN,RUN_SCORED,0.5495878
2025-10-01,cl2025100102,巨人,3,1,0,0,NO_RUN,NO_RUN,0.36079526
2025-10-01,cl2025100102,巨人,4,1,0,1,NO_RUN,RUN_SCORED,0.5986178
2025-10-01,cl2025100102,巨人,5,1,0,0,NO_RUN,NO_RUN,0.3699943
2025-10-01,cl2025100102,巨人,6,1,0,1,NO_RUN,RUN_SCORED,0.5430201
2025-10-01,cl2025100102,巨人,7,1,0,0,NO_RUN,NO_RUN,0.34470397
2025-10-01,cl2025100102,巨人,8,1,0,1,NO_RUN,RUN_SCORED,0.5911517
2025-10-01,cl2025100103,ヤクルト,1,0,0,1,NO_RUN,RUN_SCORED,0.6297314
2025-10-01,cl2025100103,ヤクルト,2,0,1,1,RUN_SCORED,RUN_SCORED,0.6201558
2025-10-01,cl2025100103,ヤクルト,3,0,0,1,NO_RUN,RUN_SCORED,0.60561645
2025-10-01,cl2025100103,ヤクルト,4,0,0,1,NO_RUN,RUN_SCORED,0.5706947
2025-10-01,cl2025100103,ヤクルト,5,0,0,1,NO_RUN,RUN_SCORED,0.6094803
2025-10-01,cl2025100103,ヤクルト,6,0,1,0,RUN_SCORED,NO_RUN,0.34635594
2025-10-01,cl2025100103,ヤクルト,7,0,1,1,RUN_SCORED,RUN_SCORED,0.5197786
2025-10-01,cl2025100103,ヤクルト,8,0,0,0,NO_RUN,NO_RUN,0.30421805
2025-10-01,cl2025100103,ヤクルト,9,0,0,1,NO_RUN,RUN_SCORED,0.58379847
2025-10-01,cl2025100103,ＤｅＮＡ,1,1,1,1,RUN_SCORED,RUN_SCORED,0.59411883
2025-10-01,cl2025100103,ＤｅＮＡ,2,1,0,1,NO_RUN,RUN_SCORED,0.57862926
2025-10-01,cl2025100103,ＤｅＮＡ,3,1,1,1,RUN_SCORED,RUN_SCORED,0.55830187
2025-10-01,cl2025100103,ＤｅＮＡ,4,1,0,1,NO_RUN,RUN_SCORED,0.63551503
2025-10-01,cl2025100103,ＤｅＮＡ,5,1,1,0,RUN_SCORED,NO_RUN,0.36962986
2025-10-01,cl2025100103,ＤｅＮＡ,6,1,1,1,RUN_SCORED,RUN_SCORED,0.5530942
2025-10-01,cl2025100103,ＤｅＮＡ,7,1,0,1,NO_RUN,RUN_SCORED,0.6726069
2025-10-01,cl2025100103,ＤｅＮＡ,8,1,1,0,RUN_SCORED,NO_RUN,0.33622372
2025-10-01,pl2025100101,オリックス,1,1,1,1,RUN_SCORED,RUN_SCORED,0.535146
2025-10-01,pl2025100101,オリックス,2,1,0,1,NO_RUN,RUN_SCORED,0.564249
2025-10-01,pl2025100101,オリックス,3,1,0,0,NO_RUN,NO_RUN,0.3527989
2025-10-01,pl2025100101,オリックス,4,1,1,1,RUN_SCORED,RUN_SCORED,0.5884839
2025-10-01,pl2025100101,オリックス,5,1,1,1,RUN_SCORED,RUN_SCORED,0.60909647
2025-10-01,pl2025100101,オリックス,6,1,0,1,NO_RUN,RUN_SCORED,0.54189366
2025-10-01,pl2025100101,オリックス,7,1,0,0,NO_RUN,NO_RUN,0.34394264
2025-10-01,pl2025100101,オリックス,8,1,0,1,NO_RUN,RUN_SCORED,0.570162
2025-10-01,pl2025100101,西武,1,0,0,1,NO_RUN,RUN_SCORED,0.5062949
2025-10-01,pl2025100101,西武,2,0,0,0,NO_RUN,NO_RUN,0.30934542
2025-10-01,pl2025100101,西武,3,0,0,0,NO_RUN,NO_RUN,0.30570653
2025-10-01,pl2025100101,西武,4,0,1,0,RUN_SCORED,NO_RUN,0.47931612
2025-10-01,pl2025100101,西武,5,0,0,1,NO_RUN,RUN_SCORED,0.53425944
2025-10-01,pl2025100101,西武,6,0,0,0,NO_RUN,NO_RUN,0.33080047
2025-10-01,pl2025100101,西武,7,0,0,0,NO_RUN,NO_RUN,0.4753117
2025-10-01,pl2025100101,西武,8,0,0,0,NO_RUN,NO_RUN,0.46758148
2025-10-01,pl2025100101,西武,9,0,1,0,RUN_SCORED,NO_RUN,0.4699929
2025-10-02,cl2025100202,ヤクルト,1,0,0,0,NO_RUN,NO_RUN,0.36920857
2025-10-02,cl2025100202,ヤクルト,2,0,0,0,NO_RUN,NO_RUN,0.28152692
2025-10-02,cl2025100202,ヤクルト,3,0,0,0,NO_RUN,NO_RUN,0.36049062
2025-10-02,cl2025100202,ヤクルト,4,0,1,0,RUN_SCORED,NO_RUN,0.40190536
2025-10-02,cl2025100202,ヤクルト,5,0,0,0,NO_RUN,NO_RUN,0.29920554
2025-10-02,cl2025100202,ヤクルト,6,0,0,0,NO_RUN,NO_RUN,0.39823726
2025-10-02,cl2025100202,ヤクルト,7,0,1,0,RUN_SCORED,NO_RUN,0.32680145
2025-10-02,cl2025100202,ヤクルト,8,0,0,0,NO_RUN,NO_RUN,0.46028072
2025-10-02,cl2025100202,ヤクルト,9,0,0,0,NO_RUN,NO_RUN,0.4089433
2025-10-02,cl2025100202,阪神,1,1,1,1,RUN_SCORED,RUN_SCORED,0.57683283
2025-10-02,cl2025100202,阪神,2,1,0,0,NO_RUN,NO_RUN,0.28637153
2025-10-02,cl2025100202,阪神,3,1,1,1,RUN_SCORED,RUN_SCORED,0.5936947
2025-10-02,cl2025100202,阪神,4,1,0,0,NO_RUN,NO_RUN,0.29375648
2025-10-02,cl2025100202,阪神,5,1,1,1,RUN_SCORED,RUN_SCORED,0.6473029
2025-10-02,cl2025100202,阪神,6,1,0,0,NO_RUN,NO_RUN,0.29998913
2025-10-02,cl2025100202,阪神,7,1,0,1,NO_RUN,RUN_SCORED,0.71914667
2025-10-02,cl2025100202,阪神,8,1,0,0,NO_RUN,NO_RUN,0.27274057
2025-10-02,pl2025100201,オリックス,1,1,0,1,NO_RUN,RUN_SCORED,0.51369077
2025-10-02,pl2025100201,オリックス,2,1,0,0,NO_RUN,NO_RUN,0.2925832
2025-10-02,pl2025100201,オリックス,3,1,1,1,RUN_SCORED,RUN_SCORED,0.5001636
2025-10-02,pl2025100201,オリックス,4,1,0,0,NO_RUN,NO_RUN,0.29972237
2025-10-02,pl2025100201,オリックス,5,1,0,1,NO_RUN,RUN_SCORED,0.54243827
2025-10-02,pl2025100201,オリックス,6,1,1,1,RUN_SCORED,RUN_SCORED,0.55995494
2025-10-02,pl2025100201,オリックス,7,1,0,0,NO_RUN,NO_RUN,0.47035962
2025-10-02,pl2025100201,オリックス,8,1,1,0,RUN_SCORED,NO_RUN,0.425597
2025-10-02,pl2025100201,オリックス,9,1,0,1,NO_RUN,RUN_SCORED,0.5614968
2025-10-02,pl2025100201,西武,1,0,0,1,NO_RUN,RUN_SCORED,0.5847225
2025-10-02,pl2025100201,西武,2,0,1,1,RUN_SCORED,RUN_SCORED,0.5847225
2025-10-02,pl2025100201,西武,3,0,1,1,RUN_SCORED,RUN_SCORED,0.52495956
2025-10-02,pl2025100201,西武,4,0,1,1,RUN_SCORED,RUN_SCORED,0.64547944
2025-10-02,pl2025100201,西武,5,0,0,0,NO_RUN,NO_RUN,0.3269433
2025-10-02,pl2025100201,西武,6,0,0,0,NO_RUN,NO_RUN,0.47365895
2025-10-02,pl2025100201,西武,7,0,0,0,NO_RUN,NO_RUN,0.4754552
2025-10-02,pl2025100201,西武,8,0,0,0,NO_RUN,NO_RUN,0.3324413
2025-10-02,pl2025100201,西武,9,0,0,1,NO_RUN,RUN_SCORED,0.59637076
2025-10-03,cl2025100301,ヤクルト,1,0,1,0,RUN_SCORED,NO_RUN,0.4717182
2025-10-03,cl2025100301,ヤクルト,2,0,0,0,NO_RUN,NO_RUN,0.4685459
2025-10-03,cl2025100301,ヤクルト,3,0,0,0,NO_RUN,NO_RUN,0.4577977
2025-10-03,cl2025100301,ヤクルト,4,0,1,0,RUN_SCORED,NO_RUN,0.31954837
2025-10-03,cl2025100301,ヤクルト,5,0,1,0,RUN_SCORED,NO_RUN,0.4752527
2025-10-03,cl2025100301,ヤクルト,6,0,0,0,NO_RUN,NO_RUN,0.44707072
2025-10-03,cl2025100301,ヤクルト,7,0,0,0,NO_RUN,NO_RUN,0.47264683
2025-10-03,cl2025100301,ヤクルト,8,0,0,0,NO_RUN,NO_RUN,0.33346173
2025-10-03,cl2025100301,ヤクルト,9,0,0,1,NO_RUN,RUN_SCORED,0.5613937
2025-10-03,cl2025100301,広島,1,1,0,1,NO_RUN,RUN_SCORED,0.5755392
2025-10-03,cl2025100301,広島,2,1,0,0,NO_RUN,NO_RUN,0.31250057
2025-10-03,cl2025100301,広島,3,1,0,1,NO_RUN,RUN_SCORED,0.5755392
2025-10-03,cl2025100301,広島,4,1,0,1,NO_RUN,RUN_SCORED,0.62093204
2025-10-03,cl2025100301,広島,5,1,0,0,NO_RUN,NO_RUN,0.3195511
2025-10-03,cl2025100301,広島,6,1,1,1,RUN_SCORED,RUN_SCORED,0.6276573
2025-10-03,cl2025100301,広島,7,1,0,0,NO_RUN,NO_RUN,0.29214343
2025-10-03,cl2025100301,広島,8,1,0,0,NO_RUN,NO_RUN,0.46465006
2025-10-03,cl2025100301,広島,9,1,0,0,NO_RUN,NO_RUN,0.32047358
2025-10-03,pl2025100302,オリックス,1,0,0,1,NO_RUN,RUN_SCORED,0.65655506
2025-10-03,pl2025100302,オリックス,2,0,0,0,NO_RUN,NO_RUN,0.35096368
2025-10-03,pl2025100302,オリックス,3,0,0,1,NO_RUN,RUN_SCORED,0.5103175
2025-10-03,pl2025100302,オリックス,4,0,0,1,NO_RUN,RUN_SCORED,0.51124036
2025-10-03,pl2025100302,オリックス,5,0,0,1,NO_RUN,RUN_SCORED,0.5549151
2025-10-03,pl2025100302,オリックス,6,0,0,1,NO_RUN,RUN_SCORED,0.5275073
2025-10-03,pl2025100302,オリックス,7,0,0,0,NO_RUN,NO_RUN,0.29476938
2025-10-03,pl2025100302,オリックス,8,0,1,0,RUN_SCORED,NO_RUN,0.3327634
2025-10-03,pl2025100302,オリックス,9,0,0,0,NO_RUN,NO_RUN,0.28905615
2025-10-03,pl2025100302,ソフトバンク,1,1,1,1,RUN_SCORED,RUN_SCORED,0.68591684
2025-10-03,pl2025100302,ソフトバンク,2,1,0,1,NO_RUN,RUN_SCORED,0.674848
2025-10-03,pl2025100302,ソフトバンク,3,1,0,1,NO_RUN,RUN_SCORED,0.63638216
2025-10-03,pl2025100302,ソフトバンク,4,1,0,0,NO_RUN,NO_RUN,0.4414672
2025-10-03,pl2025100302,ソフトバンク,5,1,1,1,RUN_SCORED,RUN_SCORED,0.65479934
2025-10-03,pl2025100302,ソフトバンク,6,1,1,1,RUN_SCORED,RUN_SCORED,0.63590467
2025-10-03,pl2025100302,ソフトバンク,7,1,0,0,NO_RUN,NO_RUN,0.3598031
2025-10-03,pl2025100302,ソフトバンク,8,1,1,0,RUN_SCORED,NO_RUN,0.43975922
2025-10-03,pl2025100303,楽天,1,1,0,1,NO_RUN,RUN_SCORED,0.58418643
2025-10-03,pl2025100303,楽天,2,1,0,0,NO_RUN,NO_RUN,0.36041355
2025-10-03,pl2025100303,楽天,3,1,0,1,NO_RUN,RUN_SCORED,0.58418643
2025-10-03,pl2025100303,楽天,4,1,0,1,NO_RUN,RUN_SCORED,0.5552924
2025-10-03,pl2025100303,楽天,5,1,0,0,NO_RUN,NO_RUN,0.37650868
2025-10-03,pl2025100303,楽天,6,1,0,1,NO_RUN,RUN_SCORED,0.62458503
2025-10-03,pl2025100303,楽天,7,1,1,1,RUN_SCORED,RUN_SCORED,0.51384836
2025-10-03,pl2025100303,楽天,8,1,1,1,RUN_SCORED,RUN_SCORED,0.59858173
2025-10-03,pl2025100303,楽天,9,1,1,1,RUN_SCORED,RUN_SCORED,0.6092223
2025-10-03,pl2025100303,西武,1,0,1,0,RUN_SCORED,NO_RUN,0.4455667
2025-10-03,pl2025100303,西武,2,0,1,0,RUN_SCORED,NO_RUN,0.4437519
2025-10-03,pl2025100303,西武,3,0,0,0,NO_RUN,NO_RUN,0.3004521
2025-10-03,pl2025100303,西武,4,0,0,0,NO_RUN,NO_RUN,0.29104197
2025-10-03,pl2025100303,西武,5,0,0,0,NO_RUN,NO_RUN,0.45103034
2025-10-03,pl2025100303,西武,6,0,0,0,NO_RUN,NO_RUN,0.32852206
2025-10-03,pl2025100303,西武,7,0,0,1,NO_RUN,RUN_SCORED,0.5184564
2025-10-03,pl2025100303,西武,8,0,1,0,RUN_SCORED,NO_RUN,0.42607263
2025-10-03,pl2025100303,西武,9,0,0,0,NO_RUN,NO_RUN,0.47507605
2025-10-04,cl2025100401,ヤクルト,1,0,0,1,NO_RUN,RUN_SCORED,0.5295223
2025-10-04,cl2025100401,ヤクルト,2,0,0,0,NO_RUN,NO_RUN,0.3408741
2025-10-04,cl2025100401,ヤクルト,3,0,1,1,RUN_SCORED,RUN_SCORED,0.5295223
2025-10-04,cl2025100401,ヤクルト,4,0,1,1,RUN_SCORED,RUN_SCORED,0.5744983
2025-10-04,cl2025100401,ヤクルト,5,0,0,1,NO_RUN,RUN_SCORED,0.529198
2025-10-04,cl2025100401,ヤクルト,6,0,0,0,NO_RUN,NO_RUN,0.3568589
2025-10-04,cl2025100401,ヤクルト,7,0,0,1,NO_RUN,RUN_SCORED,0.50962186
2025-10-04,cl2025100401,ヤクルト,8,0,0,0,NO_RUN,NO_RUN,0.3533613
2025-10-04,cl2025100401,ヤクルト,9,0,0,0,NO_RUN,NO_RUN,0.30670142
2025-10-04,cl2025100401,広島,1,1,0,1,NO_RUN,RUN_SCORED,0.6845113
2025-10-04,cl2025100401,広島,2,1,0,0,NO_RUN,NO_RUN,0.35786766
2025-10-04,cl2025100401,広島,3,1,0,1,NO_RUN,RUN_SCORED,0.67502105
2025-10-04,cl2025100401,広島,4,1,1,1,RUN_SCORED,RUN_SCORED,0.7158391
2025-10-04,cl2025100401,広島,5,1,0,1,NO_RUN,RUN_SCORED,0.718655
2025-10-04,cl2025100401,広島,6,1,0,0,NO_RUN,NO_RUN,0.33490846
2025-10-04,cl2025100401,広島,7,1,0,0,NO_RUN,NO_RUN,0.31549507
2025-10-04,cl2025100401,広島,8,1,0,1,NO_RUN,RUN_SCORED,0.5264444
2025-10-04,cl2025100401,広島,9,1,0,0,NO_RUN,NO_RUN,0.30369473
2025-10-04,pl2025100402,楽天,1,1,0,1,NO_RUN,RUN_SCORED,0.58032465
2025-10-04,pl2025100402,楽天,2,1,0,0,NO_RUN,NO_RUN,0.32883057
2025-10-04,pl2025100402,楽天,3,1,1,1,RUN_SCORED,RUN_SCORED,0.56597
2025-10-04,pl2025100402,楽天,4,1,0,0,NO_RUN,NO_RUN,0.32016367
2025-10-04,pl2025100402,楽天,5,1,0,1,NO_RUN,RUN_SCORED,0.61441606
2025-10-04,pl2025100402,楽天,6,1,0,0,NO_RUN,NO_RUN,0.34899446
2025-10-04,pl2025100402,楽天,7,1,0,1,NO_RUN,RUN_SCORED,0.5861244
2025-10-04,pl2025100402,楽天,8,1,1,0,RUN_SCORED,NO_RUN,0.30517003
2025-10-04,pl2025100402,西武,1,0,0,1,NO_RUN,RUN_SCORED,0.5548764
2025-10-04,pl2025100402,西武,2,0,0,0,NO_RUN,NO_RUN,0.29239583
2025-10-04,pl2025100402,西武,3,0,1,0,RUN_SCORED,NO_RUN,0.49341968
2025-10-04,pl2025100402,西武,4,0,0,0,NO_RUN,NO_RUN,0.29623616
2025-10-04,pl2025100402,西武,5,0,0,0,NO_RUN,NO_RUN,0.45645362
2025-10-04,pl2025100402,西武,6,0,0,0,NO_RUN,NO_RUN,0.49566755
2025-10-04,pl2025100402,西武,7,0,0,1,NO_RUN,RUN_SCORED,0.51495457
2025-10-04,pl2025100402,西武,8,0,1,1,RUN_SCORED,RUN_SCORED,0.51495457
2025-10-04,pl2025100402,西武,9,0,0,0,NO_RUN,NO_RUN,0.29287753
2025-10-04,pl2025100403,ロッテ,1,1,0,1,NO_RUN,RUN_SCORED,0.59184724
2025-10-04,pl2025100403,ロッテ,2,1,0,0,NO_RUN,NO_RUN,0.3191049
2025-10-04,pl2025100403,ロッテ,3,1,0,1,NO_RUN,RUN_SCORED,0.59184724
2025-10-04,pl2025100403,ロッテ,4,1,1,1,RUN_SCORED,RUN_SCORED,0.6347754
2025-10-04,pl2025100403,ロッテ,5,1,0,1,NO_RUN,RUN_SCORED,0.6289393
2025-10-04,pl2025100403,ロッテ,6,1,0,1,NO_RUN,RUN_SCORED,0.60361946
2025-10-04,pl2025100403,ロッテ,7,1,0,0,NO_RUN,NO_RUN,0.33978543
2025-10-04,pl2025100403,ロッテ,8,1,1,1,RUN_SCORED,RUN_SCORED,0.60081
2025-10-04,pl2025100403,日本ハム,1,0,0,1,NO_RUN,RUN_SCORED,0.5791909
2025-10-04,pl2025100403,日本ハム,2,0,0,0,NO_RUN,NO_RUN,0.36830992
2025-10-04,pl2025100403,日本ハム,3,0,0,1,NO_RUN,RUN_SCORED,0.5791909
2025-10-04,pl2025100403,日本ハム,4,0,0,1,NO_RUN,RUN_SCORED,0.57276535
2025-10-04,pl2025100403,日本ハム,5,0,0,0,NO_RUN,NO_RUN,0.35874262
2025-10-04,pl2025100403,日本ハム,6,0,0,1,NO_RUN,RUN_SCORED,0.6973134
2025-10-04,pl2025100403,日本ハム,7,0,0,0,NO_RUN,NO_RUN,0.33798066
2025-10-04,pl2025100403,日本ハム,8,0,0,1,NO_RUN,RUN_SCORED,0.5181754
2025-10-04,pl2025100403,日本ハム,9,0,0,0,NO_RUN,NO_RUN,0.31860355
2025-10-05,pl2025100501,オリックス,1,0,0,1,NO_RUN,RUN_SCORED,0.55362815
2025-10-05,pl2025100501,オリックス,2,0,1,0,RUN_SCORED,NO_RUN,0.34087178
2025-10-05,pl2025100501,オリックス,3,0,0,1,NO_RUN,RUN_SCORED,0.5463778
2025-10-05,pl2025100501,オリックス,4,0,0,0,NO_RUN,NO_RUN,0.35411796
2025-10-05,pl2025100501,オリックス,5,0,0,1,NO_RUN,RUN_SCORED,0.5356212
2025-10-05,pl2025100501,オリックス,6,0,0,1,NO_RUN,RUN_SCORED,0.62086946
2025-10-05,pl2025100501,オリックス,7,0,0,0,NO_RUN,NO_RUN,0.35019934
2025-10-05,pl2025100501,オリックス,8,0,0,1,NO_RUN,RUN_SCORED,0.5468756
2025-10-05,pl2025100501,オリックス,9,0,0,0,NO_RUN,NO_RUN,0.33652562
2025-10-05,pl2025100501,オリックス,10,0,0,1,NO_RUN,RUN_SCORED,0.5304308
2025-10-05,pl2025100501,オリックス,11,0,1,0,RUN_SCORED,NO_RUN,0.44573784
2025-10-05,pl2025100501,楽天,1,1,0,1,NO_RUN,RUN_SCORED,0.64429396
2025-10-05,pl2025100501,楽天,2,1,1,0,RUN_SCORED,NO_RUN,0.32341272
2025-10-05,pl2025100501,楽天,3,1,0,1,NO_RUN,RUN_SCORED,0.61111766
2025-10-05,pl2025100501,楽天,4,1,0,0,NO_RUN,NO_RUN,0.35846215
2025-10-05,pl2025100501,楽天,5,1,0,1,NO_RUN,RUN_SCORED,0.6655972
2025-10-05,pl2025100501,楽天,6,1,0,0,NO_RUN,NO_RUN,0.40806136
2025-10-05,pl2025100501,楽天,7,1,0,1,NO_RUN,RUN_SCORED,0.7688029
2025-10-05,pl2025100501,楽天,8,1,0,0,NO_RUN,NO_RUN,0.32838193
2025-10-05,pl2025100501,楽天,9,1,0,0,NO_RUN,NO_RUN,0.35306004
2025-10-05,pl2025100501,楽天,10,1,0,1,NO_RUN,RUN_SCORED,0.6435375
2025-10-05,pl2025100501,楽天,11,1,0,0,NO_RUN,NO_RUN,0.34799266
2025-10-05,pl2025100502,ソフトバンク,1,0,1,1,RUN_SCORED,RUN_SCORED,0.64540166
2025-10-05,pl2025100502,ソフトバンク,2,0,0,0,NO_RUN,NO_RUN,0.4095114
2025-10-05,pl2025100502,ソフトバンク,3,0,0,1,NO_RUN,RUN_SCORED,0.6651369
2025-10-05,pl2025100502,ソフトバンク,4,0,0,0,NO_RUN,NO_RUN,0.42041185
2025-10-05,pl2025100502,ソフトバンク,5,0,0,1,NO_RUN,RUN_SCORED,0.6724742
2025-10-05,pl2025100502,ソフトバンク,6,0,0,0,NO_RUN,NO_RUN,0.39966482
2025-10-05,pl2025100502,ソフトバンク,7,0,1,1,RUN_SCORED,RUN_SCORED,0.65565914
2025-10-05,pl2025100502,ソフトバンク,8,0,0,0,NO_RUN,NO_RUN,0.3594307
2025-10-05,pl2025100502,ソフトバンク,9,0,0,0,NO_RUN,NO_RUN,0.36306506
2025-10-05,pl2025100502,ロッテ,1,1,0,1,NO_RUN,RUN_SCORED,0.60946536
2025-10-05,pl2025100502,ロッテ,2,1,0,0,NO_RUN,NO_RUN,0.3017129
2025-10-05,pl2025100502,ロッテ,3,1,0,1,NO_RUN,RUN_SCORED,0.60946536
2025-10-05,pl2025100502,ロッテ,4,1,1,1,RUN_SCORED,RUN_SCORED,0.53968126
2025-10-05,pl2025100502,ロッテ,5,1,0,1,NO_RUN,RUN_SCORED,0.6662262
2025-10-05,pl2025100502,ロッテ,6,1,0,1,NO_RUN,RUN_SCORED,0.68897015
2025-10-05,pl2025100502,ロッテ,7,1,0,0,NO_RUN,NO_RUN,0.2847664
2025-10-05,pl2025100502,ロッテ,8,1,1,0,RUN_SCORED,NO_RUN,0.2745346
2025-10-05,pl2025100502,ロッテ,9,1,0,1,NO_RUN,RUN_SCORED,0.52255523
