true_id,pred_id,true_label,pred_label,prob_NO_RUN,prob_RUN_SCORED
0,0,NO_RUN,NO_RUN,0.8809857037271525,0.11901429627284749
0,0,NO_RUN,NO_RUN,0.6471390086205515,0.35286099137944843
0,0,NO_RUN,NO_RUN,0.6418319370868264,0.35816806291317355
0,0,NO_RUN,NO_RUN,0.6722936416015104,0.32770635839848966
1,0,RUN_SCORED,NO_RUN,0.57125871674373,0.42874128325627003
0,0,NO_RUN,NO_RUN,0.9562118378725809,0.04378816212741909
1,0,RUN_SCORED,NO_RUN,0.6791222640695529,0.3208777359304471
0,1,NO_RUN,RUN_SCORED,0.3412803428137662,0.6587196571862338
1,0,RUN_SCORED,NO_RUN,0.9881767312681019,0.011823268731898137
0,0,NO_RUN,NO_RUN,0.8823561196866743,0.11764388031332577
0,0,NO_RUN,NO_RUN,0.8551417673527035,0.14485823264729644
0,1,NO_RUN,RUN_SCORED,0.4868231130946239,0.5131768869053761
0,0,NO_RUN,NO_RUN,0.7777421891025853,0.22225781089741464
0,0,NO_RUN,NO_RUN,0.836886025295455,0.16311397470454503
1,0,RUN_SCORED,NO_RUN,0.9019240830892367,0.0980759169107633
0,0,NO_RUN,NO_RUN,0.8637734256633525,0.1362265743366475
0,0,NO_RUN,NO_RUN,0.9373244263176922,0.06267557368230783
0,0,NO_RUN,NO_RUN,0.7854587192245053,0.21454128077549478
0,1,NO_RUN,RUN_SCORED,0.2888156966990918,0.7111843033009082
0,1,NO_RUN,RUN_SCORED,0.2587283115112996,0.7412716884887004
0,0,NO_RUN,NO_RUN,0.5912705055136687,0.4087294944863314
0,0,NO_RUN,NO_RUN,0.7949675171447886,0.2050324828552114
0,0,NO_RUN,NO_RUN,0.5950374414286866,0.40496255857131336
0,1,NO_RUN,RUN_SCORED,0.34979277692739075,0.6502072230726093
0,0,NO_RUN,NO_RUN,0.5237761180011442,0.47622388199885574
0,0,NO_RUN,NO_RUN,0.5749059923866946,0.42509400761330535
0,1,NO_RUN,RUN_SCORED,0.363921323973905,0.636078676026095
1,0,RUN_SCORED,NO_RUN,0.9798583699687963,0.02014163003120373
0,1,NO_RUN,RUN_SCORED,0.481997540710573,0.518002459289427
0,1,NO_RUN,RUN_SCORED,0.25733426755554945,0.7426657324444506
0,1,NO_RUN,RUN_SCORED,0.38426636478738563,0.6157336352126144
1,1,RUN_SCORED,RUN_SCORED,0.24427322395824946,0.7557267760417505
0,0,NO_RUN,NO_RUN,0.9776506350082875,0.02234936499171247
1,0,RUN_SCORED,NO_RUN,0.5077231571735832,0.49227684282641676
0,0,NO_RUN,NO_RUN,0.5831626499471095,0.41683735005289047
0,0,NO_RUN,NO_RUN,0.897785989052325,0.10221401094767502
0,1,NO_RUN,RUN_SCORED,0.30034196981789607,0.6996580301821039
0,0,NO_RUN,NO_RUN,0.9819913172754152,0.018008682724584738
1,1,RUN_SCORED,RUN_SCORED,0.3775567897811495,0.6224432102188505
0,0,NO_RUN,NO_RUN,0.7446354137784924,0.2553645862215076
0,0,NO_RUN,NO_RUN,0.5615012660948172,0.4384987339051828
0,0,NO_RUN,NO_RUN,0.7532926390877547,0.24670736091224532
1,1,RUN_SCORED,RUN_SCORED,0.4722740861338859,0.5277259138661141
1,0,RUN_SCORED,NO_RUN,0.752836601448596,0.247163398551404
0,0,NO_RUN,NO_RUN,0.8459996458229166,0.15400035417708338
0,0,NO_RUN,NO_RUN,0.9001730989731436,0.09982690102685644
0,0,NO_RUN,NO_RUN,0.9039864983418057,0.09601350165819435
0,0,NO_RUN,NO_RUN,0.8657125860561774,0.1342874139438226
1,0,RUN_SCORED,NO_RUN,0.6001376862743433,0.3998623137256568
0,1,NO_RUN,RUN_SCORED,0.24249674504586194,0.7575032549541381
1,0,RUN_SCORED,NO_RUN,0.7582491113419139,0.2417508886580862
0,0,NO_RUN,NO_RUN,0.6566912664610155,0.3433087335389845
0,1,NO_RUN,RUN_SCORED,0.45848678916861174,0.5415132108313883
0,0,NO_RUN,NO_RUN,0.81668605272179,0.18331394727821004
1,0,RUN_SCORED,NO_RUN,0.5623245476592705,0.43767545234072947
0,0,NO_RUN,NO_RUN,0.9206330369608335,0.0793669630391665
0,0,NO_RUN,NO_RUN,0.6690399587002005,0.33096004129979956
0,0,NO_RUN,NO_RUN,0.6426219027991409,0.3573780972008591
0,0,NO_RUN,NO_RUN,0.6849712609334082,0.3150287390665918
0,0,NO_RUN,NO_RUN,0.943695741593156,0.05630425840684403
0,1,NO_RUN,RUN_SCORED,0.36037197286932365,0.6396280271306763
0,0,NO_RUN,NO_RUN,0.8475821264406134,0.15241787355938669
0,1,NO_RUN,RUN_SCORED,0.33406229029632784,0.6659377097036722
0,0,NO_RUN,NO_RUN,0.8010533554201005,0.19894664457989955
0,0,NO_RUN,NO_RUN,0.8849553740335218,0.11504462596647827
0,1,NO_RUN,RUN_SCORED,0.23308823173286985,0.7669117682671301
1,0,RUN_SCORED,NO_RUN,0.8003795138840857,0.19962048611591438
1,0,RUN_SCORED,NO_RUN,0.5391341538318746,0.4608658461681254
1,0,RUN_SCORED,NO_RUN,0.674638271176816,0.3253617288231841
0,1,NO_RUN,RUN_SCORED,0.2537429558890646,0.7462570441109354
0,0,NO_RUN,NO_RUN,0.6956058481505965,0.3043941518494036
0,1,NO_RUN,RUN_SCORED,0.24864723701793667,0.7513527629820633
0,0,NO_RUN,NO_RUN,0.8173301817078837,0.1826698182921162
0,0,NO_RUN,NO_RUN,0.661528855610203,0.33847114438979703
1,1,RUN_SCORED,RUN_SCORED,0.28340684951648376,0.7165931504835162
0,1,NO_RUN,RUN_SCORED,0.3465167079341661,0.6534832920658339
1,1,RUN_SCORED,RUN_SCORED,0.29939116684107947,0.7006088331589205
0,0,NO_RUN,NO_RUN,0.6057265806263791,0.3942734193736209
0,1,NO_RUN,RUN_SCORED,0.38381393618223136,0.6161860638177686
1,0,RUN_SCORED,NO_RUN,0.9820389022952098,0.017961097704790176
1,1,RUN_SCORED,RUN_SCORED,0.3779429483189858,0.6220570516810142
0,0,NO_RUN,NO_RUN,0.6259842891064117,0.3740157108935883
0,0,NO_RUN,NO_RUN,0.8645372116747853,0.13546278832521477
0,0,NO_RUN,NO_RUN,0.9898616870708706,0.010138312929129313
0,1,NO_RUN,RUN_SCORED,0.40705548289749494,0.5929445171025051
0,1,NO_RUN,RUN_SCORED,0.4970965705159892,0.5029034294840108
1,0,RUN_SCORED,NO_RUN,0.9571150556575767,0.042884944342423306
0,0,NO_RUN,NO_RUN,0.9555885182037603,0.04441148179623971
0,0,NO_RUN,NO_RUN,0.8168895207517226,0.1831104792482774
0,1,NO_RUN,RUN_SCORED,0.4270452673127385,0.5729547326872615
0,0,NO_RUN,NO_RUN,0.6477951313304635,0.35220486866953654
1,0,RUN_SCORED,NO_RUN,0.6481864345068963,0.3518135654931037
0,1,NO_RUN,RUN_SCORED,0.4783691468847334,0.5216308531152666
1,1,RUN_SCORED,RUN_SCORED,0.4670222247617102,0.5329777752382898
1,0,RUN_SCORED,NO_RUN,0.6207945932273145,0.3792054067726856
1,1,RUN_SCORED,RUN_SCORED,0.26497480043081,0.73502519956919
1,0,RUN_SCORED,NO_RUN,0.6986520616348653,0.30134793836513474
1,0,RUN_SCORED,NO_RUN,0.6049987447280867,0.3950012552719133
0,0,NO_RUN,NO_RUN,0.7622813825089677,0.2377186174910323
0,0,NO_RUN,NO_RUN,0.7247106720045258,0.27528932799547423
0,0,NO_RUN,NO_RUN,0.5361568219238495,0.46384317807615044
1,0,RUN_SCORED,NO_RUN,0.6372782244326358,0.3627217755673642
0,0,NO_RUN,NO_RUN,0.716079181956719,0.28392081804328095
1,0,RUN_SCORED,NO_RUN,0.8795481022149811,0.12045189778501884
1,0,RUN_SCORED,NO_RUN,0.7960709362481749,0.20392906375182507
0,0,NO_RUN,NO_RUN,0.8580271244296749,0.14197287557032506
0,1,NO_RUN,RUN_SCORED,0.4596631978932917,0.5403368021067083
0,1,NO_RUN,RUN_SCORED,0.41627670756426904,0.583723292435731
0,0,NO_RUN,NO_RUN,0.9903468866082037,0.009653113391796328
0,0,NO_RUN,NO_RUN,0.9104778077353667,0.08952219226463332
1,0,RUN_SCORED,NO_RUN,0.5851463539023822,0.4148536460976178
1,0,RUN_SCORED,NO_RUN,0.5357374118327245,0.4642625881672755
0,0,NO_RUN,NO_RUN,0.6994351224901834,0.3005648775098166
0,0,NO_RUN,NO_RUN,0.6945996968591834,0.3054003031408165
0,0,NO_RUN,NO_RUN,0.9424755426407849,0.05752445735921504
0,0,NO_RUN,NO_RUN,0.7182522586158727,0.2817477413841273
0,0,NO_RUN,NO_RUN,0.7802405205736082,0.21975947942639187
0,0,NO_RUN,NO_RUN,0.8431019102554498,0.15689808974455016
0,0,NO_RUN,NO_RUN,0.924387882886677,0.0756121171133231
0,0,NO_RUN,NO_RUN,0.8454898949813585,0.15451010501864154
0,0,NO_RUN,NO_RUN,0.7894503244383868,0.21054967556161316
0,0,NO_RUN,NO_RUN,0.5268143404946095,0.4731856595053905
0,0,NO_RUN,NO_RUN,0.8971790945197685,0.1028209054802315
0,0,NO_RUN,NO_RUN,0.842002609733236,0.157997390266764
0,0,NO_RUN,NO_RUN,0.5609019766760612,0.43909802332393877
1,1,RUN_SCORED,RUN_SCORED,0.49866283596691163,0.5013371640330884
0,1,NO_RUN,RUN_SCORED,0.3472354107888732,0.6527645892111268
0,0,NO_RUN,NO_RUN,0.9256783862241631,0.07432161377583696
1,1,RUN_SCORED,RUN_SCORED,0.31930664445255375,0.6806933555474463
0,0,NO_RUN,NO_RUN,0.7843019684537932,0.2156980315462068
0,1,NO_RUN,RUN_SCORED,0.3822306936179799,0.6177693063820201
0,0,NO_RUN,NO_RUN,0.6519046210505967,0.34809537894940334
0,0,NO_RUN,NO_RUN,0.5097705986351402,0.49022940136485976
1,1,RUN_SCORED,RUN_SCORED,0.47226075064948414,0.5277392493505159
0,0,NO_RUN,NO_RUN,0.619300535589483,0.38069946441051705
1,0,RUN_SCORED,NO_RUN,0.6386311205931157,0.36136887940688434
0,0,NO_RUN,NO_RUN,0.593125542212166,0.40687445778783404
0,0,NO_RUN,NO_RUN,0.8257669557369318,0.17423304426306815
0,0,NO_RUN,NO_RUN,0.698979777957548,0.3010202220424521
0,0,NO_RUN,NO_RUN,0.7718044207862981,0.2281955792137019
0,0,NO_RUN,NO_RUN,0.9505249780806306,0.04947502191936939
0,0,NO_RUN,NO_RUN,0.6590353359175198,0.3409646640824801
0,0,NO_RUN,NO_RUN,0.8504802657299242,0.14951973427007584
0,0,NO_RUN,NO_RUN,0.5401227670915076,0.4598772329084923
0,0,NO_RUN,NO_RUN,0.5830896009492536,0.41691039905074645
1,1,RUN_SCORED,RUN_SCORED,0.45451720570102083,0.5454827942989792
0,0,NO_RUN,NO_RUN,0.978436193734566,0.021563806265433923
0,1,NO_RUN,RUN_SCORED,0.4772538325751271,0.5227461674248729
1,0,RUN_SCORED,NO_RUN,0.6193618614670737,0.3806381385329263
1,1,RUN_SCORED,RUN_SCORED,0.45095359460973206,0.5490464053902679
0,0,NO_RUN,NO_RUN,0.9641213299067425,0.03587867009325754
0,0,NO_RUN,NO_RUN,0.6244019963839442,0.3755980036160557
0,0,NO_RUN,NO_RUN,0.6255261871981725,0.37447381280182745
0,0,NO_RUN,NO_RUN,0.5774344381894857,0.4225655618105143
0,0,NO_RUN,NO_RUN,0.7864321332864539,0.2135678667135461
0,1,NO_RUN,RUN_SCORED,0.42260191402525626,0.5773980859747437
0,1,NO_RUN,RUN_SCORED,0.4484389627516512,0.5515610372483488
0,0,NO_RUN,NO_RUN,0.8836522581749529,0.11634774182504709
0,0,NO_RUN,NO_RUN,0.6897519269439796,0.3102480730560205
0,0,NO_RUN,NO_RUN,0.9803499323576776,0.0196500676423223
0,0,NO_RUN,NO_RUN,0.7662391532394923,0.23376084676050768
0,0,NO_RUN,NO_RUN,0.7509611139645147,0.2490388860354853
0,0,NO_RUN,NO_RUN,0.7358910148681752,0.26410898513182474
0,0,NO_RUN,NO_RUN,0.5529431157498064,0.4470568842501936
0,0,NO_RUN,NO_RUN,0.9701975759361041,0.029802424063895865
0,0,NO_RUN,NO_RUN,0.7289966924586389,0.2710033075413611
0,0,NO_RUN,NO_RUN,0.9090057486641014,0.09099425133589861
0,0,NO_RUN,NO_RUN,0.7046805245057755,0.2953194754942245
0,0,NO_RUN,NO_RUN,0.9682287553814436,0.03177124461855637
0,0,NO_RUN,NO_RUN,0.8423959236568164,0.15760407634318357
0,0,NO_RUN,NO_RUN,0.5094814337312437,0.49051856626875634
0,1,NO_RUN,RUN_SCORED,0.4418665982144423,0.5581334017855577
0,0,NO_RUN,NO_RUN,0.5284834734792911,0.47151652652070886
1,0,RUN_SCORED,NO_RUN,0.6054955973244875,0.3945044026755125
1,0,RUN_SCORED,NO_RUN,0.9279339007850361,0.0720660992149639
0,1,NO_RUN,RUN_SCORED,0.48271281612937245,0.5172871838706276
0,0,NO_RUN,NO_RUN,0.9585900508135298,0.04140994918647028
0,0,NO_RUN,NO_RUN,0.6641940642975523,0.33580593570244766
1,1,RUN_SCORED,RUN_SCORED,0.25083529916543723,0.7491647008345628
0,0,NO_RUN,NO_RUN,0.7779452695041548,0.22205473049584523
0,1,NO_RUN,RUN_SCORED,0.2520327012147128,0.7479672987852872
0,0,NO_RUN,NO_RUN,0.7963872284508458,0.2036127715491543
0,0,NO_RUN,NO_RUN,0.9026572166292075,0.09734278337079251
1,1,RUN_SCORED,RUN_SCORED,0.47687799393100294,0.5231220060689971
0,0,NO_RUN,NO_RUN,0.911178538759931,0.08882146124006896
0,0,NO_RUN,NO_RUN,0.9727031499766093,0.02729685002339061
0,0,NO_RUN,NO_RUN,0.6803816354844836,0.31961836451551634
1,1,RUN_SCORED,RUN_SCORED,0.39745158669229474,0.6025484133077053
0,0,NO_RUN,NO_RUN,0.8403990202044537,0.15960097979554633
1,0,RUN_SCORED,NO_RUN,0.6950847649339793,0.3049152350660207
0,1,NO_RUN,RUN_SCORED,0.4809793255624939,0.5190206744375061
1,1,RUN_SCORED,RUN_SCORED,0.41077463427102334,0.5892253657289767
0,0,NO_RUN,NO_RUN,0.6016150899377586,0.3983849100622414
0,0,NO_RUN,NO_RUN,0.5489593959325585,0.45104060406744145
0,1,NO_RUN,RUN_SCORED,0.3478924356678832,0.6521075643321168
0,1,NO_RUN,RUN_SCORED,0.22031138512267368,0.7796886148773263
0,0,NO_RUN,NO_RUN,0.9844142114535982,0.01558578854640175
0,0,NO_RUN,NO_RUN,0.9049122252393913,0.09508777476060865
0,0,NO_RUN,NO_RUN,0.6005100453869028,0.39948995461309716
1,1,RUN_SCORED,RUN_SCORED,0.48929442879079,0.51070557120921
0,0,NO_RUN,NO_RUN,0.5526989438391492,0.44730105616085086
0,0,NO_RUN,NO_RUN,0.6296670440808707,0.37033295591912935
0,0,NO_RUN,NO_RUN,0.6621460269834628,0.3378539730165372
0,0,NO_RUN,NO_RUN,0.5273171742108183,0.4726828257891818
0,0,NO_RUN,NO_RUN,0.9931727771349608,0.006827222865039249
1,0,RUN_SCORED,NO_RUN,0.8236383710159689,0.17636162898403102
0,0,NO_RUN,NO_RUN,0.7353838981788832,0.26461610182111683
0,0,NO_RUN,NO_RUN,0.6316086439711336,0.3683913560288664
0,0,NO_RUN,NO_RUN,0.6223534329328556,0.3776465670671444
0,0,NO_RUN,NO_RUN,0.5276573167057919,0.4723426832942082
1,0,RUN_SCORED,NO_RUN,0.5710217347172006,0.42897826528279936
0,0,NO_RUN,NO_RUN,0.8064943410014422,0.19350565899855773
1,0,RUN_SCORED,NO_RUN,0.9879399088922112,0.012060091107788789
1,0,RUN_SCORED,NO_RUN,0.6681534292106313,0.3318465707893687
0,1,NO_RUN,RUN_SCORED,0.44801365194555254,0.5519863480544475
1,0,RUN_SCORED,NO_RUN,0.8657779687003053,0.13422203129969473
0,0,NO_RUN,NO_RUN,0.796513153412052,0.20348684658794802
0,1,NO_RUN,RUN_SCORED,0.3154645796371419,0.6845354203628581
0,1,NO_RUN,RUN_SCORED,0.42395710434577816,0.5760428956542218
1,0,RUN_SCORED,NO_RUN,0.8670260837149636,0.13297391628503638
0,0,NO_RUN,NO_RUN,0.8861047366093157,0.1138952633906843
1,1,RUN_SCORED,RUN_SCORED,0.3645912216562305,0.6354087783437695
0,0,NO_RUN,NO_RUN,0.7692533907183088,0.23074660928169127
0,0,NO_RUN,NO_RUN,0.9008313418829822,0.09916865811701785
0,0,NO_RUN,NO_RUN,0.5786378697315266,0.42136213026847336
0,0,NO_RUN,NO_RUN,0.5017482873094202,0.4982517126905798
0,1,NO_RUN,RUN_SCORED,0.29908190360611353,0.7009180963938865
0,1,NO_RUN,RUN_SCORED,0.28910389952846094,0.7108961004715391
1,1,RUN_SCORED,RUN_SCORED,0.1919857185860111,0.8080142814139889
0,1,NO_RUN,RUN_SCORED,0.3365492884393467,0.6634507115606533
0,1,NO_RUN,RUN_SCORED,0.473264732852547,0.526735267147453
0,1,NO_RUN,RUN_SCORED,0.4149950534657938,0.5850049465342062
0,0,NO_RUN,NO_RUN,0.7951903135407996,0.2048096864592004
0,0,NO_RUN,NO_RUN,0.7665220788570555,0.23347792114294455
1,1,RUN_SCORED,RUN_SCORED,0.4452834445622137,0.5547165554377863
0,1,NO_RUN,RUN_SCORED,0.2820827209852156,0.7179172790147844
0,0,NO_RUN,NO_RUN,0.8490212633415726,0.15097873665842743
1,0,RUN_SCORED,NO_RUN,0.8011818768273369,0.19881812317266317
0,1,NO_RUN,RUN_SCORED,0.32632350679797384,0.6736764932020262
1,0,RUN_SCORED,NO_RUN,0.8398615313957468,0.16013846860425315
0,1,NO_RUN,RUN_SCORED,0.49152330661270816,0.5084766933872918
0,0,NO_RUN,NO_RUN,0.8725669206278762,0.1274330793721238
0,0,NO_RUN,NO_RUN,0.6967564100681437,0.3032435899318563
0,0,NO_RUN,NO_RUN,0.9529221945142358,0.04707780548576427
0,0,NO_RUN,NO_RUN,0.5275527054706544,0.4724472945293457
1,1,RUN_SCORED,RUN_SCORED,0.488007209996692,0.511992790003308
0,0,NO_RUN,NO_RUN,0.8869163637177819,0.11308363628221808
0,0,NO_RUN,NO_RUN,0.8619733627428449,0.1380266372571551
0,1,NO_RUN,RUN_SCORED,0.48570610522242397,0.514293894777576
0,1,NO_RUN,RUN_SCORED,0.32002345831042867,0.6799765416895713
0,1,NO_RUN,RUN_SCORED,0.21952971068331129,0.7804702893166887
0,0,NO_RUN,NO_RUN,0.6605105269783542,0.33948947302164584
1,1,RUN_SCORED,RUN_SCORED,0.25998562639876266,0.7400143736012373
0,0,NO_RUN,NO_RUN,0.7381666449760582,0.26183335502394184
0,0,NO_RUN,NO_RUN,0.7670708822236897,0.23292911777631034
0,0,NO_RUN,NO_RUN,0.7296695867143499,0.2703304132856501
1,1,RUN_SCORED,RUN_SCORED,0.27058796383689754,0.7294120361631025
0,0,NO_RUN,NO_RUN,0.8061729845957503,0.19382701540424974
0,1,NO_RUN,RUN_SCORED,0.27802026134379676,0.7219797386562032
0,1,NO_RUN,RUN_SCORED,0.33199967270086406,0.6680003272991359
0,0,NO_RUN,NO_RUN,0.8014264192253133,0.1985735807746867
0,0,NO_RUN,NO_RUN,0.9739076538925053,0.026092346107494706
0,1,NO_RUN,RUN_SCORED,0.4727222068548873,0.5272777931451127
0,0,NO_RUN,NO_RUN,0.5024163212731166,0.49758367872688336
1,1,RUN_SCORED,RUN_SCORED,0.2039776216449919,0.7960223783550081
0,1,NO_RUN,RUN_SCORED,0.40521676790459393,0.5947832320954061
1,1,RUN_SCORED,RUN_SCORED,0.3432849747617308,0.6567150252382692
1,0,RUN_SCORED,NO_RUN,0.59747389851263,0.40252610148737
0,1,NO_RUN,RUN_SCORED,0.46715680238432356,0.5328431976156764
0,1,NO_RUN,RUN_SCORED,0.22029027522155942,0.7797097247784406
0,0,NO_RUN,NO_RUN,0.8154766607817094,0.18452333921829062
0,0,NO_RUN,NO_RUN,0.8845450375893155,0.11545496241068458
0,1,NO_RUN,RUN_SCORED,0.22963237594223418,0.7703676240577658
0,1,NO_RUN,RUN_SCORED,0.4977207953827386,0.5022792046172614
1,1,RUN_SCORED,RUN_SCORED,0.29726975853850435,0.7027302414614957
0,1,NO_RUN,RUN_SCORED,0.3183826076968186,0.6816173923031814
0,0,NO_RUN,NO_RUN,0.9044670480961461,0.09553295190385387
1,0,RUN_SCORED,NO_RUN,0.5092429444221787,0.4907570555778214
0,0,NO_RUN,NO_RUN,0.6086596023065901,0.3913403976934099
0,1,NO_RUN,RUN_SCORED,0.4946572480861612,0.5053427519138388
0,1,NO_RUN,RUN_SCORED,0.38469201348055704,0.615307986519443
0,0,NO_RUN,NO_RUN,0.5388949656312014,0.4611050343687986
0,0,NO_RUN,NO_RUN,0.7816224460612271,0.21837755393877295
1,1,RUN_SCORED,RUN_SCORED,0.34125256362246636,0.6587474363775336
0,1,NO_RUN,RUN_SCORED,0.2741543592738095,0.7258456407261905
0,0,NO_RUN,NO_RUN,0.7347190572760178,0.2652809427239821
0,0,NO_RUN,NO_RUN,0.6388231303070041,0.3611768696929959
0,0,NO_RUN,NO_RUN,0.9233827084342591,0.07661729156574096
1,0,RUN_SCORED,NO_RUN,0.8949496476186259,0.10505035238137407
0,0,NO_RUN,NO_RUN,0.9365557812274107,0.0634442187725893
0,0,NO_RUN,NO_RUN,0.8152418708566465,0.18475812914335354
1,0,RUN_SCORED,NO_RUN,0.8965209802939951,0.10347901970600493
0,0,NO_RUN,NO_RUN,0.5726592650898975,0.4273407349101025
0,0,NO_RUN,NO_RUN,0.7556668647191337,0.24433313528086634
1,0,RUN_SCORED,NO_RUN,0.5353020883958763,0.4646979116041236
0,0,NO_RUN,NO_RUN,0.8197164005672318,0.1802835994327682
0,0,NO_RUN,NO_RUN,0.5331817546013438,0.4668182453986563
0,0,NO_RUN,NO_RUN,0.8291086545334218,0.17089134546657825
0,0,NO_RUN,NO_RUN,0.7301126113471098,0.2698873886528902
0,0,NO_RUN,NO_RUN,0.9768765856966534,0.023123414303346662
1,0,RUN_SCORED,NO_RUN,0.5842374007305334,0.41576259926946657
0,0,NO_RUN,NO_RUN,0.9668286645865962,0.033171335413403724
0,0,NO_RUN,NO_RUN,0.9067464449910455,0.09325355500895452
0,0,NO_RUN,NO_RUN,0.9817520663192973,0.018247933680702644
0,0,NO_RUN,NO_RUN,0.5369902227825086,0.46300977721749137
0,0,NO_RUN,NO_RUN,0.8790382766440629,0.12096172335593715
0,0,NO_RUN,NO_RUN,0.9623024209883064,0.03769757901169363
0,0,NO_RUN,NO_RUN,0.5458049078511878,0.45419509214881215
0,1,NO_RUN,RUN_SCORED,0.4783220024979128,0.5216779975020872
1,0,RUN_SCORED,NO_RUN,0.5482347317556606,0.4517652682443393
0,1,NO_RUN,RUN_SCORED,0.4441685212672567,0.5558314787327433
0,0,NO_RUN,NO_RUN,0.8065566972151237,0.19344330278487634
0,0,NO_RUN,NO_RUN,0.5842681365230729,0.4157318634769271
0,1,NO_RUN,RUN_SCORED,0.2155427212580293,0.7844572787419707
0,1,NO_RUN,RUN_SCORED,0.32971075061529254,0.6702892493847075
0,0,NO_RUN,NO_RUN,0.5916169933745157,0.40838300662548427
0,1,NO_RUN,RUN_SCORED,0.2776868556396803,0.7223131443603197
0,1,NO_RUN,RUN_SCORED,0.33090197004448296,0.669098029955517
0,0,NO_RUN,NO_RUN,0.968060813445934,0.03193918655406601
0,1,NO_RUN,RUN_SCORED,0.34417809179911407,0.6558219082008859
0,1,NO_RUN,RUN_SCORED,0.1923291332195498,0.8076708667804502
0,1,NO_RUN,RUN_SCORED,0.4354792733209901,0.5645207266790099
0,0,NO_RUN,NO_RUN,0.732119494142893,0.26788050585710693
0,0,NO_RUN,NO_RUN,0.7215846310967318,0.27841536890326823
0,0,NO_RUN,NO_RUN,0.8112840670444837,0.18871593295551625
0,0,NO_RUN,NO_RUN,0.6053284364821245,0.39467156351787547
0,1,NO_RUN,RUN_SCORED,0.45136643273039945,0.5486335672696006
0,0,NO_RUN,NO_RUN,0.7183175763781839,0.281682423621816
0,0,NO_RUN,NO_RUN,0.5147673310737881,0.4852326689262119
0,0,NO_RUN,NO_RUN,0.9864433082146209,0.013556691785379129
0,0,NO_RUN,NO_RUN,0.5303317761345783,0.4696682238654217
0,1,NO_RUN,RUN_SCORED,0.4910606006580136,0.5089393993419864
0,0,NO_RUN,NO_RUN,0.6277460480531027,0.3722539519468972
0,1,NO_RUN,RUN_SCORED,0.23634656993022585,0.7636534300697742
0,0,NO_RUN,NO_RUN,0.5181100933650813,0.48188990663491865
0,0,NO_RUN,NO_RUN,0.8687929462854705,0.13120705371452948
0,1,NO_RUN,RUN_SCORED,0.4006427751991727,0.5993572248008273
0,1,NO_RUN,RUN_SCORED,0.35068047224523924,0.6493195277547608
0,0,NO_RUN,NO_RUN,0.8266198119702801,0.1733801880297199
0,0,NO_RUN,NO_RUN,0.7560176882194769,0.24398231178052307
0,0,NO_RUN,NO_RUN,0.8291357838228994,0.17086421617710054
0,0,NO_RUN,NO_RUN,0.6326215995586015,0.36737840044139847
0,1,NO_RUN,RUN_SCORED,0.3528572393539121,0.6471427606460879
0,0,NO_RUN,NO_RUN,0.9728432498425488,0.02715675015745127
0,0,NO_RUN,NO_RUN,0.5662677977364168,0.4337322022635832
1,1,RUN_SCORED,RUN_SCORED,0.27179244358647137,0.7282075564135286
0,0,NO_RUN,NO_RUN,0.9053839622360554,0.09461603776394452
1,1,RUN_SCORED,RUN_SCORED,0.27809878967427915,0.7219012103257209
0,0,NO_RUN,NO_RUN,0.5051664111599619,0.49483358884003814
0,1,NO_RUN,RUN_SCORED,0.37383582435561524,0.6261641756443848
0,1,NO_RUN,RUN_SCORED,0.4160630550282054,0.5839369449717946
0,0,NO_RUN,NO_RUN,0.9736729460799635,0.026327053920036498
0,1,NO_RUN,RUN_SCORED,0.37995546262037094,0.6200445373796291
0,1,NO_RUN,RUN_SCORED,0.18736919100167004,0.81263080899833
0,1,NO_RUN,RUN_SCORED,0.45559977966769827,0.5444002203323017
0,0,NO_RUN,NO_RUN,0.732063984854944,0.267936015145056
0,1,NO_RUN,RUN_SCORED,0.4769167683884801,0.5230832316115199
1,0,RUN_SCORED,NO_RUN,0.8493449144771602,0.15065508552283982
0,1,NO_RUN,RUN_SCORED,0.45101877897840026,0.5489812210215997
1,0,RUN_SCORED,NO_RUN,0.7168188079592406,0.2831811920407595
0,1,NO_RUN,RUN_SCORED,0.15571118123681216,0.8442888187631878
0,0,NO_RUN,NO_RUN,0.7557158154487675,0.2442841845512324
0,1,NO_RUN,RUN_SCORED,0.3508710218008412,0.6491289781991588
0,0,NO_RUN,NO_RUN,0.9470335193493593,0.05296648065064074
0,0,NO_RUN,NO_RUN,0.9807301633995174,0.01926983660048265
0,1,NO_RUN,RUN_SCORED,0.432080581188509,0.567919418811491
1,1,RUN_SCORED,RUN_SCORED,0.14538485704150428,0.8546151429584957
0,1,NO_RUN,RUN_SCORED,0.40504152297757157,0.5949584770224284
0,1,NO_RUN,RUN_SCORED,0.3734507238699868,0.6265492761300132
0,1,NO_RUN,RUN_SCORED,0.38252475625519844,0.6174752437448016
0,1,NO_RUN,RUN_SCORED,0.3698766326385816,0.6301233673614184
0,1,NO_RUN,RUN_SCORED,0.4465219276803457,0.5534780723196543
0,0,NO_RUN,NO_RUN,0.886522763302084,0.11347723669791597
0,0,NO_RUN,NO_RUN,0.6695788988362146,0.3304211011637855
0,0,NO_RUN,NO_RUN,0.9403835971188502,0.05961640288114974
0,0,NO_RUN,NO_RUN,0.789809082031623,0.21019091796837697
1,0,RUN_SCORED,NO_RUN,0.8534437186577374,0.1465562813422626
0,0,NO_RUN,NO_RUN,0.6264793462397433,0.3735206537602567
0,0,NO_RUN,NO_RUN,0.6658349142607556,0.33416508573924447
0,0,NO_RUN,NO_RUN,0.9148455967107149,0.08515440328928514
1,0,RUN_SCORED,NO_RUN,0.8916774452300766,0.10832255476992336
0,0,NO_RUN,NO_RUN,0.8336671518987168,0.16633284810128324
0,0,NO_RUN,NO_RUN,0.607205030142824,0.39279496985717605
0,0,NO_RUN,NO_RUN,0.8426722104574926,0.1573277895425074
0,0,NO_RUN,NO_RUN,0.8777490965331711,0.12225090346682892
1,1,RUN_SCORED,RUN_SCORED,0.45174998057866866,0.5482500194213313
0,1,NO_RUN,RUN_SCORED,0.28369978460436784,0.7163002153956322
0,0,NO_RUN,NO_RUN,0.6118317405061008,0.3881682594938992
1,0,RUN_SCORED,NO_RUN,0.5121547375725801,0.4878452624274199
0,0,NO_RUN,NO_RUN,0.7014045175392918,0.2985954824607083
0,0,NO_RUN,NO_RUN,0.9598729342823322,0.04012706571766783
1,0,RUN_SCORED,NO_RUN,0.8556281394503311,0.14437186054966888
0,0,NO_RUN,NO_RUN,0.8961509757351689,0.1038490242648311
0,1,NO_RUN,RUN_SCORED,0.4179648944481785,0.5820351055518215
0,0,NO_RUN,NO_RUN,0.9323657877397997,0.06763421226020025
0,0,NO_RUN,NO_RUN,0.8276171863783848,0.1723828136216152
0,0,NO_RUN,NO_RUN,0.8116754093377889,0.18832459066221113
0,1,NO_RUN,RUN_SCORED,0.42071380562676186,0.5792861943732381
0,0,NO_RUN,NO_RUN,0.6777650683444838,0.3222349316555162
0,0,NO_RUN,NO_RUN,0.6543375000370554,0.3456624999629446
0,0,NO_RUN,NO_RUN,0.9215978138998578,0.07840218610014216
0,0,NO_RUN,NO_RUN,0.9663363506151582,0.0336636493848418
0,0,NO_RUN,NO_RUN,0.7793128695800786,0.22068713041992136
0,0,NO_RUN,NO_RUN,0.9941770830246683,0.005822916975331672
0,1,NO_RUN,RUN_SCORED,0.40071898018438834,0.5992810198156117
0,0,NO_RUN,NO_RUN,0.8348971718250106,0.16510282817498947
0,0,NO_RUN,NO_RUN,0.7503093276872949,0.24969067231270511
0,0,NO_RUN,NO_RUN,0.7461585367419628,0.2538414632580372
1,1,RUN_SCORED,RUN_SCORED,0.41805076287583187,0.5819492371241681
0,0,NO_RUN,NO_RUN,0.8118221381986868,0.18817786180131327
0,0,NO_RUN,NO_RUN,0.8498601270239777,0.15013987297602224
0,0,NO_RUN,NO_RUN,0.9883998973052269,0.011600102694773113
0,0,NO_RUN,NO_RUN,0.5799300964605643,0.42006990353943574
0,1,NO_RUN,RUN_SCORED,0.17962893899576604,0.820371061004234
0,0,NO_RUN,NO_RUN,0.6098856680976764,0.3901143319023236
0,0,NO_RUN,NO_RUN,0.9028706495420011,0.09712935045799884
1,0,RUN_SCORED,NO_RUN,0.8141649623081915,0.18583503769180856
0,0,NO_RUN,NO_RUN,0.6856211456733621,0.3143788543266379
0,0,NO_RUN,NO_RUN,0.7513771833430787,0.24862281665692137
0,0,NO_RUN,NO_RUN,0.6690378358392033,0.33096216416079677
1,0,RUN_SCORED,NO_RUN,0.7642673884318362,0.23573261156816386
1,0,RUN_SCORED,NO_RUN,0.8026313561145562,0.1973686438854438
1,1,RUN_SCORED,RUN_SCORED,0.46023572745663577,0.5397642725433642
0,0,NO_RUN,NO_RUN,0.9122635460760685,0.08773645392393149
0,0,NO_RUN,NO_RUN,0.8261493003200159,0.17385069967998412
0,0,NO_RUN,NO_RUN,0.9516054182643167,0.04839458173568336
0,0,NO_RUN,NO_RUN,0.704844444059867,0.295155555940133
0,0,NO_RUN,NO_RUN,0.9379560529976425,0.06204394700235744
0,0,NO_RUN,NO_RUN,0.9854692440798395,0.014530755920160463
0,0,NO_RUN,NO_RUN,0.8406793855689091,0.15932061443109094
0,1,NO_RUN,RUN_SCORED,0.32013329730702844,0.6798667026929716
0,0,NO_RUN,NO_RUN,0.6316367146447155,0.3683632853552845
0,1,NO_RUN,RUN_SCORED,0.2183687497882777,0.7816312502117223
0,0,NO_RUN,NO_RUN,0.7044042228789957,0.2955957771210043
0,0,NO_RUN,NO_RUN,0.8777880822264171,0.12221191777358284
0,1,NO_RUN,RUN_SCORED,0.4515724540367215,0.5484275459632785
0,1,NO_RUN,RUN_SCORED,0.41111577903251706,0.5888842209674829
0,0,NO_RUN,NO_RUN,0.8563281627987709,0.14367183720122909
0,0,NO_RUN,NO_RUN,0.8803419955259167,0.11965800447408324
0,0,NO_RUN,NO_RUN,0.5956398057217562,0.40436019427824377
1,1,RUN_SCORED,RUN_SCORED,0.41225435693231605,0.587745643067684
0,0,NO_RUN,NO_RUN,0.9041231201986469,0.09587687980135304
0,0,NO_RUN,NO_RUN,0.7898639080382545,0.21013609196174554
0,0,NO_RUN,NO_RUN,0.7007990272515512,0.29920097274844887
1,1,RUN_SCORED,RUN_SCORED,0.30806064798991817,0.6919393520100818
0,1,NO_RUN,RUN_SCORED,0.30708818369357227,0.6929118163064277
0,0,NO_RUN,NO_RUN,0.693275348141007,0.30672465185899295
0,0,NO_RUN,NO_RUN,0.9410575366016438,0.058942463398356224
0,1,NO_RUN,RUN_SCORED,0.30485219275428055,0.6951478072457195
0,0,NO_RUN,NO_RUN,0.9805975309435492,0.019402469056450773
0,0,NO_RUN,NO_RUN,0.5063035962101576,0.4936964037898423
0,0,NO_RUN,NO_RUN,0.5742081028854502,0.42579189711454984
0,0,NO_RUN,NO_RUN,0.789074206662953,0.21092579333704695
0,1,NO_RUN,RUN_SCORED,0.3581799173958121,0.6418200826041879
0,1,NO_RUN,RUN_SCORED,0.43739758664278106,0.562602413357219
0,0,NO_RUN,NO_RUN,0.9858501907218017,0.014149809278198332
1,0,RUN_SCORED,NO_RUN,0.8885497333039557,0.11145026669604434
0,0,NO_RUN,NO_RUN,0.6129388247618965,0.3870611752381034
0,1,NO_RUN,RUN_SCORED,0.47202713994820755,0.5279728600517924
1,1,RUN_SCORED,RUN_SCORED,0.39953507901490604,0.600464920985094
1,1,RUN_SCORED,RUN_SCORED,0.2099064470047669,0.7900935529952331
0,1,NO_RUN,RUN_SCORED,0.4336991204553774,0.5663008795446226
0,0,NO_RUN,NO_RUN,0.8155023059526696,0.18449769404733035
0,1,NO_RUN,RUN_SCORED,0.4185238594413433,0.5814761405586567
0,0,NO_RUN,NO_RUN,0.9406258901638361,0.05937410983616391
0,0,NO_RUN,NO_RUN,0.9430202379125291,0.05697976208747092
0,1,NO_RUN,RUN_SCORED,0.4993201470496993,0.5006798529503007
1,0,RUN_SCORED,NO_RUN,0.7490897136997372,0.25091028630026274
0,0,NO_RUN,NO_RUN,0.8775837711609664,0.12241622883903358
0,0,NO_RUN,NO_RUN,0.5872561168373867,0.41274388316261335
1,0,RUN_SCORED,NO_RUN,0.6746687359453681,0.32533126405463186
1,0,RUN_SCORED,NO_RUN,0.5421519767733491,0.45784802322665086
0,0,NO_RUN,NO_RUN,0.6864581609886147,0.31354183901138527
0,0,NO_RUN,NO_RUN,0.6590331680399706,0.3409668319600294
0,0,NO_RUN,NO_RUN,0.572396667482302,0.427603332517698
1,0,RUN_SCORED,NO_RUN,0.7145554826634172,0.2854445173365828
0,0,NO_RUN,NO_RUN,0.8096200524526314,0.1903799475473686
1,0,RUN_SCORED,NO_RUN,0.6541714826374148,0.34582851736258524
0,0,NO_RUN,NO_RUN,0.655684222789394,0.344315777210606
0,0,NO_RUN,NO_RUN,0.6680701833852506,0.3319298166147494
0,0,NO_RUN,NO_RUN,0.5918827472774619,0.408117252722538
0,1,NO_RUN,RUN_SCORED,0.38708803782383683,0.6129119621761632
0,0,NO_RUN,NO_RUN,0.6597322335890758,0.34026776641092416
1,0,RUN_SCORED,NO_RUN,0.6353621549240142,0.36463784507598584
0,0,NO_RUN,NO_RUN,0.8839297296522381,0.11607027034776188
1,0,RUN_SCORED,NO_RUN,0.6009435646719585,0.39905643532804147
0,0,NO_RUN,NO_RUN,0.9312769432784509,0.06872305672154909
0,0,NO_RUN,NO_RUN,0.562034527777241,0.43796547222275894
1,0,RUN_SCORED,NO_RUN,0.5072060042283477,0.4927939957716522
0,0,NO_RUN,NO_RUN,0.8366514694335708,0.1633485305664292
0,1,NO_RUN,RUN_SCORED,0.35503999236920036,0.6449600076307996
0,0,NO_RUN,NO_RUN,0.8009176700520062,0.19908232994799382
0,1,NO_RUN,RUN_SCORED,0.3512386622698733,0.6487613377301267
0,0,NO_RUN,NO_RUN,0.810227681778149,0.189772318221851
0,0,NO_RUN,NO_RUN,0.5473359241252448,0.4526640758747552
0,0,NO_RUN,NO_RUN,0.6367401091038345,0.36325989089616556
0,1,NO_RUN,RUN_SCORED,0.34416730338276,0.65583269661724
0,0,NO_RUN,NO_RUN,0.740577203307631,0.25942279669236895
0,0,NO_RUN,NO_RUN,0.8485559953601945,0.15144400463980548
0,0,NO_RUN,NO_RUN,0.6798543686766673,0.32014563132333274
0,1,NO_RUN,RUN_SCORED,0.2543906458839995,0.7456093541160005
0,1,NO_RUN,RUN_SCORED,0.36344306270560045,0.6365569372943995
1,1,RUN_SCORED,RUN_SCORED,0.28738479558387375,0.7126152044161262
1,0,RUN_SCORED,NO_RUN,0.6175438904682666,0.3824561095317334
0,0,NO_RUN,NO_RUN,0.6664577046890889,0.3335422953109111
1,0,RUN_SCORED,NO_RUN,0.6526926477146691,0.34730735228533094
0,0,NO_RUN,NO_RUN,0.6095969575593073,0.3904030424406927
0,0,NO_RUN,NO_RUN,0.7799778497540124,0.22002215024598765
0,0,NO_RUN,NO_RUN,0.5355192085158491,0.46448079148415095
0,0,NO_RUN,NO_RUN,0.9861626294643181,0.013837370535681867
0,1,NO_RUN,RUN_SCORED,0.35188735938411553,0.6481126406158845
0,0,NO_RUN,NO_RUN,0.5767120424655994,0.42328795753440057
0,0,NO_RUN,NO_RUN,0.5378046587500528,0.4621953412499472
0,0,NO_RUN,NO_RUN,0.9691077500625365,0.030892249937463548
0,0,NO_RUN,NO_RUN,0.6464789728064401,0.35352102719355993
0,1,NO_RUN,RUN_SCORED,0.46446565579699073,0.5355343442030093
0,0,NO_RUN,NO_RUN,0.7538011299914738,0.24619887000852628
0,0,NO_RUN,NO_RUN,0.5531926970693042,0.44680730293069587
1,0,RUN_SCORED,NO_RUN,0.5757540162833773,0.4242459837166227
0,0,NO_RUN,NO_RUN,0.7022846833689356,0.2977153166310645
0,0,NO_RUN,NO_RUN,0.5660908223470533,0.4339091776529466
0,1,NO_RUN,RUN_SCORED,0.47842722442968755,0.5215727755703125
0,0,NO_RUN,NO_RUN,0.9307682794556387,0.06923172054436139
0,0,NO_RUN,NO_RUN,0.6513835361602061,0.34861646383979394
0,0,NO_RUN,NO_RUN,0.5553480726891871,0.4446519273108129
1,0,RUN_SCORED,NO_RUN,0.7546021726207311,0.24539782737926885
1,0,RUN_SCORED,NO_RUN,0.6886728943729108,0.3113271056270892
0,0,NO_RUN,NO_RUN,0.5872846299367604,0.4127153700632395
0,0,NO_RUN,NO_RUN,0.7569642093095392,0.24303579069046083
1,0,RUN_SCORED,NO_RUN,0.6499939541578593,0.3500060458421407
0,0,NO_RUN,NO_RUN,0.8545432984973829,0.1454567015026172
0,0,NO_RUN,NO_RUN,0.6552062227615779,0.3447937772384221
1,1,RUN_SCORED,RUN_SCORED,0.46101111517134674,0.5389888848286533
0,0,NO_RUN,NO_RUN,0.5864186874205615,0.41358131257943853
0,0,NO_RUN,NO_RUN,0.6974333347363935,0.30256666526360654
1,0,RUN_SCORED,NO_RUN,0.648434443350411,0.351565556649589
0,0,NO_RUN,NO_RUN,0.7217992740850031,0.2782007259149969
0,0,NO_RUN,NO_RUN,0.73077525806102,0.26922474193898005
0,1,NO_RUN,RUN_SCORED,0.33217874476312015,0.6678212552368799
0,1,NO_RUN,RUN_SCORED,0.31319081564099716,0.6868091843590028
0,1,NO_RUN,RUN_SCORED,0.45716765052760333,0.5428323494723967
1,0,RUN_SCORED,NO_RUN,0.5761874213703143,0.4238125786296857
0,0,NO_RUN,NO_RUN,0.622291746029926,0.377708253970074
1,0,RUN_SCORED,NO_RUN,0.7375784648019458,0.2624215351980542
0,0,NO_RUN,NO_RUN,0.8750663294282346,0.12493367057176546
0,0,NO_RUN,NO_RUN,0.8634155988278529,0.13658440117214715
0,0,NO_RUN,NO_RUN,0.7608023638724033,0.23919763612759665
0,0,NO_RUN,NO_RUN,0.6027935257487262,0.39720647425127376
0,0,NO_RUN,NO_RUN,0.953721835066331,0.046278164933668965
0,0,NO_RUN,NO_RUN,0.6787327115652302,0.3212672884347698
0,0,NO_RUN,NO_RUN,0.6185039306037476,0.38149606939625236
0,0,NO_RUN,NO_RUN,0.639850757670416,0.36014924232958406
1,0,RUN_SCORED,NO_RUN,0.5771652582990414,0.4228347417009585
1,0,RUN_SCORED,NO_RUN,0.906320195585649,0.09367980441435092
0,1,NO_RUN,RUN_SCORED,0.42603434914752436,0.5739656508524756
1,0,RUN_SCORED,NO_RUN,0.744803224278652,0.255196775721348
1,1,RUN_SCORED,RUN_SCORED,0.40041258321227313,0.5995874167877269
0,1,NO_RUN,RUN_SCORED,0.4423399509160675,0.5576600490839325
0,0,NO_RUN,NO_RUN,0.972537426687492,0.027462573312508034
1,0,RUN_SCORED,NO_RUN,0.8475710429487544,0.15242895705124562
0,1,NO_RUN,RUN_SCORED,0.3875058089264444,0.6124941910735556
1,0,RUN_SCORED,NO_RUN,0.6734351559084432,0.32656484409155684
1,0,RUN_SCORED,NO_RUN,0.8207111451924867,0.17928885480751333
0,0,NO_RUN,NO_RUN,0.875252434410548,0.12474756558945199
0,0,NO_RUN,NO_RUN,0.7815038197815727,0.21849618021842734
0,0,NO_RUN,NO_RUN,0.8656302726862266,0.1343697273137734
0,0,NO_RUN,NO_RUN,0.9823695235547906,0.0176304764452094
0,0,NO_RUN,NO_RUN,0.5026046295403679,0.49739537045963206
0,1,NO_RUN,RUN_SCORED,0.3423409782366932,0.6576590217633068
0,0,NO_RUN,NO_RUN,0.8285709767531315,0.17142902324686854
1,0,RUN_SCORED,NO_RUN,0.8043215649358858,0.19567843506411417
1,0,RUN_SCORED,NO_RUN,0.8509837652991066,0.14901623470089345
0,0,NO_RUN,NO_RUN,0.991141463259045,0.008858536740955056
0,0,NO_RUN,NO_RUN,0.7423451387303744,0.25765486126962556
0,1,NO_RUN,RUN_SCORED,0.4962584383499803,0.5037415616500197
0,0,NO_RUN,NO_RUN,0.7818841800926535,0.21811581990734658
0,0,NO_RUN,NO_RUN,0.8075230939140732,0.19247690608592688
1,0,RUN_SCORED,NO_RUN,0.7589030906532996,0.2410969093467003
1,0,RUN_SCORED,NO_RUN,0.8174955269799383,0.1825044730200617
0,1,NO_RUN,RUN_SCORED,0.22946915329542938,0.7705308467045706
1,0,RUN_SCORED,NO_RUN,0.7342768792551911,0.26572312074480886
1,0,RUN_SCORED,NO_RUN,0.7416088490689525,0.25839115093104753
0,0,NO_RUN,NO_RUN,0.7958933888436582,0.20410661115634177
1,0,RUN_SCORED,NO_RUN,0.6805625920598208,0.31943740794017916
0,0,NO_RUN,NO_RUN,0.8124164218641557,0.18758357813584428
0,1,NO_RUN,RUN_SCORED,0.41216198662888426,0.5878380133711157
0,0,NO_RUN,NO_RUN,0.5748739153881282,0.4251260846118718
0,0,NO_RUN,NO_RUN,0.7015938384401881,0.2984061615598119
1,1,RUN_SCORED,RUN_SCORED,0.32408763717214606,0.6759123628278539
0,0,NO_RUN,NO_RUN,0.6965896980182084,0.30341030198179164
0,0,NO_RUN,NO_RUN,0.8092434962773063,0.1907565037226937
0,0,NO_RUN,NO_RUN,0.9852317673132753,0.014768232686724683
0,1,NO_RUN,RUN_SCORED,0.43579151621620527,0.5642084837837947
0,0,NO_RUN,NO_RUN,0.6161712165825443,0.38382878341745574
0,0,NO_RUN,NO_RUN,0.9894975616459081,0.010502438354091882
1,0,RUN_SCORED,NO_RUN,0.9537413338038478,0.04625866619615219
0,1,NO_RUN,RUN_SCORED,0.3112757649656682,0.6887242350343318
1,0,RUN_SCORED,NO_RUN,0.7462291082346464,0.25377089176535356
0,0,NO_RUN,NO_RUN,0.8151819393089581,0.1848180606910419
0,0,NO_RUN,NO_RUN,0.6581354002917864,0.3418645997082136
0,1,NO_RUN,RUN_SCORED,0.34257189767492047,0.6574281023250795
1,0,RUN_SCORED,NO_RUN,0.6415870443701177,0.35841295562988223
1,1,RUN_SCORED,RUN_SCORED,0.31372088153314237,0.6862791184668576
1,1,RUN_SCORED,RUN_SCORED,0.4012014317025153,0.5987985682974847
0,1,NO_RUN,RUN_SCORED,0.28230944356856935,0.7176905564314306
0,0,NO_RUN,NO_RUN,0.6609559304529888,0.3390440695470111
0,0,NO_RUN,NO_RUN,0.8435873207921948,0.15641267920780524
0,0,NO_RUN,NO_RUN,0.8634726029372515,0.13652739706274847
0,0,NO_RUN,NO_RUN,0.6662953217608445,0.33370467823915556
0,0,NO_RUN,NO_RUN,0.9516808873239072,0.048319112676092804
0,0,NO_RUN,NO_RUN,0.9607536987007772,0.039246301299222776
1,0,RUN_SCORED,NO_RUN,0.8873602609000928,0.11263973909990717
0,0,NO_RUN,NO_RUN,0.9800044029078429,0.01999559709215717
0,0,NO_RUN,NO_RUN,0.7137825340514821,0.286217465948518
1,1,RUN_SCORED,RUN_SCORED,0.4820734747609765,0.5179265252390235
0,0,NO_RUN,NO_RUN,0.8010050903689672,0.19899490963103278
0,0,NO_RUN,NO_RUN,0.8254485152016914,0.17455148479830865
0,0,NO_RUN,NO_RUN,0.7948436611113182,0.2051563388886818
0,0,NO_RUN,NO_RUN,0.7282425242060877,0.2717574757939123
0,1,NO_RUN,RUN_SCORED,0.23326340630598397,0.766736593694016
0,0,NO_RUN,NO_RUN,0.7741324456007012,0.22586755439929887
0,0,NO_RUN,NO_RUN,0.6334990275023407,0.36650097249765934
0,1,NO_RUN,RUN_SCORED,0.4655063719678164,0.5344936280321836
0,0,NO_RUN,NO_RUN,0.8873872150520692,0.11261278494793076
0,1,NO_RUN,RUN_SCORED,0.41245792235423984,0.5875420776457602
0,0,NO_RUN,NO_RUN,0.9245109756242271,0.07548902437577286
0,0,NO_RUN,NO_RUN,0.5258113364511428,0.47418866354885725
0,0,NO_RUN,NO_RUN,0.7817888058865009,0.21821119411349912
0,1,NO_RUN,RUN_SCORED,0.31275313268464155,0.6872468673153584
0,0,NO_RUN,NO_RUN,0.691748038704407,0.30825196129559296
0,1,NO_RUN,RUN_SCORED,0.2905471422596818,0.7094528577403182
0,0,NO_RUN,NO_RUN,0.7368649465598759,0.2631350534401241
1,0,RUN_SCORED,NO_RUN,0.6136296121755743,0.3863703878244257
0,1,NO_RUN,RUN_SCORED,0.16047614344312477,0.8395238565568752
1,0,RUN_SCORED,NO_RUN,0.6669996318628378,0.33300036813716216
1,1,RUN_SCORED,RUN_SCORED,0.21292126230165798,0.787078737698342
1,0,RUN_SCORED,NO_RUN,0.8092857857458152,0.19071421425418475
0,0,NO_RUN,NO_RUN,0.7363035504305696,0.2636964495694304
0,0,NO_RUN,NO_RUN,0.7151547272690726,0.28484527273092747
0,0,NO_RUN,NO_RUN,0.7331859882404891,0.2668140117595109
1,0,RUN_SCORED,NO_RUN,0.6012043742036266,0.39879562579637334
0,0,NO_RUN,NO_RUN,0.509334590013671,0.490665409986329
1,0,RUN_SCORED,NO_RUN,0.5473853586897283,0.45261464131027174
1,1,RUN_SCORED,RUN_SCORED,0.44046008189779406,0.5595399181022059
0,0,NO_RUN,NO_RUN,0.7691683689917248,0.2308316310082752
0,0,NO_RUN,NO_RUN,0.8760266535067963,0.12397334649320367
1,0,RUN_SCORED,NO_RUN,0.5299699776656353,0.4700300223343647
0,1,NO_RUN,RUN_SCORED,0.4650831493716102,0.5349168506283898
0,0,NO_RUN,NO_RUN,0.6874945483667281,0.3125054516332719
0,1,NO_RUN,RUN_SCORED,0.3475759365031349,0.6524240634968651
0,0,NO_RUN,NO_RUN,0.5053227724548868,0.4946772275451133
0,0,NO_RUN,NO_RUN,0.9894992101661736,0.010500789833826381
0,0,NO_RUN,NO_RUN,0.7159362434415046,0.2840637565584954
0,0,NO_RUN,NO_RUN,0.7957719257095095,0.20422807429049056
1,0,RUN_SCORED,NO_RUN,0.8376450250824683,0.16235497491753167
0,1,NO_RUN,RUN_SCORED,0.2771491767956009,0.7228508232043991
0,0,NO_RUN,NO_RUN,0.8917656452294799,0.10823435477052015
1,0,RUN_SCORED,NO_RUN,0.6215164004543574,0.37848359954564265
1,1,RUN_SCORED,RUN_SCORED,0.2997066371214758,0.7002933628785242
0,0,NO_RUN,NO_RUN,0.966866060021265,0.033133939978735025
0,0,NO_RUN,NO_RUN,0.9675884229544413,0.03241157704555872
1,0,RUN_SCORED,NO_RUN,0.9211322025529035,0.07886779744709649
0,1,NO_RUN,RUN_SCORED,0.4382032083815074,0.5617967916184926
0,0,NO_RUN,NO_RUN,0.8225960737963927,0.17740392620360732
0,0,NO_RUN,NO_RUN,0.5151182257634384,0.4848817742365617
0,0,NO_RUN,NO_RUN,0.5284642530884751,0.47153574691152483
1,1,RUN_SCORED,RUN_SCORED,0.44301034730283784,0.5569896526971622
0,0,NO_RUN,NO_RUN,0.8174611598638377,0.18253884013616228
1,0,RUN_SCORED,NO_RUN,0.7004124466605677,0.2995875533394323
0,0,NO_RUN,NO_RUN,0.8495719982947072,0.15042800170529277
0,1,NO_RUN,RUN_SCORED,0.38105130534215204,0.618948694657848
0,0,NO_RUN,NO_RUN,0.770861959974108,0.22913804002589194
1,0,RUN_SCORED,NO_RUN,0.5214507134197243,0.47854928658027573
0,0,NO_RUN,NO_RUN,0.978940014209771,0.02105998579022907
0,1,NO_RUN,RUN_SCORED,0.4112409730681774,0.5887590269318226
0,0,NO_RUN,NO_RUN,0.6811646336482948,0.31883536635170523
0,0,NO_RUN,NO_RUN,0.5744627776114222,0.4255372223885778
0,0,NO_RUN,NO_RUN,0.8398838904409217,0.16011610955907826
0,0,NO_RUN,NO_RUN,0.5146825899316465,0.4853174100683535
0,0,NO_RUN,NO_RUN,0.5334394480757438,0.4665605519242561
0,0,NO_RUN,NO_RUN,0.7274404516614239,0.2725595483385761
0,0,NO_RUN,NO_RUN,0.7432088949422683,0.25679110505773173
0,1,NO_RUN,RUN_SCORED,0.4548850285702394,0.5451149714297606
0,0,NO_RUN,NO_RUN,0.6584367319798548,0.3415632680201453
0,0,NO_RUN,NO_RUN,0.7176581209739561,0.28234187902604385
0,0,NO_RUN,NO_RUN,0.5116342453594975,0.4883657546405024
0,0,NO_RUN,NO_RUN,0.9803057376263653,0.019694262373634735
1,0,RUN_SCORED,NO_RUN,0.5713386987507365,0.42866130124926344
0,1,NO_RUN,RUN_SCORED,0.31137245768641497,0.688627542313585
0,0,NO_RUN,NO_RUN,0.9059350429442878,0.09406495705571222
0,0,NO_RUN,NO_RUN,0.9099738945869565,0.09002610541304344
0,0,NO_RUN,NO_RUN,0.6314228553593986,0.3685771446406014
0,0,NO_RUN,NO_RUN,0.5508338388134022,0.4491661611865978
0,0,NO_RUN,NO_RUN,0.6763521650143032,0.3236478349856969
0,0,NO_RUN,NO_RUN,0.9791774392614021,0.020822560738597944
0,1,NO_RUN,RUN_SCORED,0.4925263273553354,0.5074736726446646
0,0,NO_RUN,NO_RUN,0.779406837033597,0.22059316296640294
0,1,NO_RUN,RUN_SCORED,0.47102347279217427,0.5289765272078257
0,0,NO_RUN,NO_RUN,0.6922246329339578,0.30777536706604225
1,1,RUN_SCORED,RUN_SCORED,0.3651386298088134,0.6348613701911866
0,0,NO_RUN,NO_RUN,0.984057038639578,0.015942961360421934
0,0,NO_RUN,NO_RUN,0.7795275305623454,0.22047246943765464
0,0,NO_RUN,NO_RUN,0.5151228662156662,0.4848771337843339
0,0,NO_RUN,NO_RUN,0.7101805725707645,0.2898194274292355
1,0,RUN_SCORED,NO_RUN,0.5075032063371968,0.4924967936628032
0,1,NO_RUN,RUN_SCORED,0.48795435501951623,0.5120456449804838
0,0,NO_RUN,NO_RUN,0.8102124079160609,0.1897875920839391
0,0,NO_RUN,NO_RUN,0.6995197131801414,0.3004802868198586
0,0,NO_RUN,NO_RUN,0.6132438675859533,0.38675613241404666
0,0,NO_RUN,NO_RUN,0.9884962285519617,0.011503771448038269
0,0,NO_RUN,NO_RUN,0.9551418155643143,0.04485818443568562
0,0,NO_RUN,NO_RUN,0.718837008354525,0.281162991645475
0,1,NO_RUN,RUN_SCORED,0.31283077676013493,0.6871692232398651
0,0,NO_RUN,NO_RUN,0.5428032440191943,0.4571967559808056
0,0,NO_RUN,NO_RUN,0.8285576183485148,0.17144238165148518
1,1,RUN_SCORED,RUN_SCORED,0.4019436518609686,0.5980563481390314
0,1,NO_RUN,RUN_SCORED,0.42595974731851527,0.5740402526814847
1,1,RUN_SCORED,RUN_SCORED,0.4496091265800841,0.5503908734199159
0,0,NO_RUN,NO_RUN,0.7692638022038056,0.2307361977961943
0,0,NO_RUN,NO_RUN,0.7363390384626992,0.2636609615373008
0,0,NO_RUN,NO_RUN,0.8427360203709285,0.1572639796290715
0,1,NO_RUN,RUN_SCORED,0.4812843647290128,0.5187156352709872
0,0,NO_RUN,NO_RUN,0.6062148030270554,0.39378519697294456
0,0,NO_RUN,NO_RUN,0.6153134184746785,0.3846865815253215
0,0,NO_RUN,NO_RUN,0.8720991223228239,0.12790087767717603
0,0,NO_RUN,NO_RUN,0.7810158387085981,0.2189841612914019
0,0,NO_RUN,NO_RUN,0.6200899192403976,0.3799100807596024
0,0,NO_RUN,NO_RUN,0.8434415781726604,0.15655842182733962
0,0,NO_RUN,NO_RUN,0.8026647893860583,0.1973352106139416
0,0,NO_RUN,NO_RUN,0.7387655900415949,0.2612344099584051
0,0,NO_RUN,NO_RUN,0.7513258792602779,0.24867412073972206
0,0,NO_RUN,NO_RUN,0.7467842049492985,0.2532157950507015
1,0,RUN_SCORED,NO_RUN,0.5394269486866454,0.4605730513133546
0,0,NO_RUN,NO_RUN,0.6769179207204618,0.32308207927953825
1,0,RUN_SCORED,NO_RUN,0.874901324172465,0.12509867582753503
0,1,NO_RUN,RUN_SCORED,0.49162340586656883,0.5083765941334312
1,0,RUN_SCORED,NO_RUN,0.5365620718650947,0.46343792813490525
1,1,RUN_SCORED,RUN_SCORED,0.4805995780227328,0.5194004219772672
1,0,RUN_SCORED,NO_RUN,0.6968926397361153,0.30310736026388474
0,0,NO_RUN,NO_RUN,0.6534099501382853,0.34659004986171466
0,1,NO_RUN,RUN_SCORED,0.32084896923243433,0.6791510307675657
0,1,NO_RUN,RUN_SCORED,0.17446877429906338,0.8255312257009366
0,0,NO_RUN,NO_RUN,0.824484657399686,0.17551534260031404
1,0,RUN_SCORED,NO_RUN,0.5598105176919923,0.4401894823080077
0,1,NO_RUN,RUN_SCORED,0.4994917543728241,0.5005082456271759
1,1,RUN_SCORED,RUN_SCORED,0.16403016488685773,0.8359698351131423
0,0,NO_RUN,NO_RUN,0.794168029463941,0.2058319705360589
0,0,NO_RUN,NO_RUN,0.8165052985039198,0.18349470149608021
1,0,RUN_SCORED,NO_RUN,0.7820165161114548,0.2179834838885452
0,0,NO_RUN,NO_RUN,0.6715679132306229,0.3284320867693771
0,0,NO_RUN,NO_RUN,0.9855973845646263,0.01440261543537374
0,0,NO_RUN,NO_RUN,0.9871949584264359,0.012805041573564092
0,0,NO_RUN,NO_RUN,0.9707812424122181,0.029218757587781963
0,0,NO_RUN,NO_RUN,0.819635060923603,0.18036493907639695
1,1,RUN_SCORED,RUN_SCORED,0.4993951414808856,0.5006048585191144
0,0,NO_RUN,NO_RUN,0.8517050378622758,0.1482949621377242
0,0,NO_RUN,NO_RUN,0.805881271064364,0.19411872893563595
1,1,RUN_SCORED,RUN_SCORED,0.4069155502229408,0.5930844497770592
1,1,RUN_SCORED,RUN_SCORED,0.4976404303837819,0.5023595696162181
0,1,NO_RUN,RUN_SCORED,0.46258643616013906,0.5374135638398609
0,0,NO_RUN,NO_RUN,0.7539285763088853,0.24607142369111468
0,1,NO_RUN,RUN_SCORED,0.33429803370570055,0.6657019662942995
0,0,NO_RUN,NO_RUN,0.5313823662707193,0.4686176337292807
0,0,NO_RUN,NO_RUN,0.6504889087515192,0.3495110912484808
0,0,NO_RUN,NO_RUN,0.6809561860199043,0.31904381398009574
0,1,NO_RUN,RUN_SCORED,0.4934949383663588,0.5065050616336412
1,0,RUN_SCORED,NO_RUN,0.6190985231108523,0.3809014768891476
0,0,NO_RUN,NO_RUN,0.7140912570332036,0.2859087429667963
0,0,NO_RUN,NO_RUN,0.9378253278160219,0.062174672183978076
1,0,RUN_SCORED,NO_RUN,0.9607877919042762,0.03921220809572384
0,0,NO_RUN,NO_RUN,0.7370734022544896,0.26292659774551036
0,0,NO_RUN,NO_RUN,0.5868257263270887,0.41317427367291126
0,0,NO_RUN,NO_RUN,0.5512718254684598,0.44872817453154024
0,0,NO_RUN,NO_RUN,0.814635510908093,0.18536448909190695
1,0,RUN_SCORED,NO_RUN,0.9145118964736834,0.08548810352631663
1,0,RUN_SCORED,NO_RUN,0.6938598433937229,0.3061401566062771
0,0,NO_RUN,NO_RUN,0.5953505452973776,0.40464945470262237
0,0,NO_RUN,NO_RUN,0.5992401934385306,0.40075980656146937
1,0,RUN_SCORED,NO_RUN,0.709231652055303,0.29076834794469697
1,0,RUN_SCORED,NO_RUN,0.6759115871423682,0.3240884128576318
0,1,NO_RUN,RUN_SCORED,0.4796554246136222,0.5203445753863778
0,0,NO_RUN,NO_RUN,0.5548415014634558,0.44515849853654427
0,0,NO_RUN,NO_RUN,0.5508484648100626,0.44915153518993745
1,1,RUN_SCORED,RUN_SCORED,0.4222022706504315,0.5777977293495685
0,0,NO_RUN,NO_RUN,0.7357094054610283,0.2642905945389718
0,1,NO_RUN,RUN_SCORED,0.4467134525694868,0.5532865474305132
1,0,RUN_SCORED,NO_RUN,0.7753038641780434,0.22469613582195652
1,1,RUN_SCORED,RUN_SCORED,0.48187800774576584,0.5181219922542342
1,1,RUN_SCORED,RUN_SCORED,0.4466712587972652,0.5533287412027348
0,0,NO_RUN,NO_RUN,0.6411109449139125,0.35888905508608754
0,0,NO_RUN,NO_RUN,0.6031971776636107,0.39680282233638936
0,1,NO_RUN,RUN_SCORED,0.47624784418979715,0.5237521558102028
0,0,NO_RUN,NO_RUN,0.8155990447876575,0.1844009552123424
0,0,NO_RUN,NO_RUN,0.9724732425571607,0.027526757442839243
0,0,NO_RUN,NO_RUN,0.6798500026164935,0.3201499973835064
0,0,NO_RUN,NO_RUN,0.7365649378608008,0.26343506213919926
0,0,NO_RUN,NO_RUN,0.9865809969595495,0.01341900304045055
1,0,RUN_SCORED,NO_RUN,0.5363625633740974,0.4636374366259026
1,0,RUN_SCORED,NO_RUN,0.8689173860193673,0.13108261398063265
0,0,NO_RUN,NO_RUN,0.8988124278400687,0.10118757215993136
0,0,NO_RUN,NO_RUN,0.5221059280868873,0.47789407191311273
0,0,NO_RUN,NO_RUN,0.877675471138131,0.12232452886186891
0,1,NO_RUN,RUN_SCORED,0.3404093363605647,0.6595906636394353
0,0,NO_RUN,NO_RUN,0.8432516268518724,0.15674837314812756
0,0,NO_RUN,NO_RUN,0.9656130398060704,0.03438696019392963
0,0,NO_RUN,NO_RUN,0.7155811625467678,0.28441883745323215
0,1,NO_RUN,RUN_SCORED,0.48908298780887804,0.510917012191122
0,1,NO_RUN,RUN_SCORED,0.4666129773150399,0.5333870226849601
0,0,NO_RUN,NO_RUN,0.5288472255047095,0.47115277449529047
1,0,RUN_SCORED,NO_RUN,0.7613810480944172,0.23861895190558274
0,0,NO_RUN,NO_RUN,0.8612847233011194,0.13871527669888065
0,0,NO_RUN,NO_RUN,0.6895888678435482,0.3104111321564517
0,0,NO_RUN,NO_RUN,0.9730236513840153,0.026976348615984726
0,0,NO_RUN,NO_RUN,0.5892851223793438,0.4107148776206561
1,0,RUN_SCORED,NO_RUN,0.5243611388518405,0.4756388611481595
0,0,NO_RUN,NO_RUN,0.830065999281214,0.1699340007187859
0,1,NO_RUN,RUN_SCORED,0.4752958845693571,0.5247041154306429
0,1,NO_RUN,RUN_SCORED,0.3053721490527106,0.6946278509472894
0,0,NO_RUN,NO_RUN,0.5923786738404313,0.40762132615956875
1,0,RUN_SCORED,NO_RUN,0.5459953788842449,0.45400462111575507
0,0,NO_RUN,NO_RUN,0.9877650318046128,0.01223496819538718
0,0,NO_RUN,NO_RUN,0.9492485678192485,0.05075143218075156
0,0,NO_RUN,NO_RUN,0.6926605980318723,0.30733940196812765
0,0,NO_RUN,NO_RUN,0.9634913205842256,0.03650867941577444
1,0,RUN_SCORED,NO_RUN,0.5374108710036158,0.4625891289963842
0,0,NO_RUN,NO_RUN,0.6735824360267515,0.32641756397324845
1,1,RUN_SCORED,RUN_SCORED,0.4366536590858935,0.5633463409141065
0,0,NO_RUN,NO_RUN,0.5476992655646338,0.4523007344353663
0,1,NO_RUN,RUN_SCORED,0.4899253609355897,0.5100746390644103
0,0,NO_RUN,NO_RUN,0.8540322100945719,0.14596778990542808
0,1,NO_RUN,RUN_SCORED,0.31848509985760676,0.6815149001423932
1,0,RUN_SCORED,NO_RUN,0.6958154880006739,0.30418451199932606
0,1,NO_RUN,RUN_SCORED,0.4550997220745252,0.5449002779254748
0,0,NO_RUN,NO_RUN,0.8872310894724761,0.11276891052752396
0,0,NO_RUN,NO_RUN,0.9583150786159468,0.04168492138405318
0,0,NO_RUN,NO_RUN,0.7016077058606524,0.29839229413934765
0,0,NO_RUN,NO_RUN,0.8007181998959012,0.1992818001040988
1,0,RUN_SCORED,NO_RUN,0.9460459768429264,0.0539540231570736
0,1,NO_RUN,RUN_SCORED,0.4996966682085022,0.5003033317914978
0,1,NO_RUN,RUN_SCORED,0.4734161466232698,0.5265838533767302
0,1,NO_RUN,RUN_SCORED,0.4917758024401694,0.5082241975598306
0,0,NO_RUN,NO_RUN,0.9033809394973367,0.09661906050266332
1,0,RUN_SCORED,NO_RUN,0.7833173832735448,0.2166826167264552
0,1,NO_RUN,RUN_SCORED,0.4759233993336126,0.5240766006663874
0,0,NO_RUN,NO_RUN,0.5738851816664406,0.42611481833355935
0,0,NO_RUN,NO_RUN,0.8098865328160645,0.19011346718393551
0,0,NO_RUN,NO_RUN,0.682307369028603,0.317692630971397
0,1,NO_RUN,RUN_SCORED,0.4984063389680281,0.5015936610319719
1,0,RUN_SCORED,NO_RUN,0.69555103657353,0.30444896342646993
0,1,NO_RUN,RUN_SCORED,0.4334602976907309,0.5665397023092691
0,0,NO_RUN,NO_RUN,0.8674288102890045,0.13257118971099546
0,0,NO_RUN,NO_RUN,0.8698853395579754,0.1301146604420246
0,0,NO_RUN,NO_RUN,0.8766345141996188,0.12336548580038123
0,0,NO_RUN,NO_RUN,0.8531949010353586,0.14680509896464147
0,0,NO_RUN,NO_RUN,0.9450056058973472,0.054994394102652784
0,0,NO_RUN,NO_RUN,0.8161173231725123,0.18388267682748777
1,0,RUN_SCORED,NO_RUN,0.6049515684912454,0.3950484315087545
0,0,NO_RUN,NO_RUN,0.7011331576897382,0.2988668423102618
0,0,NO_RUN,NO_RUN,0.9935450397536233,0.006454960246376732
0,0,NO_RUN,NO_RUN,0.8941753003945403,0.10582469960545975
0,0,NO_RUN,NO_RUN,0.6216819114059269,0.3783180885940731
0,0,NO_RUN,NO_RUN,0.6710250286823776,0.3289749713176224
0,0,NO_RUN,NO_RUN,0.9153411821178253,0.08465881788217464
0,0,NO_RUN,NO_RUN,0.5399798343381802,0.4600201656618198
0,0,NO_RUN,NO_RUN,0.5391583931843342,0.46084160681566577
0,0,NO_RUN,NO_RUN,0.909929942886209,0.09007005711379105
0,0,NO_RUN,NO_RUN,0.8244145594625597,0.1755854405374403
1,0,RUN_SCORED,NO_RUN,0.8558435918563327,0.1441564081436673
0,0,NO_RUN,NO_RUN,0.8886022373734197,0.1113977626265803
1,0,RUN_SCORED,NO_RUN,0.8160502969832601,0.1839497030167398
0,0,NO_RUN,NO_RUN,0.5961155941848414,0.4038844058151586
0,0,NO_RUN,NO_RUN,0.7465079449163612,0.25349205508363887
0,0,NO_RUN,NO_RUN,0.9384743496589382,0.06152565034106179
0,1,NO_RUN,RUN_SCORED,0.4126107227321597,0.5873892772678403
0,0,NO_RUN,NO_RUN,0.989718071154018,0.010281928845982028
0,0,NO_RUN,NO_RUN,0.5919354021047323,0.4080645978952678
0,1,NO_RUN,RUN_SCORED,0.28794284523269154,0.7120571547673085
1,1,RUN_SCORED,RUN_SCORED,0.394378622351654,0.605621377648346
0,0,NO_RUN,NO_RUN,0.6397489248262817,0.36025107517371835
1,0,RUN_SCORED,NO_RUN,0.7933011325429864,0.20669886745701366
0,1,NO_RUN,RUN_SCORED,0.29953995226834484,0.7004600477316552
0,0,NO_RUN,NO_RUN,0.6262485240271276,0.37375147597287234
0,0,NO_RUN,NO_RUN,0.9088365335340479,0.0911634664659521
0,0,NO_RUN,NO_RUN,0.9173406508313091,0.08265934916869085
0,0,NO_RUN,NO_RUN,0.8554332876629989,0.14456671233700116
0,0,NO_RUN,NO_RUN,0.590620724328276,0.4093792756717241
0,0,NO_RUN,NO_RUN,0.6988881798545137,0.30111182014548626
0,1,NO_RUN,RUN_SCORED,0.29155988848810266,0.7084401115118973
0,0,NO_RUN,NO_RUN,0.8571290028897879,0.1428709971102121
1,1,RUN_SCORED,RUN_SCORED,0.48924248306975104,0.510757516930249
0,0,NO_RUN,NO_RUN,0.7822021101162161,0.2177978898837839
0,0,NO_RUN,NO_RUN,0.5790867444000938,0.4209132555999063
0,0,NO_RUN,NO_RUN,0.9258999449773277,0.07410005502267221
0,0,NO_RUN,NO_RUN,0.5454298558321324,0.4545701441678676
0,0,NO_RUN,NO_RUN,0.9827885368556102,0.01721146314438986
0,1,NO_RUN,RUN_SCORED,0.48403169404381563,0.5159683059561844
1,1,RUN_SCORED,RUN_SCORED,0.4650523948421874,0.5349476051578126
0,0,NO_RUN,NO_RUN,0.9308165941701415,0.06918340582985852
0,0,NO_RUN,NO_RUN,0.6869268374133763,0.3130731625866237
0,0,NO_RUN,NO_RUN,0.5391736805184739,0.460826319481526
0,0,NO_RUN,NO_RUN,0.6361833000199998,0.3638166999800002
0,0,NO_RUN,NO_RUN,0.5935937515651678,0.4064062484348322
0,0,NO_RUN,NO_RUN,0.9881092209478299,0.011890779052170024
0,0,NO_RUN,NO_RUN,0.8197656724623731,0.1802343275376269
0,1,NO_RUN,RUN_SCORED,0.45122301653394925,0.5487769834660507
0,1,NO_RUN,RUN_SCORED,0.4629252727784333,0.5370747272215667
0,0,NO_RUN,NO_RUN,0.8186819747545262,0.18131802524547386
0,0,NO_RUN,NO_RUN,0.9857238677366705,0.014276132263329425
0,0,NO_RUN,NO_RUN,0.8195405550776875,0.18045944492231253
0,0,NO_RUN,NO_RUN,0.5357181174764624,0.46428188252353764
0,0,NO_RUN,NO_RUN,0.9898210979493556,0.010178902050644464
0,0,NO_RUN,NO_RUN,0.9353221265360736,0.06467787346392634
1,0,RUN_SCORED,NO_RUN,0.5059663679857492,0.49403363201425077
0,0,NO_RUN,NO_RUN,0.637678328422641,0.362321671577359
0,0,NO_RUN,NO_RUN,0.9276551939306362,0.07234480606936382
0,0,NO_RUN,NO_RUN,0.9163481036913179,0.08365189630868206
0,0,NO_RUN,NO_RUN,0.6399275793980568,0.36007242060194317
1,1,RUN_SCORED,RUN_SCORED,0.49041985007210476,0.5095801499278952
0,1,NO_RUN,RUN_SCORED,0.10294976778937337,0.8970502322106266
1,0,RUN_SCORED,NO_RUN,0.5913648113036031,0.4086351886963969
0,1,NO_RUN,RUN_SCORED,0.47062622991548897,0.529373770084511
0,0,NO_RUN,NO_RUN,0.9327810528309175,0.06721894716908253
0,1,NO_RUN,RUN_SCORED,0.4758569255038584,0.5241430744961416
0,1,NO_RUN,RUN_SCORED,0.27161516047360157,0.7283848395263984
0,0,NO_RUN,NO_RUN,0.9873639226629061,0.012636077337093956
0,0,NO_RUN,NO_RUN,0.8016832360017901,0.19831676399820986
1,0,RUN_SCORED,NO_RUN,0.6078838270324423,0.3921161729675578
0,1,NO_RUN,RUN_SCORED,0.3286182185250407,0.6713817814749593
0,1,NO_RUN,RUN_SCORED,0.45213167792190745,0.5478683220780926
1,0,RUN_SCORED,NO_RUN,0.6838903277888695,0.3161096722111305
0,0,NO_RUN,NO_RUN,0.8330661614606958,0.1669338385393042
1,1,RUN_SCORED,RUN_SCORED,0.4522937581596773,0.5477062418403227
0,0,NO_RUN,NO_RUN,0.9027588617979857,0.09724113820201433
0,1,NO_RUN,RUN_SCORED,0.22071189987259865,0.7792881001274014
1,1,RUN_SCORED,RUN_SCORED,0.2565692351626637,0.7434307648373363
0,1,NO_RUN,RUN_SCORED,0.2566743065382562,0.7433256934617438
0,1,NO_RUN,RUN_SCORED,0.41065810728396157,0.5893418927160384
0,1,NO_RUN,RUN_SCORED,0.25503316624800887,0.7449668337519911
1,1,RUN_SCORED,RUN_SCORED,0.4914043767678141,0.5085956232321859
0,0,NO_RUN,NO_RUN,0.7315828930349649,0.26841710696503507
0,0,NO_RUN,NO_RUN,0.6555228390694052,0.34447716093059483
1,1,RUN_SCORED,RUN_SCORED,0.35402339273588235,0.6459766072641177
0,1,NO_RUN,RUN_SCORED,0.384304366051444,0.615695633948556
0,0,NO_RUN,NO_RUN,0.9145287925286746,0.0854712074713254
0,0,NO_RUN,NO_RUN,0.7266832562272745,0.27331674377272547
0,0,NO_RUN,NO_RUN,0.997115133531465,0.0028848664685350704
0,0,NO_RUN,NO_RUN,0.7564875256520921,0.24351247434790788
0,0,NO_RUN,NO_RUN,0.8642644043083331,0.13573559569166696
0,0,NO_RUN,NO_RUN,0.7019762403803835,0.2980237596196164
0,0,NO_RUN,NO_RUN,0.801947937520851,0.198052062479149
0,0,NO_RUN,NO_RUN,0.6789917955165241,0.3210082044834759
0,0,NO_RUN,NO_RUN,0.5169447010335593,0.48305529896644067
0,0,NO_RUN,NO_RUN,0.9706266464533811,0.029373353546618807
0,0,NO_RUN,NO_RUN,0.9753152837444893,0.024684716255510716
0,0,NO_RUN,NO_RUN,0.7583833892106837,0.24161661078931632
0,0,NO_RUN,NO_RUN,0.6789486300034715,0.32105136999652845
1,0,RUN_SCORED,NO_RUN,0.6942454218517773,0.3057545781482227
0,0,NO_RUN,NO_RUN,0.9824299386012179,0.017570061398782196
1,0,RUN_SCORED,NO_RUN,0.7507482180330677,0.24925178196693235
0,0,NO_RUN,NO_RUN,0.8022011918493959,0.19779880815060413
1,0,RUN_SCORED,NO_RUN,0.8700006029899388,0.1299993970100613
0,0,NO_RUN,NO_RUN,0.7307475590646719,0.2692524409353281
0,1,NO_RUN,RUN_SCORED,0.2558555885019437,0.7441444114980563
0,0,NO_RUN,NO_RUN,0.7170968365168211,0.28290316348317884
0,0,NO_RUN,NO_RUN,0.7089169450876444,0.29108305491235564
0,0,NO_RUN,NO_RUN,0.9638975891691826,0.03610241083081744
0,0,NO_RUN,NO_RUN,0.9432044476859378,0.05679555231406221
1,0,RUN_SCORED,NO_RUN,0.5671579284939594,0.43284207150604065
1,1,RUN_SCORED,RUN_SCORED,0.32581203372639533,0.6741879662736047
0,0,NO_RUN,NO_RUN,0.613447754316014,0.38655224568398605
1,1,RUN_SCORED,RUN_SCORED,0.49732925536156747,0.5026707446384325
0,0,NO_RUN,NO_RUN,0.7097245918710164,0.2902754081289835
0,0,NO_RUN,NO_RUN,0.7135968240903534,0.2864031759096466
0,0,NO_RUN,NO_RUN,0.7004690214748501,0.2995309785251499
0,0,NO_RUN,NO_RUN,0.9230748055719007,0.07692519442809931
0,0,NO_RUN,NO_RUN,0.6166776009835815,0.38332239901641857
0,0,NO_RUN,NO_RUN,0.8962819356695576,0.10371806433044242
1,1,RUN_SCORED,RUN_SCORED,0.3937348094573755,0.6062651905426245
1,0,RUN_SCORED,NO_RUN,0.578407102221903,0.42159289777809705
0,1,NO_RUN,RUN_SCORED,0.4058880819007219,0.5941119180992781
1,1,RUN_SCORED,RUN_SCORED,0.22446393403295772,0.7755360659670423
0,0,NO_RUN,NO_RUN,0.8097783773766605,0.1902216226233395
1,0,RUN_SCORED,NO_RUN,0.7612979191510694,0.23870208084893063
0,0,NO_RUN,NO_RUN,0.9700669434793742,0.02993305652062578
1,0,RUN_SCORED,NO_RUN,0.6786400116649329,0.32135998833506707
1,0,RUN_SCORED,NO_RUN,0.9078051688622939,0.09219483113770616
0,0,NO_RUN,NO_RUN,0.5074767542074194,0.49252324579258056
1,0,RUN_SCORED,NO_RUN,0.8636359121111037,0.1363640878888963
0,0,NO_RUN,NO_RUN,0.576700295778017,0.4232997042219831
0,0,NO_RUN,NO_RUN,0.5368483592356579,0.4631516407643421
0,1,NO_RUN,RUN_SCORED,0.41614372740908534,0.5838562725909147
1,0,RUN_SCORED,NO_RUN,0.6853824702237186,0.31461752977628143
0,0,NO_RUN,NO_RUN,0.5702309343162656,0.4297690656837344
1,0,RUN_SCORED,NO_RUN,0.9844774303241612,0.015522569675838807
1,0,RUN_SCORED,NO_RUN,0.579224891688159,0.420775108311841
0,1,NO_RUN,RUN_SCORED,0.1829995243073549,0.8170004756926451
1,0,RUN_SCORED,NO_RUN,0.7194716607143301,0.2805283392856699
0,0,NO_RUN,NO_RUN,0.9423402879224012,0.05765971207759877
0,0,NO_RUN,NO_RUN,0.740939482862557,0.25906051713744305
0,0,NO_RUN,NO_RUN,0.5111465757492947,0.4888534242507053
0,0,NO_RUN,NO_RUN,0.6330497727497002,0.3669502272502998
0,0,NO_RUN,NO_RUN,0.9299099050833102,0.0700900949166898
0,0,NO_RUN,NO_RUN,0.9789736223899967,0.02102637761000326
0,0,NO_RUN,NO_RUN,0.5659796118651625,0.43402038813483745
1,1,RUN_SCORED,RUN_SCORED,0.4003290126005229,0.5996709873994771
1,0,RUN_SCORED,NO_RUN,0.6645263788803119,0.33547362111968815
1,0,RUN_SCORED,NO_RUN,0.579073132661228,0.4209268673387721
0,0,NO_RUN,NO_RUN,0.5866239276089396,0.4133760723910604
0,1,NO_RUN,RUN_SCORED,0.4438800867384801,0.5561199132615199
0,0,NO_RUN,NO_RUN,0.5821056832632552,0.41789431673674476
0,0,NO_RUN,NO_RUN,0.6214050897660055,0.3785949102339945
1,1,RUN_SCORED,RUN_SCORED,0.24777878130800568,0.7522212186919943
0,0,NO_RUN,NO_RUN,0.8330149870259139,0.16698501297408605
0,0,NO_RUN,NO_RUN,0.9950774710939682,0.004922528906031814
0,0,NO_RUN,NO_RUN,0.6608771731504186,0.33912282684958134
1,0,RUN_SCORED,NO_RUN,0.8178643919328513,0.18213560806714865
0,0,NO_RUN,NO_RUN,0.9865345752211709,0.013465424778829099
0,0,NO_RUN,NO_RUN,0.9963547957730507,0.0036452042269492163
0,0,NO_RUN,NO_RUN,0.8104230797629014,0.18957692023709863
1,0,RUN_SCORED,NO_RUN,0.8559435536779334,0.14405644632206657
1,0,RUN_SCORED,NO_RUN,0.7717345003555525,0.2282654996444476
0,0,NO_RUN,NO_RUN,0.8483342145385242,0.15166578546147585
0,0,NO_RUN,NO_RUN,0.9971440613473236,0.0028559386526763875
0,0,NO_RUN,NO_RUN,0.733866615192465,0.266133384807535
1,0,RUN_SCORED,NO_RUN,0.7506169496231099,0.24938305037689007
0,0,NO_RUN,NO_RUN,0.986209127794995,0.013790872205004951
0,0,NO_RUN,NO_RUN,0.558587571250688,0.44141242874931197
1,0,RUN_SCORED,NO_RUN,0.8879753532765924,0.11202464672340756
0,0,NO_RUN,NO_RUN,0.5577694492896705,0.44223055071032946
0,0,NO_RUN,NO_RUN,0.7322807483298144,0.2677192516701856
1,0,RUN_SCORED,NO_RUN,0.603592042336415,0.39640795766358505
0,0,NO_RUN,NO_RUN,0.7558974750175991,0.24410252498240087
0,0,NO_RUN,NO_RUN,0.5838534080264275,0.41614659197357246
0,0,NO_RUN,NO_RUN,0.6149334839864299,0.3850665160135701
1,0,RUN_SCORED,NO_RUN,0.6651655495550302,0.3348344504449699
1,0,RUN_SCORED,NO_RUN,0.873726712791074,0.12627328720892605
1,0,RUN_SCORED,NO_RUN,0.8173693046519838,0.1826306953480162
0,0,NO_RUN,NO_RUN,0.9899903838526314,0.010009616147368566
0,0,NO_RUN,NO_RUN,0.8919984628753508,0.10800153712464922
1,0,RUN_SCORED,NO_RUN,0.7469526949903191,0.2530473050096808
1,0,RUN_SCORED,NO_RUN,0.5886828630665855,0.4113171369334146
0,0,NO_RUN,NO_RUN,0.7604980450885761,0.23950195491142395
0,0,NO_RUN,NO_RUN,0.5020510117050336,0.4979489882949663
0,0,NO_RUN,NO_RUN,0.9919564482835429,0.008043551716457088
0,0,NO_RUN,NO_RUN,0.6709554747708155,0.3290445252291845
0,0,NO_RUN,NO_RUN,0.8936852397077305,0.10631476029226947
0,0,NO_RUN,NO_RUN,0.5740395524524811,0.42596044754751894
0,0,NO_RUN,NO_RUN,0.699793802169074,0.30020619783092595
1,0,RUN_SCORED,NO_RUN,0.6289145278755692,0.37108547212443077
0,0,NO_RUN,NO_RUN,0.8892050621773092,0.1107949378226908
0,1,NO_RUN,RUN_SCORED,0.37044156558180985,0.6295584344181901
0,1,NO_RUN,RUN_SCORED,0.3993105894728035,0.6006894105271965
0,0,NO_RUN,NO_RUN,0.9886838740629718,0.011316125937028248
0,0,NO_RUN,NO_RUN,0.7414380172398252,0.2585619827601749
1,1,RUN_SCORED,RUN_SCORED,0.3378416004562784,0.6621583995437216
0,0,NO_RUN,NO_RUN,0.7833309642186521,0.2166690357813479
0,0,NO_RUN,NO_RUN,0.9777171696513641,0.02228283034863583
1,0,RUN_SCORED,NO_RUN,0.709541791371108,0.290458208628892
0,0,NO_RUN,NO_RUN,0.9828963480936921,0.0171036519063079
0,1,NO_RUN,RUN_SCORED,0.29406363822938186,0.7059363617706181
0,1,NO_RUN,RUN_SCORED,0.40648003288881596,0.593519967111184
0,0,NO_RUN,NO_RUN,0.8286350577929843,0.1713649422070157
0,0,NO_RUN,NO_RUN,0.979568545108574,0.020431454891425994
0,0,NO_RUN,NO_RUN,0.8036345024887781,0.19636549751122187
0,0,NO_RUN,NO_RUN,0.7324290751421587,0.2675709248578413
1,0,RUN_SCORED,NO_RUN,0.7906076409061591,0.2093923590938409
1,0,RUN_SCORED,NO_RUN,0.9911300207994026,0.008869979200597351
0,0,NO_RUN,NO_RUN,0.604319734147887,0.39568026585211297
0,0,NO_RUN,NO_RUN,0.9638681640063486,0.03613183599365146
0,0,NO_RUN,NO_RUN,0.9839515713353499,0.016048428664650064
0,0,NO_RUN,NO_RUN,0.5933751840340815,0.4066248159659185
0,0,NO_RUN,NO_RUN,0.5094744616208037,0.4905255383791963
0,0,NO_RUN,NO_RUN,0.6516456779574733,0.3483543220425267
0,1,NO_RUN,RUN_SCORED,0.3729311412654114,0.6270688587345886
0,1,NO_RUN,RUN_SCORED,0.2961381955678457,0.7038618044321543
0,0,NO_RUN,NO_RUN,0.6231999893391691,0.3768000106608309
1,0,RUN_SCORED,NO_RUN,0.5038845654460578,0.49611543455394225
1,0,RUN_SCORED,NO_RUN,0.5725749496212393,0.42742505037876066
0,0,NO_RUN,NO_RUN,0.507337369791613,0.49266263020838696
1,0,RUN_SCORED,NO_RUN,0.5758815308151257,0.4241184691848743
0,0,NO_RUN,NO_RUN,0.7803583861382458,0.2196416138617542
1,0,RUN_SCORED,NO_RUN,0.63529154942352,0.36470845057648005
1,0,RUN_SCORED,NO_RUN,0.5458541787032969,0.45414582129670317
0,1,NO_RUN,RUN_SCORED,0.4796166956881761,0.5203833043118239
0,0,NO_RUN,NO_RUN,0.5020174326625059,0.49798256733749413
0,0,NO_RUN,NO_RUN,0.5610668847247244,0.43893311527527556
0,0,NO_RUN,NO_RUN,0.6876322474559492,0.3123677525440508
1,0,RUN_SCORED,NO_RUN,0.7883679602522773,0.21163203974772274
0,0,NO_RUN,NO_RUN,0.97026835218321,0.029731647816790045
1,0,RUN_SCORED,NO_RUN,0.5025989497828889,0.49740105021711106
0,1,NO_RUN,RUN_SCORED,0.43331608197320337,0.5666839180267966
0,0,NO_RUN,NO_RUN,0.600135158799758,0.399864841200242
0,0,NO_RUN,NO_RUN,0.6401303792912196,0.35986962070878037
0,0,NO_RUN,NO_RUN,0.9333921118075472,0.06660788819245278
0,0,NO_RUN,NO_RUN,0.9364605356471988,0.06353946435280126
0,1,NO_RUN,RUN_SCORED,0.48325012276028545,0.5167498772397146
0,0,NO_RUN,NO_RUN,0.5350668867029991,0.46493311329700093
0,0,NO_RUN,NO_RUN,0.9548271031005678,0.045172896899432165
0,0,NO_RUN,NO_RUN,0.6144976293831061,0.3855023706168939
1,1,RUN_SCORED,RUN_SCORED,0.41763081790504053,0.5823691820949595
0,0,NO_RUN,NO_RUN,0.9684915611591632,0.03150843884083674
0,1,NO_RUN,RUN_SCORED,0.4512697023119794,0.5487302976880206
0,1,NO_RUN,RUN_SCORED,0.41942248098250146,0.5805775190174985
0,1,NO_RUN,RUN_SCORED,0.3672240054291426,0.6327759945708574
0,0,NO_RUN,NO_RUN,0.8643669234848359,0.13563307651516415
0,0,NO_RUN,NO_RUN,0.7113954593459548,0.2886045406540451
0,0,NO_RUN,NO_RUN,0.5396920177165401,0.4603079822834599
0,1,NO_RUN,RUN_SCORED,0.4602581817223411,0.5397418182776589
0,0,NO_RUN,NO_RUN,0.9714453201055944,0.028554679894405646
0,0,NO_RUN,NO_RUN,0.9889946486425069,0.011005351357493151
0,1,NO_RUN,RUN_SCORED,0.383327122846124,0.616672877153876
0,0,NO_RUN,NO_RUN,0.8964142825596446,0.10358571744035534
0,0,NO_RUN,NO_RUN,0.9869881564808478,0.013011843519152149
0,0,NO_RUN,NO_RUN,0.9769761973987728,0.023023802601227154
0,0,NO_RUN,NO_RUN,0.8525751747715127,0.14742482522848735
0,0,NO_RUN,NO_RUN,0.8460944153996299,0.15390558460037004
0,1,NO_RUN,RUN_SCORED,0.12401678393126359,0.8759832160687364
0,0,NO_RUN,NO_RUN,0.7896739786691114,0.21032602133088865
1,1,RUN_SCORED,RUN_SCORED,0.10834328426545581,0.8916567157345442
1,0,RUN_SCORED,NO_RUN,0.822032465093635,0.17796753490636497
0,1,NO_RUN,RUN_SCORED,0.15304408151991933,0.8469559184800807
1,0,RUN_SCORED,NO_RUN,0.7238885246346085,0.2761114753653915
0,0,NO_RUN,NO_RUN,0.7100532174419597,0.2899467825580403
0,0,NO_RUN,NO_RUN,0.9162092023599196,0.08379079764008034
0,1,NO_RUN,RUN_SCORED,0.3095266150463424,0.6904733849536576
1,0,RUN_SCORED,NO_RUN,0.7129924849115319,0.28700751508846806
0,0,NO_RUN,NO_RUN,0.7610577553122174,0.23894224468778258
0,0,NO_RUN,NO_RUN,0.9955358346016666,0.004464165398333409
0,0,NO_RUN,NO_RUN,0.7589598683120805,0.24104013168791946
1,0,RUN_SCORED,NO_RUN,0.5466931602419067,0.45330683975809327
0,0,NO_RUN,NO_RUN,0.7755612082235642,0.22443879177643575
0,0,NO_RUN,NO_RUN,0.6902090547934168,0.3097909452065833
0,1,NO_RUN,RUN_SCORED,0.37808837401325723,0.6219116259867428
0,0,NO_RUN,NO_RUN,0.5577175793386657,0.44228242066133433
0,0,NO_RUN,NO_RUN,0.9130803479357534,0.08691965206424651
0,1,NO_RUN,RUN_SCORED,0.43266793589663743,0.5673320641033626
1,0,RUN_SCORED,NO_RUN,0.6037651147382918,0.39623488526170825
0,1,NO_RUN,RUN_SCORED,0.4423017531218576,0.5576982468781424
0,0,NO_RUN,NO_RUN,0.9758651948064333,0.02413480519356669
0,0,NO_RUN,NO_RUN,0.502701109394505,0.49729889060549504
0,1,NO_RUN,RUN_SCORED,0.4796804667859469,0.5203195332140531
0,0,NO_RUN,NO_RUN,0.9706729148964213,0.029327085103578725
1,1,RUN_SCORED,RUN_SCORED,0.3630680906940448,0.6369319093059552
0,1,NO_RUN,RUN_SCORED,0.3998878454078928,0.6001121545921072
0,1,NO_RUN,RUN_SCORED,0.3268224854018231,0.6731775145981769
0,1,NO_RUN,RUN_SCORED,0.47620489521181464,0.5237951047881854
0,1,NO_RUN,RUN_SCORED,0.30927678497112054,0.6907232150288795
0,0,NO_RUN,NO_RUN,0.8456873422026676,0.15431265779733236
0,0,NO_RUN,NO_RUN,0.9559520262782042,0.044047973721795836
1,0,RUN_SCORED,NO_RUN,0.9685394799881771,0.03146052001182288
1,0,RUN_SCORED,NO_RUN,0.9226209019137098,0.07737909808629014
1,1,RUN_SCORED,RUN_SCORED,0.3802198148199808,0.6197801851800192
0,0,NO_RUN,NO_RUN,0.5923360580548729,0.4076639419451272
0,0,NO_RUN,NO_RUN,0.7770983607826835,0.22290163921731654
0,0,NO_RUN,NO_RUN,0.9776984279429034,0.02230157205709661
0,1,NO_RUN,RUN_SCORED,0.3252240598526396,0.6747759401473604
0,0,NO_RUN,NO_RUN,0.502054337390486,0.49794566260951395
1,0,RUN_SCORED,NO_RUN,0.7267097983635811,0.2732902016364189
1,0,RUN_SCORED,NO_RUN,0.9197747811045918,0.08022521889540825
0,0,NO_RUN,NO_RUN,0.6822313085045748,0.31776869149542525
0,0,NO_RUN,NO_RUN,0.5716322935729872,0.4283677064270129
0,0,NO_RUN,NO_RUN,0.6547892278433398,0.34521077215666024
0,0,NO_RUN,NO_RUN,0.9806796859463845,0.01932031405361547
0,0,NO_RUN,NO_RUN,0.620702791809886,0.379297208190114
0,1,NO_RUN,RUN_SCORED,0.3903682692230067,0.6096317307769933
0,0,NO_RUN,NO_RUN,0.5178168076515077,0.4821831923484922
0,0,NO_RUN,NO_RUN,0.9660291985903726,0.033970801409627355
0,0,NO_RUN,NO_RUN,0.9827349877340082,0.017265012265991756
0,1,NO_RUN,RUN_SCORED,0.1865697422385909,0.8134302577614091
0,0,NO_RUN,NO_RUN,0.5082285222185816,0.49177147778141844
0,0,NO_RUN,NO_RUN,0.9043525512051811,0.09564744879481886
0,0,NO_RUN,NO_RUN,0.6292680498126908,0.37073195018730926
0,0,NO_RUN,NO_RUN,0.5888580521075331,0.4111419478924669
0,0,NO_RUN,NO_RUN,0.6537997194912726,0.3462002805087275
